recommendationid,author,language,review,timestamp_created,timestamp_updated,voted_up,votes_up,votes_funny,weighted_vote_score,comment_count,steam_purchase,received_for_free,written_during_early_access,primarily_steam_deck
208388993,"{'steamid': '76561199157995393', 'num_games_owned': 0, 'num_reviews': 1, 'playtime_forever': 5871, 'playtime_last_two_weeks': 0, 'playtime_at_review': 5871, 'last_played': 1740391019}",schinese,屎,1762261687,1762261687,False,0,0,0.5,0,False,False,False,False
208387949,"{'steamid': '76561198413739859', 'num_games_owned': 0, 'num_reviews': 7, 'playtime_forever': 21405, 'playtime_last_two_weeks': 194, 'playtime_at_review': 21246, 'last_played': 1762280550}",schinese,哟西，比酸角粥好,1762260598,1762260598,True,0,0,0.5,0,False,False,False,False
208387329,"{'steamid': '76561199123847481', 'num_games_owned': 0, 'num_reviews': 5, 'playtime_forever': 832, 'playtime_last_two_weeks': 54, 'playtime_at_review': 778, 'last_played': 1762287598}",english,fortnite better,1762259907,1762259907,False,0,0,0.460251063108444214,0,False,False,False,False
208387321,"{'steamid': '76561199798690871', 'num_games_owned': 0, 'num_reviews': 1, 'playtime_forever': 2269, 'playtime_last_two_weeks': 16, 'playtime_at_review': 2253, 'last_played': 1762260850}",koreana,굳,1762259898,1762259898,True,0,0,0.5,0,False,False,False,False
204213928,"{'steamid': '76561199029653223', 'num_games_owned': 111, 'num_reviews': 47, 'playtime_forever': 22484, 'playtime_last_two_weeks': 573, 'playtime_at_review': 22484, 'last_played': 1762193094}",english,"Suffer, as I have !",1757743916,1762258080,True,0,0,0.5,0,False,False,False,False
208385717,"{'steamid': '76561198422022486', 'num_games_owned': 109, 'num_reviews': 11, 'playtime_forever': 2139, 'playtime_last_two_weeks': 339, 'playtime_at_review': 2139, 'last_played': 1762255201}",schinese,匹配机制就是依托，安排你输就受着，侥幸碰到更唐的对手你也别想赢得太轻松,1762258055,1762258055,False,0,0,0.5,0,False,False,False,False
208385006,"{'steamid': '76561198312182130', 'num_games_owned': 24, 'num_reviews': 2, 'playtime_forever': 9232, 'playtime_last_two_weeks': 838, 'playtime_at_review': 9166, 'last_played': 1762274106}",english,"The matchmaking feels one-sided most of the time, it's painful. I wish I never played this game.",1762257123,1762257502,False,0,0,0.5,0,False,False,False,False
208385114,"{'steamid': '76561199153105979', 'num_games_owned': 0, 'num_reviews': 2, 'playtime_forever': 854, 'playtime_last_two_weeks': 819, 'playtime_at_review': 788, 'last_played': 1762261066}",english,I do't like is because is so many lost connet for for me,1762257261,1762257261,False,0,0,0.5,0,False,False,False,False
208385109,"{'steamid': '76561199560609966', 'num_games_owned': 0, 'num_reviews': 2, 'playtime_forever': 39, 'playtime_last_two_weeks': 0, 'playtime_at_review': 39, 'last_played': 1719933652}",english,stiop disconnecting me,1762257257,1762257257,False,0,0,0.5,0,True,False,False,False
203254498,"{'steamid': '76561198195500787', 'num_games_owned': 0, 'num_reviews': 1, 'playtime_forever': 14515, 'playtime_last_two_weeks': 700, 'playtime_at_review': 14356, 'last_played': 1762266279}",english,What is your server made of? Plastic materials?,1756647770,1762257207,False,0,0,0.5,0,False,False,False,False
208384154,"{'steamid': '76561198121244175', 'num_games_owned': 0, 'num_reviews': 2, 'playtime_forever': 12708, 'playtime_last_two_weeks': 955, 'playtime_at_review': 12698, 'last_played': 1762256670}",brazilian,Bob está fazendo alguma coisa,1762256035,1762256035,True,0,0,0.5,0,False,False,False,False
144112887,"{'steamid': '76561198347040924', 'num_games_owned': 91, 'num_reviews': 26, 'playtime_forever': 49733, 'playtime_last_two_weeks': 1794, 'playtime_at_review': 49590, 'last_played': 1762278572}",english,"Almost 1k hours, so I think I got a pretty decent gist about the game.

I think skins itself is alright - you can either purchase with Credits, which are rather easily obtainable, and Overwatch coins which you get from battlepass or money. The skins you get with credits are in my opinon, sufficient.

Servers could use some improvement - players disconnecting, servers shutting down, and sometimes you get slotted into a server region that isn't favorable. OW2 should consider adding a feature just like CS2, which allows maximum matchmaking ping. I've noticed players getting dc'd and servers shutting down less in comparison to a couple months ago, which is progress. 

Matchmaking can be a miss sometimes, the rank gap in the server can be HUGE, which I think is partly due to the number of active players queue'ing in competitive.

Additionally, they should really stop punishing players for getting dc'd. Instead of immediately shutting down servers when a player leaves early, please give them time to reconnect. This might be challenging because it especially affects payloads, so to counter this, players should be within spawn for a certain period of time before a player reconnects. Waiting for a player to reconnect seems like a reasonable choice than queue'ing for another match, which may take even longer. 

After putting some decent amount of hours in the game, it starts to get repetitive - the gamemodes, maps, etc. So, looking forward to some new maps and possibly, gamemodes in the future. 

Consolation and rank progression could be improved. ",1691949389,1762255148,True,0,0,0.545454561710357666,0,False,False,False,False
144310088,"{'steamid': '76561198197853507', 'num_games_owned': 147, 'num_reviews': 3, 'playtime_forever': 32124, 'playtime_last_two_weeks': 1384, 'playtime_at_review': 32025, 'last_played': 1762269768}",english,Welp i have over 3000 hours on the game and tbh i regret most of them. To be fair recently devs are actually listening to feedback but that doesnt change much. Give it another year and we'll see but for now id avoid. Still arguably the best hero shooter on the market atm cus fuck rivals,1692159894,1762255139,False,3,0,0.513115406036376953,0,False,False,False,False
145537568,"{'steamid': '76561198097601386', 'num_games_owned': 0, 'num_reviews': 9, 'playtime_forever': 50849, 'playtime_last_two_weeks': 1, 'playtime_at_review': 3842, 'last_played': 1761581881}",russian,"Иди воевать в ЧВК «Overwatch 2», хватит дрочить на зад Амели Лакруа",1693675423,1762254442,False,0,0,0.5,0,False,False,False,False
188261574,"{'steamid': '76561198807831935', 'num_games_owned': 0, 'num_reviews': 53, 'playtime_forever': 30274, 'playtime_last_two_weeks': 1353, 'playtime_at_review': 30237, 'last_played': 1762281540}",english,Reddit does not accurately represent your playerbase. Only a biased portion of it.,1739963167,1762251738,False,0,0,0.501154720783233643,0,False,False,False,False
153587266,"{'steamid': '76561198045044884', 'num_games_owned': 184, 'num_reviews': 12, 'playtime_forever': 24475, 'playtime_last_two_weeks': 591, 'playtime_at_review': 24475, 'last_played': 1762251102}",russian,"Ханзо, Гендзи и Маккри - Все приятели мои.",1702575252,1762251725,False,0,0,0.523809552192687988,1,False,False,False,False
208380459,"{'steamid': '76561197999821307', 'num_games_owned': 0, 'num_reviews': 86, 'playtime_forever': 66, 'playtime_last_two_weeks': 66, 'playtime_at_review': 66, 'last_played': 1762208623}",turkish,Eslk bir OW oyuncuyum. Fakat Overwatch 1 de bu denli problemle karşılamaşmadım. CPU kullanımı sürekli dalgalıyor ve akabinde spike yapıyor.  bu da ölümcül donmalara yol açıyor. Hele kulaklıklardaki dijital cızırdamaya tanık olduğumdan itibaren daha fazla dayanamayıp sildim. CPU ve ses senkronizasyonun olmaması ne demek lan?! LA AMK BLIZZ kaç senelik oyun niye hala bug lar devam ediyor?!,1762250738,1762263116,False,0,0,0.5,0,False,False,False,False
208379746,"{'steamid': '76561198846092979', 'num_games_owned': 112, 'num_reviews': 12, 'playtime_forever': 187355, 'playtime_last_two_weeks': 4302, 'playtime_at_review': 187062, 'last_played': 1762268945}",koreana,"좋아요
",1762249737,1762249737,True,0,0,0.5,0,False,False,False,False
208379578,"{'steamid': '76561199829546304', 'num_games_owned': 0, 'num_reviews': 2, 'playtime_forever': 1500, 'playtime_last_two_weeks': 1500, 'playtime_at_review': 1500, 'last_played': 1762203643}",french,h,1762249511,1762249511,True,0,0,0.476190477609634399,0,False,False,False,False
208376938,"{'steamid': '76561199551615714', 'num_games_owned': 0, 'num_reviews': 2, 'playtime_forever': 17871, 'playtime_last_two_weeks': 668, 'playtime_at_review': 17818, 'last_played': 1762248773}",russian,cocalovka,1762245612,1762245612,True,0,0,0.5,0,False,False,False,False
208376881,"{'steamid': '76561199204877885', 'num_games_owned': 63, 'num_reviews': 4, 'playtime_forever': 6664, 'playtime_last_two_weeks': 1397, 'playtime_at_review': 6456, 'last_played': 1762257683}",schinese,策划这个臭鸡巴死猪先把父母杀了再做的elo,1762245530,1762245530,False,0,1,0.5,0,False,False,False,False
208375064,"{'steamid': '76561198017233365', 'num_games_owned': 170, 'num_reviews': 20, 'playtime_forever': 29763, 'playtime_last_two_weeks': 0, 'playtime_at_review': 29763, 'last_played': 1760784793}",english,"Over hated free game. Fun, but will get stale as multiplayer games do.",1762242640,1762242640,True,0,0,0.5,0,False,False,False,False
208373844,"{'steamid': '76561199209404385', 'num_games_owned': 0, 'num_reviews': 9, 'playtime_forever': 4211, 'playtime_last_two_weeks': 3479, 'playtime_at_review': 4089, 'last_played': 1762247911}",english,this game clears rivals. stop playing rivals. ramattra isnt in rivals.,1762240635,1762240635,True,0,0,0.471869319677352905,0,False,False,False,False
208373478,"{'steamid': '76561199524243324', 'num_games_owned': 0, 'num_reviews': 1, 'playtime_forever': 28486, 'playtime_last_two_weeks': 2257, 'playtime_at_review': 28486, 'last_played': 1762239903}",thai,"เกมหมาตลอดกาล เล่นตำแหน่งไหนดีแค่ไหนก็จะเจออีกตำแหน่งถ่วงทีมตลอด
แล้วเวลาสุ่มในแรงค์เจอคนออกเกมทุกตา ไม่เข้าใจว่าระบบสุ่มมันสุ่มยังไง",1762240000,1762240000,False,0,0,0.5,0,False,False,False,False
186527803,"{'steamid': '76561197987456578', 'num_games_owned': 913, 'num_reviews': 36, 'playtime_forever': 72184, 'playtime_last_two_weeks': 1694, 'playtime_at_review': 72165, 'last_played': 1762254720}",english,"I don't really know what I can say that hasn't been said before, but I feel like I need to leave a thumbs up for my favorite and most played game of all time to counterbalance the review bombing since launch. It's also made tons of improvements since then. Of course there a lot of gripes and love/hate frustrations a lot of longtime fans have with the game but let's face it, it's competitors are a cheap imitation and not nearly as polished or fine crafted with the same level of care.",1737979856,1762238825,True,2,0,0.536679506301879883,1,False,False,False,False
192657252,"{'steamid': '76561198976518750', 'num_games_owned': 0, 'num_reviews': 1, 'playtime_forever': 9, 'playtime_last_two_weeks': 0, 'playtime_at_review': 9, 'last_played': 1744547252}",english,Account connecting was bad,1744547310,1762238546,False,0,0,0.5,0,False,False,False,False
162703420,"{'steamid': '76561198213804873', 'num_games_owned': 0, 'num_reviews': 10, 'playtime_forever': 4594, 'playtime_last_two_weeks': 68, 'playtime_at_review': 4565, 'last_played': 1762239963}",english,dropping frames,1712895721,1762237722,False,1,1,0.5,0,False,False,False,False
208372143,"{'steamid': '76561198429228010', 'num_games_owned': 80, 'num_reviews': 2, 'playtime_forever': 1728, 'playtime_last_two_weeks': 130, 'playtime_at_review': 1728, 'last_played': 1762237651}",english,worst of the worst kinda people play ts,1762237707,1762237707,False,3,0,0.549393415451049805,0,False,False,False,False
208371652,"{'steamid': '76561198233874340', 'num_games_owned': 56, 'num_reviews': 1, 'playtime_forever': 21, 'playtime_last_two_weeks': 21, 'playtime_at_review': 21, 'last_played': 1762236149}",schinese,傻逼战网,1762236887,1762236887,False,0,0,0.5,0,False,False,False,False
175890428,"{'steamid': '76561199188872370', 'num_games_owned': 0, 'num_reviews': 2, 'playtime_forever': 46508, 'playtime_last_two_weeks': 1440, 'playtime_at_review': 46508, 'last_played': 1762236298}",schinese,"游戏本身美术、设计、技能无敌
但是ELO
但凡想要上分你就得吃屎
纯娱乐非常推荐",1727457512,1762236655,False,1,1,0.5,0,False,False,False,False
185488874,"{'steamid': '76561199239374627', 'num_games_owned': 48, 'num_reviews': 6, 'playtime_forever': 28127, 'playtime_last_two_weeks': 273, 'playtime_at_review': 28127, 'last_played': 1762220988}",english,it's a whole can of worms....,1736740099,1762235186,False,1,0,0.523809552192687988,1,False,False,False,False
150818754,"{'steamid': '76561198883884752', 'num_games_owned': 162, 'num_reviews': 19, 'playtime_forever': 707, 'playtime_last_two_weeks': 304, 'playtime_at_review': 707, 'last_played': 1762231489}",english,"Filled with pedophiles, and not the good kind. Average player is subhuman with an iq of less then a dead rotten garloid. RYTD every overwatch player",1700623223,1762231636,False,0,0,0.46318286657333374,0,False,False,False,False
208367829,"{'steamid': '76561198122140945', 'num_games_owned': 0, 'num_reviews': 1, 'playtime_forever': 226, 'playtime_last_two_weeks': 226, 'playtime_at_review': 209, 'last_played': 1762231613}",english,"Needs more feet, games end in defeat.",1762230689,1762230689,False,0,2,0.5,0,False,False,False,False
208367727,"{'steamid': '76561198856538246', 'num_games_owned': 127, 'num_reviews': 4, 'playtime_forever': 3356, 'playtime_last_two_weeks': 147, 'playtime_at_review': 3356, 'last_played': 1762230411}",english,Zarya is still in the game,1762230503,1762230503,False,3,1,0.526557981967926025,0,False,False,False,False
149740190,"{'steamid': '76561198157426580', 'num_games_owned': 7, 'num_reviews': 3, 'playtime_forever': 4673, 'playtime_last_two_weeks': 0, 'playtime_at_review': 4673, 'last_played': 1751867006}",english,me tm8s r so bed!!!! i ply rod hog but when i go in teh push my stupid heelers do nut heel me!!! canot win game with stuped teemate,1699414719,1762230493,False,1,0,0.511627912521362305,0,False,False,False,False
208367231,"{'steamid': '76561198841331911', 'num_games_owned': 84, 'num_reviews': 21, 'playtime_forever': 2264, 'playtime_last_two_weeks': 1540, 'playtime_at_review': 2230, 'last_played': 1762232157}",tchinese,隊友都跟口香糖一樣，鬥技場一場換了快10個人，中離懲罰不痛不癢，官方都不管是不是?,1762229713,1762229713,False,0,0,0.5,0,False,False,False,False
146566355,"{'steamid': '76561197993253708', 'num_games_owned': 0, 'num_reviews': 7, 'playtime_forever': 26278, 'playtime_last_two_weeks': 1936, 'playtime_at_review': 26278, 'last_played': 1762194488}",english,"i got suspended because i had to leave a game cause my controller died. i even apologized to the game.

im finished with this game. blizzard can suck my DICK

off to marvel rivals",1695088145,1762229581,False,5,1,0.562252342700958252,0,False,False,False,False
208366289,"{'steamid': '76561198379094411', 'num_games_owned': 24, 'num_reviews': 3, 'playtime_forever': 148, 'playtime_last_two_weeks': 0, 'playtime_at_review': 148, 'last_played': 1758598528}",brazilian,"zika
",1762228354,1762228354,True,0,0,0.5,0,False,False,False,False
208365784,"{'steamid': '76561199496275844', 'num_games_owned': 27, 'num_reviews': 2, 'playtime_forever': 13168, 'playtime_last_two_weeks': 374, 'playtime_at_review': 13127, 'last_played': 1762230854}",english,not enough venture,1762227648,1762227648,False,0,0,0.47826087474822998,0,False,False,False,False
208365652,"{'steamid': '76561199099831190', 'num_games_owned': 0, 'num_reviews': 5, 'playtime_forever': 7, 'playtime_last_two_weeks': 7, 'playtime_at_review': 7, 'last_played': 1762227391}",english,You need a paid phone number for a battle net account to even get into the game.. Please just let me play,1762227459,1762227459,False,1,0,0.504761874675750732,0,False,False,False,False
208365441,"{'steamid': '76561199574672736', 'num_games_owned': 0, 'num_reviews': 1, 'playtime_forever': 7747, 'playtime_last_two_weeks': 585, 'playtime_at_review': 7747, 'last_played': 1762209066}",english,pharah,1762227134,1762227134,True,1,0,0.5,0,False,False,False,False
208364990,"{'steamid': '76561198225183700', 'num_games_owned': 0, 'num_reviews': 11, 'playtime_forever': 1364, 'playtime_last_two_weeks': 0, 'playtime_at_review': 1364, 'last_played': 1700824277}",english,"Blizzard games are shameless, fuck you! I hope your game company dies soon, you're hypocritical!",1762226508,1762226508,False,1,0,0.504761874675750732,0,False,False,False,False
208364457,"{'steamid': '76561199111424035', 'num_games_owned': 0, 'num_reviews': 1, 'playtime_forever': 30049, 'playtime_last_two_weeks': 447, 'playtime_at_review': 30049, 'last_played': 1762225683}",english,yes,1762225832,1762225832,True,1,0,0.523809552192687988,0,False,False,False,False
208145694,"{'steamid': '76561198041380648', 'num_games_owned': 0, 'num_reviews': 46, 'playtime_forever': 872, 'playtime_last_two_weeks': 870, 'playtime_at_review': 872, 'last_played': 1762017084}",english,"Jogo desde Overwatch 1 e desde que venderam a Blizzard e se tornou o Overwatch 2, o jogo e a Blizzard foram pra cucuia, é insalubre, desrespeitosa, rouba os clientes, trata os jogadores como lixo... mente, engana, forja conteúdo, lança coisas feias demais e cobram o preço de um jogo AAA por essas coisas (como pingente de arma que custa dinheiro de verdade e ainda é feio e inútil). Blizzard é a sombra do cocô pisado do que já foi um dia! Creio que não vá durar muito mais se continuar caminhando pelo vale das sombras que anda trilhando como futuro!! Vai virar uma Sega da vida! Nasceu como uma Indie e hoje se tornou uma vilã na própria história! 
Overwatch 1 custava R$ 70,00, era divertido, tinha problemas, mas era muito bom, rodava até em calculadora de energia solar! Mas quando prometeram o 2 ... tudo foi por água abaixo... problemas técnicos, conteúdo removido, mapas que sumiram, mapas novos que ninguém gosta, e parecem mais simulador de caminhada do que FPS, modificaram heróis e habilidades, retiraram as loot boxes que te davam chance de ganhar skins e demorou mais de um ano e meio para perceberem que foi um erro e voltarem com elas... enquanto isso, adicionaram coisas novas que ninguém pediu e para cada coisa boa que veio, tinha umas 5 ou mais bem ruins para atravancar os caminhos dos jogadores. É como se a Blizzard não quisesse mais ganhar dinheiro! Ela prefere vender para 10 pessoas um pacote de skins de 600 reais (é isso mesmo, vinham 5 skins e geralmente só uma ou duas que o jogador realmente queria),  do que vender para 10 mil jogadores cada skin por 20 reais! EM UM JOGO QUE VOCÊ NÃO VÊ A SKIN (é FIRST PERSON SHOOTER, você só vê a skin de vez em quando e se jogar direito)! Garanto que se fosse mais barato cada skin, ia chover venda, mas pedir de R$100 a R$600 por skin é piada, é chamar o jogador de otário igual a Balenciaga chama os clientes e compradores dela de trouxas ao lançar uma cueca rasgada e um tennis sujo por valor de carro usado da década de 90! É o mesmo princípio! Parece um teste social para ver o quão caro podem cobrar pelo pior serviço e produto possível! Overwatch 2 parece um teste do quanto uma geração que se ofende até pelo café da manhã pode ser usada!  Estão tirando leite de pedra e achando esse lucro satisfatório, mas poderiam estar construindo castelos enormes com as pedras de lucro se fizessem o que se propõem com respeito e dignidade! 
Também colocaram um sistema de IA para matchmaking e gerenciamento de denúncias que bani tudo, menos quem usa cheat de verdade, quem não cumpre a função, quem xinga de graça (mas ouse se defender pra ver se não toma um ban para sempre) e desde que essa ""excelente e eficiente""  IA (é sarcasmo, a IA de gerenciamento de denúncias e de matchmaking é a pior parte do jogo) de verificação de reports tomou posse do sistema eu já fui banido até por me referir ao Winston (um gorila) como ""macaco""! Me chamaram de tóxico, enquanto a pessoa que me chamava de tóxico me mandava tomar em lugares que não batem sol (mas isso não tem problema, falar GG no chat é banível, xingar a mãe não é);
Fui banido uma segunda vez enquanto estava banido... por usar o chat de forma tóxica, ENQUANTO ESTAVA BANIDO! Só se usei com a bunda!
Fui banido novamente agora permanentemente por usar o chat de forma tóxica ontem, sendo que estou com o chat desligado há pelo menos um ano, desde o segundo ban que tomei por ""toxicidade""! Claro que já xinguei no chat, mas geralmente é contra quem me xinga primeiro, agora tomar ban por chat tóxico com o chat DESLIGADO?!?!?! Palmas para  Blizzard! Se tudo isso não fosse ruim o suficiente, o battlenet te quita do jogo de 3 a 10 vezes por dia! TODOS OS DIAS! Nem mesmo linkando a conta com a Steam te livra deste problema. Vai falir se continuar assim! O jogo que me ensinou a ser tóxico agora cobra que não seja mais tóxico, no entanto, o que o jogo considera errado é: ABSOLUTAMENTE QUALQUER COISA! Tem gente que foi banida por falar GG, por pedir cura, por falar Feliz Natal no chat! Tem times que se juntam propositalmente para dar report em grupo em alguém só porque sim, quanto à isso a blizzard não faz nada. Mas pede cura no chat pra ver se não toma uma trolha de ban permanente! Não recomendo o jogo nem sendo de graça! Quem trata o cliente e usuário como algo substituível não merece o seu tempo e dedicação. Por mais que eu gostasse de Overwatch, não recomendo, não voltarei e tenho certeza que os outros mais de 200 mil reviews negativos também não! Mas se mentem que tem 20 milhões de jogadores ativos atualmente, não devem precisar da gente! 
RIP OVERWATCH!",1762014264,1762225820,False,0,1,0.5,1,False,False,False,False
208364267,"{'steamid': '76561198400482875', 'num_games_owned': 60, 'num_reviews': 10, 'playtime_forever': 3398, 'playtime_last_two_weeks': 344, 'playtime_at_review': 3054, 'last_played': 1762259051}",koreana,"짧평 ☞ 오버워치 1 유저 모두를 배신하고 우롱한 너. ""즐겜""이 없어진.. 분노조절장애+멍청이손가락 유저로 가득한 모든 게임들.

긴평 ☞ 차피 무료게임이라 찍먹하기 쉽지만 현재 이 곳은 뉴비를 환영하기는 개뿔 지들끼리 물어뜯고 탓하고 정치하고 '킬 수'와 '승리'에 집착하는 광대로 가득한 구멍난 보트. 게임성은 둘째치고 부지런히 탭(TAB)누르며 정치 방어/공격할 기회만 노리다 게임 망치는 괴인 때문에 이 게임은 반드시 투표-서렌 / 투표-추방 기능이 필요하다. 패치해라 블리자드...",1762225573,1762225573,False,0,0,0.5,0,False,False,False,False
208364020,"{'steamid': '76561198877733845', 'num_games_owned': 0, 'num_reviews': 2, 'playtime_forever': 3241, 'playtime_last_two_weeks': 1467, 'playtime_at_review': 3193, 'last_played': 1762280530}",english,i Like it,1762225217,1762225217,True,0,0,0.5,0,True,False,False,False
208363875,"{'steamid': '76561198330892269', 'num_games_owned': 0, 'num_reviews': 1, 'playtime_forever': 6771, 'playtime_last_two_weeks': 87, 'playtime_at_review': 6771, 'last_played': 1761781547}",schinese,ssvgg😀ssvgg😀ssvgg😀ssvgg😀ssvgg😀ssvgg😀ssvgg😀ssvgg😀ssvgg😀ssvgg😀ssvgg😀ssvgg😀ssvgg😀ssvgg😀ssvgg😀ssvgg😀ssvgg😀ssvgg😀ssvgg😀ssvgg😀ssvgg😀ssvgg😀ssvgg😀ssvgg😀ssvgg😀ssvgg😀ssvgg😀ssvgg😀ssvgg😀ssvgg😀ssvgg😀ssvgg😀ssvgg😀ssvgg😀ssvgg😀ssvgg😀ssvgg😀ssvgg😀ssvgg😀ssvgg😀ssvgg😀ssvgg😀ssvgg😀ssvgg😀ssvgg😀ssvgg😀ssvgg😀ssvgg😀ssvgg😀ssvgg😀ssvgg😀ssvgg😀ssvgg😀ssvgg😀ssvgg😀ssvgg😀ssvgg😀ssvgg😀ssvgg😀ssvgg😀ssvgg😀ssvgg😀ssvgg😀ssvgg😀ssvgg😀ssvgg😀ssvgg😀ssvgg😀ssvgg😀ssvgg😀ssvgg😀ssvgg😀ssvgg😀ssvgg😀ssvgg😀ssvgg😀ssvgg😀ssvgg😀ssvgg😀ssvgg😀ssvgg😀ssvgg😀ssvgg😀ssvgg😀ssvgg😀ssvgg😀,1762225016,1762225016,False,0,0,0.5,0,False,False,False,False
167978188,"{'steamid': '76561198261625288', 'num_games_owned': 0, 'num_reviews': 4, 'playtime_forever': 95818, 'playtime_last_two_weeks': 876, 'playtime_at_review': 95519, 'last_played': 1762265602}",english,"TLDR: I took a crap and it came out in the shape of the overwatch symbol, I guess they call it no. 2 for a reason.

Good looking art and design.
Game mechanics feel smooth and refined.
Fun, competitive and sometimes hair loss triggering team play.
Very poor support staff who get paid to deny you help.
Addicting game.",1719119622,1762224843,False,0,0,0.538922131061553955,0,False,False,False,False
208363748,"{'steamid': '76561198066297213', 'num_games_owned': 0, 'num_reviews': 88, 'playtime_forever': 544, 'playtime_last_two_weeks': 0, 'playtime_at_review': 544, 'last_played': 1747869359}",english,I still enjoy it.,1762224829,1762224829,True,0,0,0.5,0,False,False,False,False
208363694,"{'steamid': '76561198196612491', 'num_games_owned': 11, 'num_reviews': 4, 'playtime_forever': 187, 'playtime_last_two_weeks': 26, 'playtime_at_review': 185, 'last_played': 1762224888}",english,"Loved the first one,, this one is is just like it (same creators obv) however adds more characters with a variety of ultimate moves.",1762224748,1762224748,True,0,0,0.5,0,False,False,False,False
179236750,"{'steamid': '76561198831576558', 'num_games_owned': 0, 'num_reviews': 10, 'playtime_forever': 560, 'playtime_last_two_weeks': 0, 'playtime_at_review': 560, 'last_played': 1732218015}",turkish,Keşke 2.si çıkmasaydı..,1731853661,1762224451,False,0,0,0.5,0,False,False,False,False
208363032,"{'steamid': '76561198001862598', 'num_games_owned': 0, 'num_reviews': 5, 'playtime_forever': 436, 'playtime_last_two_weeks': 92, 'playtime_at_review': 346, 'last_played': 1762229602}",english,no,1762223874,1762223874,False,1,0,0.523809552192687988,0,False,False,False,False
208362858,"{'steamid': '76561199549784104', 'num_games_owned': 0, 'num_reviews': 4, 'playtime_forever': 46546, 'playtime_last_two_weeks': 109, 'playtime_at_review': 46438, 'last_played': 1762287813}",spanish,"ya we, like",1762223616,1762223616,True,0,0,0.5,0,False,False,False,False
208362789,"{'steamid': '76561199810214258', 'num_games_owned': 46, 'num_reviews': 8, 'playtime_forever': 10070, 'playtime_last_two_weeks': 1691, 'playtime_at_review': 9969, 'last_played': 1762286846}",english,"I understand a lot of the frustration that people have for this game. Teammates can be very frustrating at times and the launch of the game was rough for a lot of people along with bad monetization and broken promises. I agree with all of those, yet I'd be lying if I said I did not enjoy this game. The story/characters alone have so much to offer and I love hero shooters where I can fit myself into a role and then a character that suits me. Overwatch can be rough at times but I believe if we continue to voice our frustrations and offer genuine solutions to the issues we have, we can make this game reminiscent to the game that got game of the year all those years ago.",1762223511,1762223511,True,1,0,0.5,0,False,False,False,False
159017664,"{'steamid': '76561198055341040', 'num_games_owned': 400, 'num_reviews': 46, 'playtime_forever': 9434, 'playtime_last_two_weeks': 107, 'playtime_at_review': 9434, 'last_played': 1762130819}",spanish,"Esta vivo, pero juegan los mismos cincos peruanos-chilenos en 20 cuentas distintas.",1708650777,1762223299,True,0,0,0.476190477609634399,0,False,False,False,False
208362108,"{'steamid': '76561198859913240', 'num_games_owned': 0, 'num_reviews': 2, 'playtime_forever': 56776, 'playtime_last_two_weeks': 1170, 'playtime_at_review': 56565, 'last_played': 1762251715}",english,marvel rivals is cooler,1762222600,1762222600,False,1,0,0.523809552192687988,0,False,False,False,False
207926461,"{'steamid': '76561199225705389', 'num_games_owned': 0, 'num_reviews': 2, 'playtime_forever': 5073, 'playtime_last_two_weeks': 2589, 'playtime_at_review': 5073, 'last_played': 1762219114}",english,"this is the only game that gets on my nerves enough for me to actually make a review. i downloaded the game about a week or two ago without playing it since overwatch two came out and i deleted it first game on. 
I have redownloaded the game and spent 80 hours playing all three roles in quick play because i'm playing with my friend on Playstation. My problem with the game are blatant obvious metas that blizzard has never really done nothing about and the fact that i got the game two weeks ago and consistently have gotten into games with bottom 500 and top 250 players in quickplay. I HAVE PLAYED THE GAME FOR TWO WEEKS WHY AM I GOING AGAINST BOTTOM 500 players. so yeah the fact that Skilled based matchmaking is a myth and a campfire story and that blizzard wont fix up some heroes is pretty bad and enough of a reason for me to not play this game again especially when i'm just trying to hop on the game for fun with a friend.
EDIT: it has now been 2.5 weeks and instead of going against bottom 500s and losing i've apparently gotten better and am now going against grandmasters in quickplay, I think this game is giving me a concoction of aids and spreading terminal tumors",1761792070,1762222338,False,0,0,0.5,0,False,True,False,False
208361885,"{'steamid': '76561198875237324', 'num_games_owned': 0, 'num_reviews': 4, 'playtime_forever': 695, 'playtime_last_two_weeks': 589, 'playtime_at_review': 621, 'last_played': 1762285967}",english,fun game played when i was on ps4,1762222327,1762222327,True,0,0,0.5,0,False,False,False,False
208361432,"{'steamid': '76561198071085805', 'num_games_owned': 139, 'num_reviews': 12, 'playtime_forever': 43804, 'playtime_last_two_weeks': 928, 'playtime_at_review': 43659, 'last_played': 1762233332}",english,holy shit this game sucks,1762221718,1762221718,False,0,0,0.5,0,False,False,False,False
197010685,"{'steamid': '76561198007491375', 'num_games_owned': 0, 'num_reviews': 2, 'playtime_forever': 14981, 'playtime_last_two_weeks': 2479, 'playtime_at_review': 14981, 'last_played': 1761599266}",japanese,とてもつまらないゲームです。,1749692716,1762221161,False,0,0,0.5,0,False,False,False,False
193359734,"{'steamid': '76561199511167524', 'num_games_owned': 62, 'num_reviews': 7, 'playtime_forever': 14617, 'playtime_last_two_weeks': 1209, 'playtime_at_review': 14552, 'last_played': 1762283697}",english,yeah nah,1745350925,1762220046,False,0,0,0.5,0,False,False,False,False
208360009,"{'steamid': '76561198967267545', 'num_games_owned': 21, 'num_reviews': 16, 'playtime_forever': 1199, 'playtime_last_two_weeks': 863, 'playtime_at_review': 958, 'last_played': 1762234255}",english,the tank with the feet  is pretty cool,1762219849,1762219849,False,0,0,0.5,0,False,True,False,False
208359672,"{'steamid': '76561199860918082', 'num_games_owned': 0, 'num_reviews': 1, 'playtime_forever': 691, 'playtime_last_two_weeks': 620, 'playtime_at_review': 529, 'last_played': 1762236097}",latam,10/10   :),1762219452,1762219452,True,0,0,0.5,0,False,False,False,False
208359663,"{'steamid': '76561199102189495', 'num_games_owned': 0, 'num_reviews': 1, 'playtime_forever': 385, 'playtime_last_two_weeks': 17, 'playtime_at_review': 372, 'last_played': 1762220215}",english,"vaya mierda
",1762219439,1762219439,False,0,0,0.5,0,False,False,False,False
208359661,"{'steamid': '76561198045698158', 'num_games_owned': 63, 'num_reviews': 8, 'playtime_forever': 2272, 'playtime_last_two_weeks': 2272, 'playtime_at_review': 2260, 'last_played': 1762221865}",german,would play it if you would not be forced to play in first person view. i am not a pro player i dont want to know every corner of the map just to not get stuck on some random tree....,1762219435,1762219435,False,0,0,0.5,0,False,False,False,False
208358911,"{'steamid': '76561199544089875', 'num_games_owned': 5, 'num_reviews': 1, 'playtime_forever': 22, 'playtime_last_two_weeks': 22, 'playtime_at_review': 22, 'last_played': 1762218347}",spanish,puta mierda,1762218399,1762218399,False,0,0,0.5,0,False,False,False,False
208358461,"{'steamid': '76561199229024050', 'num_games_owned': 0, 'num_reviews': 2, 'playtime_forever': 707, 'playtime_last_two_weeks': 707, 'playtime_at_review': 612, 'last_played': 1762228232}",english,no,1762217821,1762217821,False,0,0,0.5,0,False,False,False,False
208358390,"{'steamid': '76561198276887395', 'num_games_owned': 14, 'num_reviews': 5, 'playtime_forever': 1155, 'playtime_last_two_weeks': 1155, 'playtime_at_review': 1155, 'last_played': 1762199135}",english,"banned me twice for no reasom
goodbye",1762217730,1762217730,False,0,1,0.476190477609634399,0,False,False,False,False
208357180,"{'steamid': '76561198302988631', 'num_games_owned': 141, 'num_reviews': 8, 'playtime_forever': 11260, 'playtime_last_two_weeks': 330, 'playtime_at_review': 11179, 'last_played': 1762221022}",english,still fun in 2025,1762216265,1762216265,True,0,0,0.5,0,False,False,False,False
208357157,"{'steamid': '76561199246387314', 'num_games_owned': 294, 'num_reviews': 56, 'playtime_forever': 1574, 'playtime_last_two_weeks': 0, 'playtime_at_review': 1574, 'last_played': 1732722906}",english,Play Marvel Rivals venom can shake his ass not enough male fan service for my friend. :),1762216237,1762216237,False,0,1,0.476190477609634399,0,False,False,False,False
208356530,"{'steamid': '76561199021689310', 'num_games_owned': 0, 'num_reviews': 5, 'playtime_forever': 2388, 'playtime_last_two_weeks': 970, 'playtime_at_review': 2388, 'last_played': 1762186550}",turkish,Oynasanıza la oyunu adam bulmuyo,1762215468,1762215468,True,0,0,0.5,0,False,False,False,False
208356323,"{'steamid': '76561199056660285', 'num_games_owned': 0, 'num_reviews': 22, 'playtime_forever': 41840, 'playtime_last_two_weeks': 1521, 'playtime_at_review': 41808, 'last_played': 1762277764}",brazilian,"Prós:
- Mecanicamente o jogo é muito legal tem bonecos para todo tipo de estilo de jogo
- várias skins fera
- mapas muito bons
- O rolê das lootboxes não é ruim
Contras:
- O servidor é um completo lixo, aonde já se viu vc estar jogando e estar utilizando outros ferramentas q tbm dependam de conexão como youtube, discord e etc e SOMENTE o jogo cai, vc não ter um lag, sua voz não robotizar um segundo no discord ou seu player no youtube não travar por um segundo.
- O modo principal é um erro completo, tudo gira em torno do tank estar vivo ou não. Coloca 6 bonecos de uma vez sem toda esse proteção de headshot q tem no 5x5.
- A blizzard só quer saber de lançar modos de jogo que deixam de existir daqui um mês
- A fila é lenta em qualquer elo do competitivo. Deveriam tirar essa ideia maluca de vc ter um ranking para cada função e só escolher a classe q vc vai jogar na seleção de agente

Resumidamente o jogo tem muito forte um dos pontos principais, q é ele ser divertido mecanicamente, mas fora isso a blizzard deveria rever muito bem alguns pontos, principalmente a questão do competitivo e sua fila, para jogar mais para frente a iminente morte desse jogo pessimamente mal administrado",1762215216,1762215216,False,0,0,0.5,0,False,False,False,False
208355323,"{'steamid': '76561199482802081', 'num_games_owned': 0, 'num_reviews': 1, 'playtime_forever': 15112, 'playtime_last_two_weeks': 56, 'playtime_at_review': 15112, 'last_played': 1761610574}",english,bad,1762214015,1762214015,False,0,0,0.5,0,False,False,False,False
208355275,"{'steamid': '76561198879711748', 'num_games_owned': 0, 'num_reviews': 5, 'playtime_forever': 1964, 'playtime_last_two_weeks': 604, 'playtime_at_review': 1964, 'last_played': 1761921766}",english,Don't do it to yourself. You're better than this.,1762213963,1762213963,False,1,0,0.523809552192687988,0,False,False,False,False
208355119,"{'steamid': '76561199262047166', 'num_games_owned': 0, 'num_reviews': 4, 'playtime_forever': 4321, 'playtime_last_two_weeks': 1251, 'playtime_at_review': 4308, 'last_played': 1762214490}",spanish,Goty,1762213785,1762213785,True,0,0,0.5,0,False,False,False,False
208354636,"{'steamid': '76561199097007776', 'num_games_owned': 120, 'num_reviews': 6, 'playtime_forever': 7587, 'playtime_last_two_weeks': 0, 'playtime_at_review': 7587, 'last_played': 1759602767}",russian,Не знаю почему все хейтят Овер мне он нравился что старый что сейчас только что вот прям данатом стало очень много(скинов именно) а так хороший командый Хиро шутер там найдешь себе меня любого как я готовый несётся с молотом и летом на перевес или как некоторые выберают путь по сложней гензи с его катаной это ваше в правильных руках это месарубра короче как для меня то Овер игра хорошая советую всем толь играйте с друзьями а то одному очень быстро надоест,1762213195,1762213195,True,0,0,0.5,0,False,False,False,False
208354185,"{'steamid': '76561198843917947', 'num_games_owned': 23, 'num_reviews': 12, 'playtime_forever': 1958, 'playtime_last_two_weeks': 317, 'playtime_at_review': 1943, 'last_played': 1762213151}",english,dont play i am forced to write this,1762212676,1762212676,True,1,1,0.513888895511627197,0,False,False,False,False
208354161,"{'steamid': '76561199134836726', 'num_games_owned': 0, 'num_reviews': 5, 'playtime_forever': 36550, 'playtime_last_two_weeks': 0, 'playtime_at_review': 36550, 'last_played': 1745610567}",english,Going back to this game feels like going back to a toxic ex,1762212650,1762212650,True,0,0,0.486111104488372803,0,False,False,False,False
158142364,"{'steamid': '76561199259735950', 'num_games_owned': 0, 'num_reviews': 7, 'playtime_forever': 39439, 'playtime_last_two_weeks': 909, 'playtime_at_review': 39404, 'last_played': 1762256943}",brazilian,"Tipico de jogo que tem ótimo potencial mas não tem por preguiça, personagens/mapas novos chegam uma vez por ano, Skins extremamente caras, e o principal, a comunidade toxica DEMAIS, cara vai jogar outra coisa e só joga overwatch com amigos e levando tudo na brincadeira, porque o tanto que alguns players levam uma partida a serio, não tem explicação",1707726145,1762211736,False,0,0,0.5,0,False,False,False,False
208352160,"{'steamid': '76561198965065024', 'num_games_owned': 45, 'num_reviews': 19, 'playtime_forever': 2163, 'playtime_last_two_weeks': 584, 'playtime_at_review': 2151, 'last_played': 1762284919}",brazilian,cara é uma merda mas ate q é divertidinho pprt,1762210380,1762210380,True,0,0,0.5,0,False,False,False,False
208351988,"{'steamid': '76561199237567766', 'num_games_owned': 0, 'num_reviews': 8, 'playtime_forever': 1448, 'playtime_last_two_weeks': 534, 'playtime_at_review': 1448, 'last_played': 1761624289}",english,Stadium... Need I say more???,1762210209,1762210209,True,0,0,0.486111104488372803,0,False,True,False,False
208351346,"{'steamid': '76561199066307229', 'num_games_owned': 0, 'num_reviews': 4, 'playtime_forever': 17238, 'playtime_last_two_weeks': 1761, 'playtime_at_review': 17238, 'last_played': 1761853548}",spanish,no se puede poner a widow en orto,1762209556,1762209556,False,2,0,0.523809552192687988,0,False,False,False,False
208351090,"{'steamid': '76561199160325864', 'num_games_owned': 92, 'num_reviews': 15, 'playtime_forever': 10439, 'playtime_last_two_weeks': 2137, 'playtime_at_review': 10304, 'last_played': 1762217483}",english,i love the game but it turns me into a person i could never imagine i could be. take a break and come back to it. if you make this your go to game. youre as cooked as mik,1762209317,1762209317,True,1,0,0.523809552192687988,0,False,True,False,False
208350929,"{'steamid': '76561198199661798', 'num_games_owned': 170, 'num_reviews': 2, 'playtime_forever': 8, 'playtime_last_two_weeks': 8, 'playtime_at_review': 7, 'last_played': 1762209406}",english,very bad,1762209150,1762209150,False,1,0,0.5,0,False,False,False,False
162326231,"{'steamid': '76561198970413525', 'num_games_owned': 0, 'num_reviews': 3, 'playtime_forever': 18521, 'playtime_last_two_weeks': 195, 'playtime_at_review': 18521, 'last_played': 1762288124}",english,fuck this game everyone is so rude,1712400321,1762209115,False,0,0,0.5,0,False,False,False,False
177058325,"{'steamid': '76561198844661460', 'num_games_owned': 0, 'num_reviews': 13, 'playtime_forever': 7004, 'playtime_last_two_weeks': 0, 'playtime_at_review': 5568, 'last_played': 1756954896}",english,"worst game to ever touch the planet. wont stop playing it though
",1728936083,1762209042,True,0,0,0.5,0,False,False,False,False
208350808,"{'steamid': '76561198016036282', 'num_games_owned': 0, 'num_reviews': 107, 'playtime_forever': 944, 'playtime_last_two_weeks': 944, 'playtime_at_review': 888, 'last_played': 1762287520}",russian,"Worst matchmaking ever. 
All games 0-3 or 3-0. No challenging at all, just a road to one side all the time.",1762209027,1762209027,False,0,0,0.5,0,False,False,False,False
208349752,"{'steamid': '76561198145788773', 'num_games_owned': 0, 'num_reviews': 8, 'playtime_forever': 29956, 'playtime_last_two_weeks': 1489, 'playtime_at_review': 29859, 'last_played': 1762233489}",english,marvel rivals sucks so bad man,1762207956,1762207956,True,0,0,0.486111104488372803,0,False,False,False,False
208349679,"{'steamid': '76561199177296037', 'num_games_owned': 31, 'num_reviews': 5, 'playtime_forever': 60205, 'playtime_last_two_weeks': 960, 'playtime_at_review': 60154, 'last_played': 1762282032}",english,the futa porn of this game is 10 times better than this excuse of a game,1762207885,1762207885,False,5,0,0.541025400161743164,0,False,False,False,False
208349072,"{'steamid': '76561199064535561', 'num_games_owned': 0, 'num_reviews': 19, 'playtime_forever': 4070, 'playtime_last_two_weeks': 507, 'playtime_at_review': 3998, 'last_played': 1762287553}",schinese,66.6小时,1762207265,1762207265,True,0,0,0.5,0,False,False,False,False
208348685,"{'steamid': '76561199070324805', 'num_games_owned': 49, 'num_reviews': 16, 'playtime_forever': 2002, 'playtime_last_two_weeks': 1457, 'playtime_at_review': 1800, 'last_played': 1762285481}",english,"When playing Overwatch 2 a match can go one of two ways.

1. You absolutely cook the enemy team and win flawlessly (you never get POTG tho)
2. You get absolutely DEMOLISHED by the enemy team, primarily their Bastion who somehow has their ultimate every 20 seconds. 

You think to yourself ""Oh lets play this character i like this character"" NOPE. if you dont play the character you are unironically mediocre (your best character) at, YOU WILL BE PUNISHED. Trying to capture point? ""Nerf this!"" sigh. Get a full team kill solo in overtime and carry the game? The POTG goes to either Bastion or some stupid character who made one good play at the start of the game that didnt really do that much for the team. But mainly Bastion. You think ""Oh, maybe ill play Bastion this time, thatll work""  Of course not! Yes, you get 15k damage and somehow the POTG goes to Moira, but you get spam hated on in chat for playing that annoying character. You still lose, by the way.

In conclusion, I love Lucio. Play Lucio. I will forever respect anyone that plays Lucio. Marry me Lucio.",1762206884,1762206884,True,0,0,0.486111104488372803,0,False,False,False,False
208348505,"{'steamid': '76561199120539416', 'num_games_owned': 0, 'num_reviews': 1, 'playtime_forever': 22151, 'playtime_last_two_weeks': 68, 'playtime_at_review': 22151, 'last_played': 1761343553}",tchinese,dog sht,1762206712,1762206744,False,0,0,0.5,0,False,False,False,False
208082214,"{'steamid': '76561199183282613', 'num_games_owned': 0, 'num_reviews': 2, 'playtime_forever': 7728, 'playtime_last_two_weeks': 932, 'playtime_at_review': 7674, 'last_played': 1762287755}",english,the toxicity is out of control.,1761947173,1762206709,False,0,0,0.5,0,False,False,False,False
208348442,"{'steamid': '76561199492032873', 'num_games_owned': 3, 'num_reviews': 3, 'playtime_forever': 359, 'playtime_last_two_weeks': 359, 'playtime_at_review': 190, 'last_played': 1762223366}",brazilian,bem legal,1762206655,1762206655,True,0,0,0.5,0,False,False,False,False
145614343,"{'steamid': '76561198930333363', 'num_games_owned': 0, 'num_reviews': 1, 'playtime_forever': 32983, 'playtime_last_two_weeks': 1129, 'playtime_at_review': 32926, 'last_played': 1762222164}",english,"i want to be the best, dont install
Update: I am not the best yet, dont play yet",1693769935,1762206652,False,1,2,0.5,0,False,False,False,False
208348353,"{'steamid': '76561198088879821', 'num_games_owned': 206, 'num_reviews': 32, 'playtime_forever': 110, 'playtime_last_two_weeks': 110, 'playtime_at_review': 109, 'last_played': 1762206668}",english,Stupid company stupid game :),1762206564,1762206589,False,1,0,0.486111104488372803,0,False,False,False,False
208347983,"{'steamid': '76561199110992870', 'num_games_owned': 129, 'num_reviews': 3, 'playtime_forever': 6227, 'playtime_last_two_weeks': 1140, 'playtime_at_review': 6200, 'last_played': 1762286625}",spanish,"No entiendo porque un juego de tantos años tiene tan mal matchmaking. Te emparejan con gente que empezó el mismo día a pesar de las horas que tengas en el juego, y jugas ranked pensando bueno ahora emparejarán mejor pues no, te emparejan incluso peor y se pasan yendo afk.",1762206198,1762206198,False,1,0,0.5,0,False,False,False,False
208346499,"{'steamid': '76561198208096403', 'num_games_owned': 101, 'num_reviews': 20, 'playtime_forever': 12633, 'playtime_last_two_weeks': 1024, 'playtime_at_review': 12633, 'last_played': 1762204676}",english,tak,1762204818,1762204818,True,0,0,0.5,0,False,True,False,False
174022979,"{'steamid': '76561199011555025', 'num_games_owned': 102, 'num_reviews': 9, 'playtime_forever': 13044, 'playtime_last_two_weeks': 362, 'playtime_at_review': 12951, 'last_played': 1762209900}",brazilian,"É o overwatch 1, menos a invisibilidade da sombra, o nome do mccree, a capacidade de voar do pharah e ter que esperar escolher a porra do mapa toda vez que se entra num jogo.",1725228943,1762204439,False,0,0,0.476190477609634399,0,False,True,False,False
208345399,"{'steamid': '76561199122168624', 'num_games_owned': 378, 'num_reviews': 7, 'playtime_forever': 5682, 'playtime_last_two_weeks': 1543, 'playtime_at_review': 5490, 'last_played': 1762281744}",english,i love but fucking hate this game,1762203835,1762203835,True,0,1,0.5,0,False,False,False,False
208345171,"{'steamid': '76561199110409413', 'num_games_owned': 14, 'num_reviews': 9, 'playtime_forever': 66, 'playtime_last_two_weeks': 37, 'playtime_at_review': 66, 'last_played': 1761334444}",english,"shitty ass game 
desprate cash grab",1762203644,1762203644,False,0,0,0.5,0,False,False,False,False
208344934,"{'steamid': '76561199307027692', 'num_games_owned': 0, 'num_reviews': 1, 'playtime_forever': 48028, 'playtime_last_two_weeks': 1634, 'playtime_at_review': 48028, 'last_played': 1762202966}",english,this is my favourite game in the whole world it is so fun to play with my friends and noobs always complain about it because they are jealous and bad at the game and they should practice more instead of eating chicken. I would rate this game a 9/5/10. what brings it down is the fact that the money is so expensive ingame i wish i could have more lootboxes and more skins to make me look pretty. U guys always give me the bad ugly skins like winston and ramattra. who the heck plays those. I want juno dva kiriko freja wuyang widowmaker tracer mei reaper solider cassidy ashe echo orisa JQ junkrat. and more apart from the bad ones. so please give me good skins and i will rate u a 10/10. thank u for helping me spend quality time with my sister we love this game pls gift junospacey#2529 have a BLESSED🙏 day,1762203426,1762203426,True,1,0,0.5,0,False,False,False,False
197987488,"{'steamid': '76561199229194298', 'num_games_owned': 0, 'num_reviews': 5, 'playtime_forever': 8122, 'playtime_last_two_weeks': 888, 'playtime_at_review': 8105, 'last_played': 1762204089}",english,This game makes me wanna goon to winstons curves everytime i see him.,1750709230,1762203035,True,0,0,0.5,0,False,True,False,False
208343390,"{'steamid': '76561198022208860', 'num_games_owned': 187, 'num_reviews': 8, 'playtime_forever': 10726, 'playtime_last_two_weeks': 2527, 'playtime_at_review': 10633, 'last_played': 1762286532}",ukrainian,"Незбалансований шматок лайна, де новачки грають проти кіберкотлет. І так може бути 10 каток підряд.",1762202034,1762202034,False,1,0,0.528985500335693359,0,False,False,False,False
179385257,"{'steamid': '76561198016826708', 'num_games_owned': 129, 'num_reviews': 10, 'playtime_forever': 2556, 'playtime_last_two_weeks': 0, 'playtime_at_review': 2556, 'last_played': 1733320683}",english,"dogshit ,it still is.  just to play comp you need 50 wins, with players that do whatever the fuck they want and if you ask them to switch a character your toxic. not only that you will get banned for it by the special snowflake ppl at blizz look at any of their games and how they ruined it.
false promisses lies and greed is the only thing driven in this game",1732045335,1762200089,False,0,0,0.5,0,False,False,False,False
208341114,"{'steamid': '76561199838326348', 'num_games_owned': 0, 'num_reviews': 1, 'playtime_forever': 3272, 'playtime_last_two_weeks': 1402, 'playtime_at_review': 3242, 'last_played': 1762283834}",english,.,1762200018,1762200018,True,0,0,0.476190477609634399,0,False,False,False,False
196405859,"{'steamid': '76561198023911602', 'num_games_owned': 0, 'num_reviews': 27, 'playtime_forever': 4290, 'playtime_last_two_weeks': 883, 'playtime_at_review': 4061, 'last_played': 1762220262}",english,I think the game right now as of 11-3-2025 is in the best shape it has been in since OW1. Just finished an AMAZING Halloween event and 6v6 is accessible to play. All of the things I want from OW are currently in play. ,1749067888,1762200012,True,0,0,0.5,0,False,False,False,False
178659982,"{'steamid': '76561199003704970', 'num_games_owned': 25, 'num_reviews': 13, 'playtime_forever': 5491, 'playtime_last_two_weeks': 0, 'playtime_at_review': 5491, 'last_played': 1745166978}",english,it can be fun when playing with people but comp just isnt fun ,1731124930,1762198968,True,0,0,0.5,0,False,False,False,False
208338814,"{'steamid': '76561198451731403', 'num_games_owned': 9, 'num_reviews': 2, 'playtime_forever': 568, 'playtime_last_two_weeks': 560, 'playtime_at_review': 497, 'last_played': 1762275035}",russian,Начал оправдывать 2 в названии.,1762198088,1762198088,True,0,0,0.5,0,False,False,False,False
208338206,"{'steamid': '76561199098744297', 'num_games_owned': 65, 'num_reviews': 23, 'playtime_forever': 5831, 'playtime_last_two_weeks': 679, 'playtime_at_review': 5605, 'last_played': 1762281855}",english,pee and suck <3,1762197601,1762197601,True,0,0,0.5,0,False,False,False,False
143910983,"{'steamid': '76561198000268541', 'num_games_owned': 888, 'num_reviews': 128, 'playtime_forever': 52346, 'playtime_last_two_weeks': 821, 'playtime_at_review': 52346, 'last_played': 1762031058}",english,"Update: Stadium is pretty good and it's the only thing that makes me want to play other than the occasional Venture quickplay match. The biggest problem is they don't understand their own game these days. The flashpoint maps are just not good when you consider the playstyle of the game for the last 10 years that relies on teamwork and coordinated attacks. This game is like trying to herd cats when you have open level design like with these flashpoint maps. You already could see it on maps like Busan where there's not a lot of straight line cover around the objectives. And they only seem to add characters to sell more skins now. Look at Wuyang and Freja... just plain slim characters with barely any originality. And characterization that makes Reaper look like Shakespeare. All Blizzard sees these days is $$$ beyond what they were when they released Overwatch in 2016.

I have played since 2016 and have thousands of hours in this game. My main account was permanently banned recently due to saying mean words in chat. That's right you can lose access to everything you paid for, 7 years of content, for saying mean things in chat. In a shooter where you kill people.

Also they want you to pay $15 for 3 story missions which are basically the same quality as their free event missions from 5 years ago. One of the story missions is the same story mission they showed at their gameplay reveal event like 3 years ago. Back when they were supposedly making OW2 a full standalone experience.

So instead of spending $60+ on a full game with an entire story campaign and features you get the joy of spending $60 per skin bundle or battlepass. If you want to earn the battlepass for free you have to complete the free battlepass 3 times to get enough coins and then you cant spend your coins on anything else.... because they cost like 2300 coins and the pass is 1000...

The Overwatch team does nothing but set expectations and then don't meet them. They change their minds and leave fans hanging after years of dedication. They moderate the game like its for 3 year olds and they design new characters to encourage buying the battlepass (new heroes are locked behind paywall in their first season).

Overwatch was one of the best games of all time. It was my favourite multiplayer game for a long time. And I'm obviously still addicted to it today considering I have 4 alt accounts I play on even though my 2000 hour, $300+ main got perma banned. There's nothing out there quite like Overwatch. But they don't deserve your money. And they don't deserve your serious investment.

They should just make an anime or something instead of a game at this point. Either way I ain't buying that shit.

Edit: Steam asked if I have changed my mind and the answer is no. Don't spend money on this game. They're charging over $50 for a skin pack with 5 skins with no way to earn them for free in-game. Their battlepass doesn't even have the premium currency in it so once you spend the $10 for the battlepass you have to spend another $10 for the next battlepass or another $20 for each individual skin you want. You can earn only about 30 coins per week so it would take you 34 weeks to earn a battlepass for free. I keep playing it because I am addicted, but I also have been playing it far less than I used to.

Games you could spend that $50 on instead that I've enjoyed:
Baldurs Gate III
Half-Life
Bloons TD 6
Basically any classic call of duty tbh lmao
Koikatsu Party
Overcooked series
Inscryption
Phasmaphobia
Spider-Man series
Genshin Impact
Honkai Starrail
Halo Masterchief Collection
Fallout series
Skyrim
Dust: An Elysian Tale
Tacoma
Titanfall 2
Any Pokemon
Bug Fables
Paper Mario series
Cassette Beasts
Literally anything else in my game library lmao",1691773580,1762197378,False,2,0,0.523809552192687988,0,False,False,False,False
208337891,"{'steamid': '76561198947427531', 'num_games_owned': 0, 'num_reviews': 3, 'playtime_forever': 4672, 'playtime_last_two_weeks': 6, 'playtime_at_review': 4666, 'last_played': 1762197785}",spanish,"Es un juegazo pero lo dejaron muy descuidado con mucho potencial, aun asi es divertido para echarse unas partidas.",1762197357,1762197357,True,0,0,0.5,0,False,False,False,False
208337441,"{'steamid': '76561199570607347', 'num_games_owned': 0, 'num_reviews': 5, 'playtime_forever': 344, 'playtime_last_two_weeks': 193, 'playtime_at_review': 292, 'last_played': 1762200074}",english,Ball,1762196966,1762196966,True,0,0,0.5,0,False,False,False,False
208337018,"{'steamid': '76561199052137241', 'num_games_owned': 0, 'num_reviews': 1, 'playtime_forever': 27, 'playtime_last_two_weeks': 27, 'playtime_at_review': 27, 'last_played': 1762196541}",russian,ЗАЛУПА ЕБУЧАЯ СИСТЕМУ ВХОДА И РЕГИСТРАЦЫЙ ПРОЩЕ СДЕЛАЙ,1762196594,1762196594,False,0,0,0.5,0,False,False,False,False
208335689,"{'steamid': '76561199386522622', 'num_games_owned': 100, 'num_reviews': 16, 'playtime_forever': 8819, 'playtime_last_two_weeks': 1527, 'playtime_at_review': 8580, 'last_played': 1762287157}",english,"lov this game, but sometimes........",1762195435,1762195435,True,0,0,0.5,0,False,False,False,False
196084915,"{'steamid': '76561199559122023', 'num_games_owned': 0, 'num_reviews': 1, 'playtime_forever': 61328, 'playtime_last_two_weeks': 90, 'playtime_at_review': 61238, 'last_played': 1762285200}",english,"کیررررررممممممممممم تو این بازی هزار ساعت بازی کردم به کص خاهر نوید خندیدم کیر تو کونم کیر تو کونم کیر تو کونم کیرم تو این بازی کیرم تو این زندگی
🎸🎸🎸🎸🎸🎸",1748710076,1762195241,False,0,0,0.5,0,False,False,False,False
208334726,"{'steamid': '76561198319119606', 'num_games_owned': 113, 'num_reviews': 4, 'playtime_forever': 1530, 'playtime_last_two_weeks': 0, 'playtime_at_review': 1530, 'last_played': 1740633306}",german,"Its by far the worst matchmaking every time you are in a rankup game you get the biggest idiots on your team and some tryhards on the oter and when the odds of winning are in your favor you get a leaver
DONT PLAY THIS RIGGED TRASH GAME!!!!°!!!",1762194567,1762194567,False,1,0,0.523809552192687988,0,False,False,False,False
208334364,"{'steamid': '76561198825095347', 'num_games_owned': 418, 'num_reviews': 30, 'playtime_forever': 63367, 'playtime_last_two_weeks': 3269, 'playtime_at_review': 63138, 'last_played': 1762208079}",russian,хуита,1762194270,1762194270,True,0,0,0.5,0,False,False,False,False
208333007,"{'steamid': '76561199586523254', 'num_games_owned': 0, 'num_reviews': 1, 'playtime_forever': 2093, 'playtime_last_two_weeks': 1516, 'playtime_at_review': 1846, 'last_played': 1762288200}",polish,Super gra. Dajemy czadu z synem.,1762193103,1762193103,True,0,0,0.5,0,False,False,False,False
208332657,"{'steamid': '76561199465432889', 'num_games_owned': 0, 'num_reviews': 6, 'playtime_forever': 3258, 'playtime_last_two_weeks': 162, 'playtime_at_review': 3137, 'last_played': 1762200065}",english,i want to jump,1762192826,1762192826,False,3,1,0.532908737659454346,0,False,False,False,False
208332604,"{'steamid': '76561199060323094', 'num_games_owned': 0, 'num_reviews': 7, 'playtime_forever': 700, 'playtime_last_two_weeks': 0, 'playtime_at_review': 700, 'last_played': 1732129117}",english,goosd,1762192788,1762192788,True,0,0,0.5,0,False,False,False,False
208332120,"{'steamid': '76561198870175135', 'num_games_owned': 80, 'num_reviews': 6, 'playtime_forever': 16142, 'playtime_last_two_weeks': 3069, 'playtime_at_review': 15883, 'last_played': 1762287534}",russian,"я не понимаю систему лутбоксов, будто подкручено специально так, чтобы выпадали хуевые легендарные скины
мало того, что на персов, на которых я не играю, так еще и выглядящие супер парашно
это какое-то невообразимое комбо
за всю игру ток одна лега нормальная выпала)",1762192394,1762192394,False,2,0,0.526699066162109375,0,False,True,False,False
188521700,"{'steamid': '76561198872129317', 'num_games_owned': 1124, 'num_reviews': 40, 'playtime_forever': 6026, 'playtime_last_two_weeks': 180, 'playtime_at_review': 6026, 'last_played': 1762191775}",english,"Corporate scandals, workplace misconduct, controversial business practices, Bobby Kotick and to top it all bought by fucking Microsoft

Fuck you

In the ""wise"" words of Pirate Software - ""you can eat my entire ass""",1740253698,1762191830,False,0,0,0.523809552192687988,0,False,False,False,False
152689967,"{'steamid': '76561199100629790', 'num_games_owned': 99, 'num_reviews': 21, 'playtime_forever': 4307, 'playtime_last_two_weeks': 107, 'playtime_at_review': 4307, 'last_played': 1762061002}",spanish,"No se te dejes engañar por lo que digan algunas reseñas o youtubers, solo es posible disfrutar el juego si ya llevas años jugandolo y metiendo dinero pero si eres nuevo y si tienes curiosidad por este juego adelante, hazlo, pero te advierto que actualmente (y desde hace algunos meses) el juego tiene un matchmaking del 0rto, tu primera y/o segunda partida seguro te la ponen contra bots, pero a la siguiente que jueges, el juego te empareja con personas que no conocen lo que es tocar pasto, literalmente el juego piensa que es divertido meterte a una partida casual y que las siguientes 10 partidas te empareje contra personas que le han metido mas horas y dinero a esta c4gad4 que a sus estudios, NO recomiendo jugarlo NI mucho menos meterle dinero.",1701483577,1762190339,False,0,0,0.5,0,False,False,False,False
208328019,"{'steamid': '76561199255642642', 'num_games_owned': 14, 'num_reviews': 4, 'playtime_forever': 6651, 'playtime_last_two_weeks': 1134, 'playtime_at_review': 6440, 'last_played': 1762284767}",english,rip mcree,1762188843,1762188843,True,1,0,0.48619958758354187,0,False,False,False,False
143872168,"{'steamid': '76561199183423400', 'num_games_owned': 0, 'num_reviews': 37, 'playtime_forever': 2432, 'playtime_last_two_weeks': 0, 'playtime_at_review': 2432, 'last_played': 1758998009}",english,yikes,1691750661,1762188307,False,0,1,0.5,0,False,False,False,False
208327105,"{'steamid': '76561199592702957', 'num_games_owned': 0, 'num_reviews': 1, 'playtime_forever': 2312, 'playtime_last_two_weeks': 12, 'playtime_at_review': 2312, 'last_played': 1762187977}",german,Gutes Spiel. Man kann lange Sessions zocken.,1762188012,1762188012,True,0,0,0.476190477609634399,0,False,True,False,False
208326519,"{'steamid': '76561198811716041', 'num_games_owned': 88, 'num_reviews': 4, 'playtime_forever': 8183, 'playtime_last_two_weeks': 1312, 'playtime_at_review': 8006, 'last_played': 1762233334}",russian,"хуже чем в 2018 году , но лучше чем контра",1762187489,1762187489,True,1,0,0.523809552192687988,0,False,False,False,False
208323770,"{'steamid': '76561198342064180', 'num_games_owned': 0, 'num_reviews': 4, 'playtime_forever': 9, 'playtime_last_two_weeks': 9, 'playtime_at_review': 9, 'last_played': 1761132674}",spanish,"Lo peor que le ha pasado a overwatch, gracias por dejarme desinstalar battle.net",1762185022,1762185022,False,1,0,0.5,0,False,False,False,False
208322685,"{'steamid': '76561198863946552', 'num_games_owned': 0, 'num_reviews': 21, 'playtime_forever': 669, 'playtime_last_two_weeks': 0, 'playtime_at_review': 669, 'last_played': 1747525153}",brazilian,Um jogo estadual legal e bonito,1762184105,1762184105,True,0,0,0.5,0,False,False,False,False
208322306,"{'steamid': '76561199092307524', 'num_games_owned': 0, 'num_reviews': 6, 'playtime_forever': 3467, 'playtime_last_two_weeks': 526, 'playtime_at_review': 3417, 'last_played': 1762265512}",english,"even tho at the time i have 57 hours in overwatch2 on steam i actually have played for almost 400. 
I must say that the game is in one of the best states that it has ever been in, it's a great experience and one of my favourite games oat",1762183771,1762183771,True,0,1,0.5,0,False,False,False,False
208321862,"{'steamid': '76561199199274175', 'num_games_owned': 0, 'num_reviews': 1, 'playtime_forever': 25400, 'playtime_last_two_weeks': 2692, 'playtime_at_review': 25148, 'last_played': 1762274134}",tchinese,給甚麼垃圾隊友,1762183387,1762183387,False,0,0,0.5,0,False,False,False,False
208320957,"{'steamid': '76561199692777457', 'num_games_owned': 0, 'num_reviews': 5, 'playtime_forever': 538, 'playtime_last_two_weeks': 510, 'playtime_at_review': 386, 'last_played': 1762255047}",english,ffffffffff,1762182598,1762182598,True,0,0,0.477941185235977173,0,False,False,False,False
208320896,"{'steamid': '76561199539465023', 'num_games_owned': 17, 'num_reviews': 2, 'playtime_forever': 7902, 'playtime_last_two_weeks': 3190, 'playtime_at_review': 7522, 'last_played': 1762275881}",english,hamter,1762182545,1762182545,True,0,1,0.456140369176864624,0,False,False,False,False
182722659,"{'steamid': '76561198275193786', 'num_games_owned': 0, 'num_reviews': 6, 'playtime_forever': 114531, 'playtime_last_two_weeks': 5847, 'playtime_at_review': 113999, 'last_played': 1762278014}",schinese,最近又开始频繁掉线！,1734179117,1762182460,True,0,0,0.5,0,False,False,False,False
208320038,"{'steamid': '76561198778622393', 'num_games_owned': 0, 'num_reviews': 1, 'playtime_forever': 52, 'playtime_last_two_weeks': 52, 'playtime_at_review': 39, 'last_played': 1762182557}",schinese,"狗屎
",1762181754,1762181754,False,0,0,0.5,0,False,False,False,False
168360492,"{'steamid': '76561198191276673', 'num_games_owned': 0, 'num_reviews': 2, 'playtime_forever': 57905, 'playtime_last_two_weeks': 535, 'playtime_at_review': 57905, 'last_played': 1761855728}",english,หลุดแล้วหลุดอีก ไม่เคยแก้ไข เหมือนมันปล่อยเกมลง Steam แล้วลอยแพ,1719530067,1762181727,False,1,0,0.523809552192687988,5,False,False,False,False
185067320,"{'steamid': '76561199438219291', 'num_games_owned': 0, 'num_reviews': 1, 'playtime_forever': 16585, 'playtime_last_two_weeks': 0, 'playtime_at_review': 16585, 'last_played': 1736299578}",schinese,垃圾游戏，垃圾暴雪，真恶心,1736300873,1762181471,False,0,0,0.5,0,False,False,False,False
208319406,"{'steamid': '76561199185469935', 'num_games_owned': 15, 'num_reviews': 5, 'playtime_forever': 1274, 'playtime_last_two_weeks': 186, 'playtime_at_review': 1274, 'last_played': 1762141000}",english,I've lost more brain cells than I've ever had playing this game.,1762181217,1762181217,True,0,0,0.5,0,False,False,False,False
208300823,"{'steamid': '76561199329305114', 'num_games_owned': 0, 'num_reviews': 7, 'playtime_forever': 82624, 'playtime_last_two_weeks': 2817, 'playtime_at_review': 82191, 'last_played': 1762275059}",japanese,"メンタルを鍛えるためにやっています。

ow2のおかげで、自分がどういう状況で動揺するのかがよく分かります。
どれだけ優しい人でも、味方のせいにせざるを得ないような残酷なゲームです。
自分を知ることができる良いゲームだと思います

あとエイムがめちゃめちゃ良くなりました。

その次に良い点は、競技シーンがめちゃくちゃ面白いことです。
特にKR地域が好きで、よくTa1yoさんのウォッチパーティーを見ています。
このゲームをプレイすることで、プロがどれだけすごいことをやっているのかが分かってきました。
今まで見てきた競技シーンのなかで断トツで観ていてワクワクします。


プレイするのはおすすめしません。",1762159325,1762179783,False,0,0,0.5,0,False,False,False,False
148327868,"{'steamid': '76561199403354735', 'num_games_owned': 0, 'num_reviews': 3, 'playtime_forever': 12427, 'playtime_last_two_weeks': 91, 'playtime_at_review': 12335, 'last_played': 1762263081}",japanese,勝ってる時は信じられないほど脳汁が出るが、負けているときはただのストレス発生器,1697451957,1762178384,True,0,0,0.534136116504669189,0,False,False,False,False
208313750,"{'steamid': '76561199008266040', 'num_games_owned': 44, 'num_reviews': 2, 'playtime_forever': 4876, 'playtime_last_two_weeks': 691, 'playtime_at_review': 4876, 'last_played': 1762177753}",russian,Положительный отзыв недоступен в вашем регионе,1762175960,1762178339,False,2,0,0.523809552192687988,0,False,False,False,False
194601222,"{'steamid': '76561199125234920', 'num_games_owned': 78, 'num_reviews': 5, 'playtime_forever': 21863, 'playtime_last_two_weeks': 920, 'playtime_at_review': 21743, 'last_played': 1762259674}",english,pervert ass devs who deserve the death penalty,1746877520,1762177630,False,0,0,0.5,0,False,False,False,False
208315401,"{'steamid': '76561198799777281', 'num_games_owned': 0, 'num_reviews': 8, 'playtime_forever': 236, 'playtime_last_two_weeks': 236, 'playtime_at_review': 58, 'last_played': 1762231421}",english,stinky,1762177564,1762177564,False,0,1,0.5,0,False,False,False,False
208315084,"{'steamid': '76561199063026640', 'num_games_owned': 44, 'num_reviews': 4, 'playtime_forever': 8394, 'playtime_last_two_weeks': 1451, 'playtime_at_review': 8131, 'last_played': 1762264615}",english,Fucking stupid server,1762177276,1762177276,False,1,1,0.510022282600402832,0,False,False,False,False
208314843,"{'steamid': '76561197996462559', 'num_games_owned': 107, 'num_reviews': 11, 'playtime_forever': 35247, 'playtime_last_two_weeks': 596, 'playtime_at_review': 35218, 'last_played': 1762178398}",russian,говно 2 понос,1762177028,1762177028,False,0,0,0.476190477609634399,0,False,False,False,False
208314808,"{'steamid': '76561198451820230', 'num_games_owned': 0, 'num_reviews': 20, 'playtime_forever': 21176, 'playtime_last_two_weeks': 645, 'playtime_at_review': 21128, 'last_played': 1762179711}",english,fix the workshop,1762176992,1762176992,True,0,0,0.5,0,False,False,False,False
208314205,"{'steamid': '76561198784597730', 'num_games_owned': 51, 'num_reviews': 9, 'playtime_forever': 2502, 'playtime_last_two_weeks': 2502, 'playtime_at_review': 1399, 'last_played': 1762284286}",russian,"Так же легендарная игра, что в прошлом, что сейчас",1762176396,1762176396,True,0,0,0.5,0,False,False,False,False
208313231,"{'steamid': '76561199185529871', 'num_games_owned': 43, 'num_reviews': 8, 'playtime_forever': 1153, 'playtime_last_two_weeks': 379, 'playtime_at_review': 815, 'last_played': 1762282383}",spanish,Blizzard.,1762175398,1762175398,False,0,0,0.5,0,False,False,False,False
208313092,"{'steamid': '76561198973576784', 'num_games_owned': 148, 'num_reviews': 24, 'playtime_forever': 11544, 'playtime_last_two_weeks': 215, 'playtime_at_review': 11507, 'last_played': 1762237555}",english,This possibly might be the worst game ever made besides valorant.,1762175242,1762175242,False,1,0,0.50452876091003418,0,False,False,False,False
208313045,"{'steamid': '76561199485490734', 'num_games_owned': 10, 'num_reviews': 1, 'playtime_forever': 24613, 'playtime_last_two_weeks': 1212, 'playtime_at_review': 24563, 'last_played': 1762183855}",russian,Очень нравится как быстро срабатывает Alt+F4. 10/10,1762175197,1762175197,True,0,0,0.5,0,False,False,False,False
208312943,"{'steamid': '76561199525199007', 'num_games_owned': 0, 'num_reviews': 1, 'playtime_forever': 15, 'playtime_last_two_weeks': 0, 'playtime_at_review': 15, 'last_played': 1712929427}",schinese,你说得对，但是这就是ow，毛妹的盾是秒碎的，碎盾是绝对不打的。把把都是艾什76双枪的，植物大战僵尸的。玩个毛加去大马路上送问为什么没奶的。区源带着激素水盾被睡得，睡掉对面激素刀必被打醒的。玩摩西的。被芙蕾雅大人两枪点死的。玩把娜娜对面秒换铁拳探奇闪光的，雾子不奶人的，雾子不镖人的，DJ没有绿环的，花男害人的，哈哈哈我的力量倾斜而出的。策划加强回声！！！！！！！！！！,1762175090,1762175090,True,1,0,0.523809552192687988,0,False,False,False,False
208312785,"{'steamid': '76561199565697519', 'num_games_owned': 0, 'num_reviews': 2, 'playtime_forever': 10125, 'playtime_last_two_weeks': 3044, 'playtime_at_review': 9984, 'last_played': 1762222274}",english,"I want Kiriko, Mercy and Roadhog to oil up and edge me aggressively until my shmeat gets ripped clean off",1762174922,1762174922,True,2,0,0.545454561710357666,0,False,False,False,False
208312228,"{'steamid': '76561197970546428', 'num_games_owned': 247, 'num_reviews': 80, 'playtime_forever': 80, 'playtime_last_two_weeks': 80, 'playtime_at_review': 80, 'last_played': 1762174214}",english,กากเหมือนเดิม,1762174344,1762174344,False,0,0,0.5,0,False,False,False,False
208312100,"{'steamid': '76561199384720375', 'num_games_owned': 24, 'num_reviews': 12, 'playtime_forever': 917, 'playtime_last_two_weeks': 89, 'playtime_at_review': 827, 'last_played': 1762184686}",english,"this game fucking sucks, i only play it because my fuck wit friends only play this dog shit ass game, they are fucking losers who suck dick for a living fuck this game an fuck them",1762174216,1762174216,False,2,0,0.532908737659454346,0,False,False,False,False
208310514,"{'steamid': '76561199226686989', 'num_games_owned': 0, 'num_reviews': 14, 'playtime_forever': 6927, 'playtime_last_two_weeks': 1387, 'playtime_at_review': 6825, 'last_played': 1762188196}",koreana,개ㅈ망겜,1762172456,1762172456,False,0,0,0.5,0,False,False,False,False
208309288,"{'steamid': '76561199446728610', 'num_games_owned': 53, 'num_reviews': 10, 'playtime_forever': 6200, 'playtime_last_two_weeks': 575, 'playtime_at_review': 6129, 'last_played': 1762215204}",brazilian,"Ninguém aqui descobriu que existe chat de voz ou comunicação, cada um faz o que quer mesmo sendo jogo de TIRO EM EQUIPE, mas ta suave, vida que segue.",1762171071,1762171071,True,0,0,0.5,0,False,False,False,False
195220710,"{'steamid': '76561199148096650', 'num_games_owned': 18, 'num_reviews': 1, 'playtime_forever': 49616, 'playtime_last_two_weeks': 3527, 'playtime_at_review': 9217, 'last_played': 1762169415}",japanese,"⣿⣿⣿⣿⣟⣿⣿⣿⣿⣿⣿⣿⣿⣿⣿⣿⣿⣿⣿⣿⢈⣽⣿⣷⣿⠁⡀⡀⡀⢠⣿⣿⣿⣿⣿⣿⣿⣿⣿⣿⣿⣿⣿
⣿⣿⣿⣿⣿⣿⣿⣿⣿⣿⣿⣿⣛⣏⢛⢿⣿⣿⣿⣿⠨⣿⣿⡿⣀⣸⣦⡀⣠⣿⣿⣿⣿⣿⣿⣿⣿⣿⣿⣿⣿⣿⣿
⣿⣿⣿⣾⣿⣿⣿⣿⣿⣿⢫⢗⠸⠳⢕⡠⢻⣿⣿⡿⡾⣿⡿⢰⣶⣌⠳⡶⡿⣫⣿⣿⣿⣿⣿⣿⣿⣿⣿⣿⣿⣿⣿
⣿⣿⢽⣿⣿⣻⣿⣿⢟⠾⠋⠌⢁⠁⢠⢆⠨⣿⣿⣗⡟⢱⠇⣿⣿⢋⡇⣢⣽⣿⣿⣿⣿⣿⣿⣿⣿⣿⣿⣿⣿⣿⣿
⣿⡟⢗⡿⣿⣿⣿⡫⠁⠂⠄⡀⢀⡐⡀⡪⢸⡿⣡⣷⣾⢸⠰⠄⡷⣋⠾⣯⡩⣭⣟⣻⡿⣿⣿⣿⣿⣿⣿⣿⣿⣿⣿
⣿⡮⡽⣾⣟⡽⡞⡀⡀⠈⡀⡀⠉⠃⢥⡦⡞⣜⢿⣿⣿⢸⣄⣼⣛⣶⣿⣿⣷⡻⣿⣿⣿⣷⣯⣟⡿⣿⣿⣿⣿⣿⣿
⡇⡳⡣⢟⣿⣿⡀⡀⠔⢷⣷⢀⡦⡮⡮⣺⣞⡽⣿⢿⣿⣧⣭⣿⣿⣿⡿⢿⣿⣿⣶⢻⣿⣿⣿⣿⣿⣷⣤⣺⣏⣿⣿
⢳⣳⡣⣼⡏⣾⣭⠳⣤⠉⡀⢀⡺⢳⡳⣳⡻⢟⡻⣟⢿⣿⣿⣿⡿⠋⡀⢀⣠⣌⣿⣿⣌⠻⣟⡿⢿⠉⣦⠈⣽⣿⣿
⡪⢃⢢⣿⣿⣿⠃⠃⢹⡄⠬⡭⢜⡳⢗⡳⢳⣞⣫⡽⣞⣿⡿⠉⡀⣠⡾⢟⣻⣿⣿⣿⣿⣿⣮⡜⣯⣯⢻⣇⣿⣿⣿
⢕⠁⣿⣿⣿⣿⢎⢰⡄⣇⡈⠇⢪⡕⢪⡎⢪⢕⢽⠻⠛⠁⡀⣠⢊⡮⠞⠛⢉⠁⣗⣽⣿⣿⣿⣿⠹⣿⡄⣿⣇⣿⣿
⠡⣸⣿⣿⣿⣿⣿⣸⢅⠏⠻⠿⠶⠷⠾⠛⢸⡸⢮⢿⣤⣠⣾⠠⢁⡀⠈⡀⡡⣾⣿⣿⢾⣿⣿⣿⣷⢿⣷⢏⣿⣿⣿
⠁⡿⣱⣿⣿⣿⣿⣿⣾⢀⢀⣀⡀⢀⡀⡀⠊⠘⠣⡪⣜⡵⡃⣥⠉⢀⣪⣿⣿⣿⣿⡟⢯⣿⣿⣿⣿⢸⣿⡼⣿⣿⣿
⢠⣧⣿⣿⣿⣿⣿⣿⣿⣚⠄⠉⢀⡀⢠⢉⡀⡀⡀⣿⣿⡮⢮⣝⡲⢵⣵⢾⣿⣿⣻⡏⣽⣿⣿⣿⣿⠘⣿⢁⠈⣿⣿
⡸⡿⣻⣿⣿⣿⣿⣿⣿⣯⡇⠰⠉⡀⢔⠢⡠⡀⠐⣿⣿⡾⣝⣷⣷⣳⣽⡿⡻⢽⢗⡪⣿⣿⣿⣿⣿⢰⣿⣼⣧⡀⢿
⣧⢿⣽⣿⣿⣿⣿⣿⣿⣿⣻⡀⡪⢕⡪⢜⡧⠄⡀⣿⣿⣺⣿⣿⣿⣿⣿⣳⡟⡹⢫⣵⣿⣿⣿⣿⣿⣺⣿⠘⣿⣷⡀
⢷⢦⢻⣿⣿⣿⣿⣿⣿⣿⣇⣆⠘⢕⡳⡇⠡⡀⡀⣟⢽⣷⣿⣷⡳⡯⣽⣟⣫⣞⡇⢮⣿⣿⣿⣿⣿⣿⣿⡀⠈⣿⡝
⣿⣿⢧⢿⣿⣿⣿⣿⣿⣿⣿⠘⡄⡀⢑⡡⡂⡁⢁⢽⣕⣷⣿⡗⡇⢮⣗⢽⣗⣳⣜⣾⣿⣿⣿⣿⣿⣿⣿⣷⡀⠈⢯
⣿⣿⣿⣿⣿⣿⣿⣿⣿⣿⣿⣃⣇⣆⠁⡀⠈⡁⠛⠈⠉⢀⡆⡠⣻⣾⡿⣺⢗⢇⣗⣿⣿⣿⣿⣿⢩⣿⣿⡟⠰⣤⡀
⣿⣿⣿⣿⣿⣿⣿⣿⣿⣿⣿⣿⠘⡇⣷⡀⠠⡀⡀⡀⡀⢤⡀⣿⣿⣿⣽⡗⠚⡣⢽⣿⣿⣿⣾⠁⣿⣿⠟⡀⣴⣿⣿
⣿⣿⣿⣿⣿⡿⣿⣿⣿⣿⣿⡇⡕⡇⣿⡻⣦⠈⡀⠠⠈⠈⠁⠄⢈⣀⣴⣻⡯⡝⢮⣿⣗⡟⢠⣝⡿⡁⣠⣿⣿⣿⣿
⣿⣿⣿⣿⣿⣿⢻⣿⣿⣿⣿⡀⣇⡇⣿⣿⡹⣯⡀⢀⠠⡎⢫⠭⣹⠵⠘⣫⢞⡾⢾⣵⠃⢀⠿⢁⣴⣿⣿⣿⣿⣿⣿
⣿⣿⣿⣿⣿⣿⢘⣻⣿⣿⡟⠠⢾⡇⡝⣞⢻⣌⢶⠄⢀⡀⡀⣀⣤⡶⣻⣧⡼⣳⣷⠁⠔⣁⢶⣽⣿⣿⣿⣿⣿⣿⣿
⣿⣿⣿⣿⣟⢿⠈⢑⣿⣿⡇⢸⡏⡇⡇⣳⡧⣽⠁⢷⡀⡀⣜⡪⢻⡻⡻⡻⡺⣿⠁⡀⡾⣵⣿⣿⣿⣿⣿⣿⣿⣿⠋
⣿⣿⣿⣿⣿⡟⢠⣿⣿⢿⡀⠅⡇⡇⢹⢺⢳⢻⡀⠤⠙⣦⠈⠙⢋⡁⠄⡈⠐⢡⡀⣼⢸⣿⣿⣿⣿⣿⣿⣿⠟⡀⢀
⣿⣿⣿⣿⣿⣿⣿⣿⣿⣿⣷⡀⡇⣧⡃⣌⣼⡀⡀⠘⡀⠸⡀⡀⡀⡀⡀⡀⡀⡜⡀⣿⣿⣿⣿⡿⣛⣑⢶⣌⣷⡈⠔
⣿⣿⣿⣿⣿⣿⣿⣿⣿⣿⣿⣿⣠⣜⣠⣄⣄⣀⣇⣀⣀⣀⣁⣀⣀⣀⣀⣀⣂⣇⣀⣇⣿⣟⣵⣿⣶⣻⣷⣿⣟⣟⣀",1747670649,1762170991,False,0,0,0.515617251396179199,0,False,False,False,False
208308582,"{'steamid': '76561199133475392', 'num_games_owned': 65, 'num_reviews': 2, 'playtime_forever': 34343, 'playtime_last_two_weeks': 436, 'playtime_at_review': 34336, 'last_played': 1762214816}",english,"best game i ever played,worth it",1762170219,1762170219,True,0,0,0.5,0,False,False,False,False
206737944,"{'steamid': '76561198052911921', 'num_games_owned': 0, 'num_reviews': 7, 'playtime_forever': 12285, 'playtime_last_two_weeks': 940, 'playtime_at_review': 12193, 'last_played': 1762279358}",english,"Finally released a fun gamemode, Stadium. As of the 14th of October they've changed from a 7 to 5 round format, ruining what used to be a fun gamemode. If I wanted to play short games I would play Stadium quickplay. As per usual the devs make awful changes that nobody wants or asked for. Change this back ASAP, people only played stadium BECAUSE of how it was.

Edit: On the 30th of October the devs listened to the peoples voice and reverted back to the 7 round format.",1760473118,1762169296,True,0,0,0.5,0,False,False,False,False
150614120,"{'steamid': '76561197961227700', 'num_games_owned': 859, 'num_reviews': 7, 'playtime_forever': 177139, 'playtime_last_two_weeks': 3359, 'playtime_at_review': 176792, 'last_played': 1762285009}",english,"Great game ruined by the broken promises

Edit: Still a great game, Love the change where the devs actually listen to the community feedback so changing to a positive review. Hope the devs stay doing what they're doing with the frequent updates and listening to the community feedback

Edit 2: i think i got stockholm syndrome


Edit 3: SAVE ME

Edit 4: rip me ig

Edit 5: I cant escape this game :c",1700594325,1762168644,True,0,0,0.5,0,False,False,False,False
208306980,"{'steamid': '76561198826285982', 'num_games_owned': 627, 'num_reviews': 46, 'playtime_forever': 26083, 'playtime_last_two_weeks': 0, 'playtime_at_review': 26083, 'last_played': 1731146730}",japanese,"最近はすっかりやらなくなってしまいました...
ゲームとしては他にない楽しさがあるとは思いますが、バランスの悪さ・チームゲー故の暴言の数々とマイナスな要素がかなり強く出てしまっているのでカジュアルに楽しむだけならいいとは思いますがランクはおすすめしません。
タンクはいつまでつらい思いをするんだろうか...",1762168179,1762168179,False,0,0,0.5,0,False,False,False,False
208306713,"{'steamid': '76561199122509867', 'num_games_owned': 0, 'num_reviews': 6, 'playtime_forever': 154, 'playtime_last_two_weeks': 154, 'playtime_at_review': 21, 'last_played': 1762270658}",english,Didn't feel like adding my phone number to my battlenet account I've had since high school without issue so ain't got an opinion on the actual game.,1762167830,1762167830,False,0,1,0.5,0,False,False,False,False
208306564,"{'steamid': '76561199492513004', 'num_games_owned': 89, 'num_reviews': 9, 'playtime_forever': 63, 'playtime_last_two_weeks': 41, 'playtime_at_review': 27, 'last_played': 1762288039}",russian,"ебаное говно в которое даже зайти нормально нельзя, близзарды пидорасы",1762167629,1762167629,False,0,0,0.5,0,False,False,False,False
208306357,"{'steamid': '76561199542921995', 'num_games_owned': 116, 'num_reviews': 3, 'playtime_forever': 63069, 'playtime_last_two_weeks': 3814, 'playtime_at_review': 62996, 'last_played': 1762261498}",english,"i love this game,its nit bcs i win a lot,xd,bcs its my childhood dream,it makes me have many good and nice friends,make my life more funny",1762167357,1762167357,True,1,0,0.5,0,False,False,False,False
184608528,"{'steamid': '76561199792775763', 'num_games_owned': 0, 'num_reviews': 22, 'playtime_forever': 10297, 'playtime_last_two_weeks': 344, 'playtime_at_review': 10112, 'last_played': 1762262987}",english,Don't listen to the negative reviews its all marvel rivals kids,1735891752,1762167237,True,0,0,0.5,0,False,False,False,False
148067298,"{'steamid': '76561199087681962', 'num_games_owned': 0, 'num_reviews': 12, 'playtime_forever': 185675, 'playtime_last_two_weeks': 3517, 'playtime_at_review': 185048, 'last_played': 1762283247}",japanese,サブ垢を使ってる奴は負け犬(^^)お前やお前(^^),1697100514,1762166900,False,0,0,0.485294133424758911,0,False,False,False,False
208305792,"{'steamid': '76561198253874321', 'num_games_owned': 110, 'num_reviews': 25, 'playtime_forever': 13191, 'playtime_last_two_weeks': 418, 'playtime_at_review': 13106, 'last_played': 1762263656}",english,"good game dont let the reviews sway you, its old reviews from launch they fixed most complaints of the fanbase",1762166622,1762166622,True,1,0,0.508196711540222168,0,False,False,False,False
208304123,"{'steamid': '76561199192892806', 'num_games_owned': 0, 'num_reviews': 1, 'playtime_forever': 8012, 'playtime_last_two_weeks': 2201, 'playtime_at_review': 7659, 'last_played': 1762268434}",japanese,totemoomosiroi,1762164276,1762164276,True,0,0,0.5,0,False,False,False,False
208303584,"{'steamid': '76561199466353000', 'num_games_owned': 0, 'num_reviews': 12, 'playtime_forever': 11945, 'playtime_last_two_weeks': 0, 'playtime_at_review': 11945, 'last_played': 1760785482}",russian,Круто,1762163543,1762163543,True,0,0,0.476190477609634399,0,False,False,False,False
208303549,"{'steamid': '76561199069443674', 'num_games_owned': 0, 'num_reviews': 5, 'playtime_forever': 3770, 'playtime_last_two_weeks': 1912, 'playtime_at_review': 3587, 'last_played': 1762260173}",english,i am NEVER playing this AGAIN !!!!!!!,1762163498,1762163498,False,0,0,0.491803258657455444,0,False,False,False,False
208302621,"{'steamid': '76561198394343272', 'num_games_owned': 133, 'num_reviews': 39, 'playtime_forever': 5907, 'playtime_last_two_weeks': 283, 'playtime_at_review': 5755, 'last_played': 1762250308}",english,if you play doom you genuinely dont deserve to breathe the same air as me,1762162125,1762162125,False,1,0,0.491803258657455444,0,False,False,False,False
208302583,"{'steamid': '76561198138382154', 'num_games_owned': 0, 'num_reviews': 16, 'playtime_forever': 75695, 'playtime_last_two_weeks': 261, 'playtime_at_review': 75625, 'last_played': 1762276327}",russian,хyйня,1762162063,1762162063,True,2,0,0.546827793121337891,0,False,False,False,False
187854855,"{'steamid': '76561199044276336', 'num_games_owned': 0, 'num_reviews': 3, 'playtime_forever': 64093, 'playtime_last_two_weeks': 1320, 'playtime_at_review': 63958, 'last_played': 1762205228}",english,"I've seen enough, nerf every character to the ground and blame the supports.",1739496628,1762160632,True,2,0,0.545454561710357666,0,False,False,False,False
208300508,"{'steamid': '76561198831464634', 'num_games_owned': 117, 'num_reviews': 5, 'playtime_forever': 19, 'playtime_last_two_weeks': 19, 'playtime_at_review': 8, 'last_played': 1762158946}",schinese,取消战网登录吧好吗？比ea平台更垃圾的玩意拿来恶心谁？,1762158872,1762158872,False,0,0,0.5,0,False,False,False,False
208298683,"{'steamid': '76561199222890153', 'num_games_owned': 0, 'num_reviews': 2, 'playtime_forever': 1021, 'playtime_last_two_weeks': 386, 'playtime_at_review': 1021, 'last_played': 1762155251}",italian,"Non sembra neanche di star giocando tanto è rapido e ''incasinato'' è dal punto di vista fps, non so se questo gioco è ok, oppure merda camuffata da cioccolata con gli zuccherini. Nel dubbio non giocateci, o se dovete giocarci, giocate solo Arcade.",1762155899,1762155899,False,0,0,0.5,0,False,False,False,False
178077151,"{'steamid': '76561198449673517', 'num_games_owned': 0, 'num_reviews': 7, 'playtime_forever': 55480, 'playtime_last_two_weeks': 2229, 'playtime_at_review': 55109, 'last_played': 1762286731}",latam,"Basura de juego. Ban porque se enojan la gente cristal, la puta penalización por abandono y hasta cuando se te cierra de la nada el juego, te bajan cualquier mierda por gente vaginosa cristalina. Una mierda todo mejor dicho. 
trash game lleno de puros fracasados xD",1730349078,1762154742,False,9,5,0.541754841804504395,0,False,False,False,False
208297085,"{'steamid': '76561199570287841', 'num_games_owned': 14, 'num_reviews': 9, 'playtime_forever': 4625, 'playtime_last_two_weeks': 1965, 'playtime_at_review': 4617, 'last_played': 1762156456}",english,gud game as always,1762153360,1762153360,True,0,0,0.5,0,False,False,False,False
208296820,"{'steamid': '76561198807075817', 'num_games_owned': 0, 'num_reviews': 4, 'playtime_forever': 47416, 'playtime_last_two_weeks': 3141, 'playtime_at_review': 47328, 'last_played': 1762156792}",latam,"Cheaters vs Cheaters y blizzard no hace nada, pues no quieren perder jugadores, si eres un jugador legal a quien le gustan los retos limpios, este no es tu juego.",1762152966,1762152966,False,1,0,0.5,0,False,False,False,False
208296468,"{'steamid': '76561198061641143', 'num_games_owned': 0, 'num_reviews': 5, 'playtime_forever': 10183, 'playtime_last_two_weeks': 3284, 'playtime_at_review': 9789, 'last_played': 1762283243}",english,digital meth,1762152348,1762152348,True,1,0,0.508196711540222168,0,False,False,False,False
208296054,"{'steamid': '76561198960819787', 'num_games_owned': 0, 'num_reviews': 10, 'playtime_forever': 13707, 'playtime_last_two_weeks': 10, 'playtime_at_review': 13707, 'last_played': 1761478466}",japanese,このゲームに人生狂わされました,1762151688,1762151688,True,0,0,0.5,0,False,False,False,False
208295519,"{'steamid': '76561198439571377', 'num_games_owned': 0, 'num_reviews': 3, 'playtime_forever': 30, 'playtime_last_two_weeks': 30, 'playtime_at_review': 22, 'last_played': 1762151326}",schinese,想问一下正常登录后怎么玩呢，怎么还是玩不了,1762150833,1762150833,False,0,0,0.5,0,False,False,False,False
208295120,"{'steamid': '76561199175581903', 'num_games_owned': 266, 'num_reviews': 28, 'playtime_forever': 11, 'playtime_last_two_weeks': 11, 'playtime_at_review': 11, 'last_played': 1762095730}",schinese,傻逼东西，绑你老母的手机，有这功夫我直接去战网玩ow1得了😓,1762150160,1762150160,False,0,0,0.5,0,False,False,False,False
208295050,"{'steamid': '76561199500680514', 'num_games_owned': 0, 'num_reviews': 3, 'playtime_forever': 9630, 'playtime_last_two_weeks': 833, 'playtime_at_review': 9627, 'last_played': 1762236956}",english,"THIS GAME IS HORRIBLE >:(
",1762150020,1762150020,False,1,0,0.5,0,False,False,False,False
208295003,"{'steamid': '76561198108272026', 'num_games_owned': 0, 'num_reviews': 4, 'playtime_forever': 49658, 'playtime_last_two_weeks': 1, 'playtime_at_review': 49657, 'last_played': 1762155628}",english,Gets pretty good after the first 800 hours,1762149961,1762149961,True,0,1,0.5,0,False,False,False,False
152878644,"{'steamid': '76561198065335058', 'num_games_owned': 478, 'num_reviews': 17, 'playtime_forever': 8592, 'playtime_last_two_weeks': 0, 'playtime_at_review': 8592, 'last_played': 1756037594}",russian,Это очень плохо... просто отвратительно...,1701710103,1762149723,False,1,0,0.5,0,False,False,False,False
208294763,"{'steamid': '76561198886247561', 'num_games_owned': 7, 'num_reviews': 3, 'playtime_forever': 37585, 'playtime_last_two_weeks': 4619, 'playtime_at_review': 37585, 'last_played': 1762149519}",english,"The worst fps ever created. Horrible experience and overall, extremely bad support",1762149579,1762149579,False,1,0,0.5,0,False,False,False,False
208294243,"{'steamid': '76561199519173062', 'num_games_owned': 0, 'num_reviews': 1, 'playtime_forever': 60061, 'playtime_last_two_weeks': 1202, 'playtime_at_review': 59991, 'last_played': 1762152921}",english,I have an active addiction to this game and I cant help but play,1762148711,1762148711,False,0,0,0.5,0,False,True,False,False
208293518,"{'steamid': '76561198787525624', 'num_games_owned': 0, 'num_reviews': 1, 'playtime_forever': 4074, 'playtime_last_two_weeks': 871, 'playtime_at_review': 4055, 'last_played': 1762148641}",koreana,재밋슴 그냥 대충 게임흐름만 알면 어떻게든 굴러감,1762147551,1762147551,True,0,0,0.5,0,False,False,False,False
208293272,"{'steamid': '76561199016028058', 'num_games_owned': 0, 'num_reviews': 2, 'playtime_forever': 177, 'playtime_last_two_weeks': 158, 'playtime_at_review': 18, 'last_played': 1762230364}",english,no,1762147185,1762147185,False,0,0,0.5,0,False,False,False,False
208292912,"{'steamid': '76561198410694502', 'num_games_owned': 40, 'num_reviews': 7, 'playtime_forever': 735, 'playtime_last_two_weeks': 449, 'playtime_at_review': 290, 'last_played': 1762260409}",schinese,good,1762146630,1762146630,True,0,0,0.5,0,False,False,False,False
207615515,"{'steamid': '76561199315790490', 'num_games_owned': 203, 'num_reviews': 9, 'playtime_forever': 1699, 'playtime_last_two_weeks': 1699, 'playtime_at_review': 1614, 'last_played': 1762219817}",english,"I payed 60 dollars for this fuckass game

I played it longer; I still payed 60 dollars for this fuckass game",1761463718,1762145810,False,0,0,0.494323551654815674,0,False,False,False,False
182687658,"{'steamid': '76561198268642807', 'num_games_owned': 489, 'num_reviews': 113, 'playtime_forever': 4024, 'playtime_last_two_weeks': 229, 'playtime_at_review': 3794, 'last_played': 1762282657}",english,"they scammed me out of 80$ worth of currency that i lost due to their buggy launch and they said they will make sure it doesnt happen to anyone else in the future but didnt compensate me.

i haven't played since... F*** you blizzard.

edit, im playing again.. but still f*** you blizzard.",1734139254,1762144414,False,0,0,0.5,0,False,False,False,False
163507480,"{'steamid': '76561197963554547', 'num_games_owned': 0, 'num_reviews': 6, 'playtime_forever': 60442, 'playtime_last_two_weeks': 318, 'playtime_at_review': 60332, 'last_played': 1762279534}",english,"I have been playing since OW1. OW2 is a complete money grab. They focus more on charging for cosmetics than fixing the game when it breaks due to poor balancing. What made OW2 was the PvE experience. That is no longer a thing. So what is left is the switch from 6v6 to 5v5 and they are still struggling to balance. Or again as I said they are spending the time with cosmetics instead.

Update: still a cash grab",1713973368,1762143903,False,1,0,0.523809552192687988,0,False,False,False,False
155785623,"{'steamid': '76561198381998448', 'num_games_owned': 157, 'num_reviews': 9, 'playtime_forever': 1911, 'playtime_last_two_weeks': 0, 'playtime_at_review': 1911, 'last_played': 1745542759}",english,Would rather snort fire ants then play this dog sh*t,1705022219,1762142536,False,1,0,0.523809552192687988,0,False,False,False,False
208289992,"{'steamid': '76561199753469612', 'num_games_owned': 0, 'num_reviews': 2, 'playtime_forever': 2051, 'playtime_last_two_weeks': 2051, 'playtime_at_review': 1923, 'last_played': 1762227387}",english,"i mean its not terrible, but some heros need a nerf.",1762142379,1762142379,True,0,0,0.476190477609634399,0,False,False,False,False
145813922,"{'steamid': '76561198149748388', 'num_games_owned': 166, 'num_reviews': 16, 'playtime_forever': 1168, 'playtime_last_two_weeks': 520, 'playtime_at_review': 798, 'last_played': 1762229072}",english,"i unironically think overwatch is making a comeback, the slime known as bobby kotick has been gone since 2023 and after touching the game again I see nothing but improvements, i used to PRAY for ts",1694034663,1762142234,True,0,0,0.525862038135528564,0,False,False,False,False
208289374,"{'steamid': '76561198346386108', 'num_games_owned': 0, 'num_reviews': 12, 'playtime_forever': 310, 'playtime_last_two_weeks': 310, 'playtime_at_review': 310, 'last_played': 1762141261}",english,Bad Game,1762141499,1762141499,False,0,0,0.5,2,False,False,False,False
208289258,"{'steamid': '76561199870664000', 'num_games_owned': 0, 'num_reviews': 1, 'playtime_forever': 12083, 'playtime_last_two_weeks': 894, 'playtime_at_review': 11988, 'last_played': 1762216210}",english,crankin my hog crankin my hog GOBLESS,1762141349,1762141349,True,1,0,0.523809552192687988,0,False,False,False,False
144333002,"{'steamid': '76561198180380787', 'num_games_owned': 238, 'num_reviews': 169, 'playtime_forever': 12558, 'playtime_last_two_weeks': 1734, 'playtime_at_review': 11976, 'last_played': 1762281572}",english,I want Roadhog and Moira to tag-team my asshole <33,1692189847,1762141203,False,0,0,0.5,0,False,False,False,False
143926758,"{'steamid': '76561198210230968', 'num_games_owned': 203, 'num_reviews': 12, 'playtime_forever': 10971, 'playtime_last_two_weeks': 2149, 'playtime_at_review': 10567, 'last_played': 1762287228}",english,ig it's alright,1691785772,1762140418,True,0,0,0.5,0,False,False,False,False
208288232,"{'steamid': '76561198141241469', 'num_games_owned': 0, 'num_reviews': 3, 'playtime_forever': 150, 'playtime_last_two_weeks': 150, 'playtime_at_review': 55, 'last_played': 1762216784}",latam,"malisimo nefasto me aburri increible parecia que estaba jugando maokai en top casi me quedo dormido, esta bueno para cuando tenes insomnio. me vendieron humo con este juego.",1762139927,1762139927,False,0,1,0.479452043771743774,0,False,False,False,False
208287787,"{'steamid': '76561199422007120', 'num_games_owned': 0, 'num_reviews': 1, 'playtime_forever': 19190, 'playtime_last_two_weeks': 662, 'playtime_at_review': 19144, 'last_played': 1762142058}",english,like,1762139334,1762139334,True,0,0,0.5,0,False,False,False,False
208287458,"{'steamid': '76561199069116264', 'num_games_owned': 0, 'num_reviews': 1, 'playtime_forever': 20349, 'playtime_last_two_weeks': 702, 'playtime_at_review': 20331, 'last_played': 1762140016}",english,So full of hackers it's unbelievable. it's honestly unplayable. total garbage. would recommend doing literally anything else.,1762138908,1762138908,False,0,0,0.5,0,False,False,False,False
208287456,"{'steamid': '76561198446655776', 'num_games_owned': 38, 'num_reviews': 12, 'playtime_forever': 12208, 'playtime_last_two_weeks': 1330, 'playtime_at_review': 11940, 'last_played': 1762226429}",english,monitor go kapoot when comp,1762138905,1762138905,False,0,0,0.5,0,False,False,False,False
208287437,"{'steamid': '76561199882184822', 'num_games_owned': 0, 'num_reviews': 1, 'playtime_forever': 378, 'playtime_last_two_weeks': 378, 'playtime_at_review': 261, 'last_played': 1762212182}",brazilian,"relação de amor e ódio
",1762138873,1762138873,True,0,0,0.5,0,False,False,False,False
208286990,"{'steamid': '76561199102364528', 'num_games_owned': 24, 'num_reviews': 2, 'playtime_forever': 7030, 'playtime_last_two_weeks': 278, 'playtime_at_review': 7030, 'last_played': 1762060909}",brazilian,"Well this games sucks, but I love Kirko so I'll keep playing. Anyways theres a cat to make your day better, you deserve it after losing all your matches!
              
                ╱|、
              (˚ˎ 。7  
              |、˜〵          
             じしˍ,)ノ",1762138318,1762138318,False,0,0,0.5,0,False,False,False,False
208286868,"{'steamid': '76561198244363472', 'num_games_owned': 0, 'num_reviews': 6, 'playtime_forever': 54, 'playtime_last_two_weeks': 54, 'playtime_at_review': 54, 'last_played': 1762137970}",english,"Setting up a battle.net account for this POS of a game is too invasive. They want every conceivable piece of information from you, including ID, Phone number. No, not with the record of breaches that have been happening, and the massive breach this company has already faced. This game is not worth such invasive requirements to play.",1762138182,1762138182,False,1,0,0.52173912525177002,0,False,False,False,False
208286651,"{'steamid': '76561198989266345', 'num_games_owned': 37, 'num_reviews': 7, 'playtime_forever': 2142, 'playtime_last_two_weeks': 314, 'playtime_at_review': 2142, 'last_played': 1761945158}",spanish,trash,1762137878,1762137878,True,0,0,0.5,0,False,False,False,False
144002517,"{'steamid': '76561198026179060', 'num_games_owned': 0, 'num_reviews': 19, 'playtime_forever': 65196, 'playtime_last_two_weeks': 1010, 'playtime_at_review': 64762, 'last_played': 1762214780}",english,"only dogshit games(ow2&rivals) ban players for leaving 1/10 quick play matches because they still somehow only know how to match make complete stomps. ether get rid of matchmaking in qp or make it able to actually somewhat properly balance games.  Or better yet dont fucking ban people for leaving your dogass matching qp games

trash ass woke overbearing game. ",1691850607,1762137286,False,0,0,0.5,0,False,False,False,False
208285897,"{'steamid': '76561198218517171', 'num_games_owned': 0, 'num_reviews': 1, 'playtime_forever': 14916, 'playtime_last_two_weeks': 579, 'playtime_at_review': 14916, 'last_played': 1762136834}",spanish,"El matchmaking de este juego esta hecho por monos, si tu intención es frustrarte el 90% de las veces este es tu juego.",1762136915,1762136915,False,2,1,0.509803950786590576,0,False,False,False,False
208285611,"{'steamid': '76561197976241962', 'num_games_owned': 403, 'num_reviews': 27, 'playtime_forever': 4698, 'playtime_last_two_weeks': 1431, 'playtime_at_review': 4698, 'last_played': 1762136543}",english,Best shape Overwatch has ever been.,1762136550,1762136550,True,0,1,0.5,0,False,False,False,False
208285339,"{'steamid': '76561199538907091', 'num_games_owned': 21, 'num_reviews': 2, 'playtime_forever': 3562, 'playtime_last_two_weeks': 1386, 'playtime_at_review': 3562, 'last_played': 1762136174}",english,upgraded marvel rivals,1762136208,1762136208,True,0,0,0.5,0,False,False,False,False
208285307,"{'steamid': '76561198844353905', 'num_games_owned': 61, 'num_reviews': 40, 'playtime_forever': 1196, 'playtime_last_two_weeks': 1151, 'playtime_at_review': 903, 'last_played': 1762280070}",english,é bom,1762136173,1762136173,True,0,0,0.5,0,False,False,False,False
208284701,"{'steamid': '76561199177542830', 'num_games_owned': 248, 'num_reviews': 20, 'playtime_forever': 884, 'playtime_last_two_weeks': 75, 'playtime_at_review': 884, 'last_played': 1762135412}",english,everything about this game feels bad. actual ass.,1762135458,1762135458,False,1,0,0.523809552192687988,0,False,False,False,False
208284129,"{'steamid': '76561199806653528', 'num_games_owned': 0, 'num_reviews': 5, 'playtime_forever': 8, 'playtime_last_two_weeks': 3, 'playtime_at_review': 8, 'last_played': 1761687597}",italian,"Una gioco di mer da a livelli spaziali, dopo anni ci sono ancora pg op che letteralmente oneshottano la gente e altri che ci metti 3 anni, pg buggati come kiriko il cui suzu o il tp non funzionano, delay dei server che sono uno schifo, per non parlare del fallimento delle rank in cui anche se sei il migliore della tua squadra perdi la stessa quantità di punti di chi non ha fatto un caz zo durante tutto il match, è un gioco fallimentare per fro ci.
Ora invece parliamo di quei ri fiu ti della blizzard, tutto buonismo radical chich per fro cet ti sinistrati con i pg trans che si in cu la no tra di loro, poi è venuto fuori lo scandalo che il loro luogo di lavoro era pieno di molestie e sessismo, fate schifo, siete dei ri fiu ti disumani.
Per non parlare del fatto che se dici una parola in chat vieni reportata a prescindere dal contenuto da quei fro cet ti dei soy boy sfigati di mer da e ti viene sospeso l'account per nulla, sti ri fiu ti ri tar da ti... peggior gioco mai visto",1762134779,1762134779,False,0,0,0.5,0,False,False,False,False
208284047,"{'steamid': '76561199079518097', 'num_games_owned': 64, 'num_reviews': 17, 'playtime_forever': 710, 'playtime_last_two_weeks': 0, 'playtime_at_review': 710, 'last_played': 1746840487}",english,ruim,1762134683,1762134683,False,0,0,0.5,0,False,False,False,False
208283494,"{'steamid': '76561198132374693', 'num_games_owned': 310, 'num_reviews': 12, 'playtime_forever': 2030, 'playtime_last_two_weeks': 11, 'playtime_at_review': 2019, 'last_played': 1762138725}",english,♥,1762134060,1762134060,True,0,0,0.5,0,False,False,False,False
208283132,"{'steamid': '76561199166052235', 'num_games_owned': 0, 'num_reviews': 9, 'playtime_forever': 2773, 'playtime_last_two_weeks': 2497, 'playtime_at_review': 2047, 'last_played': 1762286757}",english,I like ts game but would not recommend it because of the community alone,1762133593,1762133593,False,3,0,0.555924952030181885,0,False,False,False,False
208283090,"{'steamid': '76561199834908572', 'num_games_owned': 25, 'num_reviews': 2, 'playtime_forever': 6082, 'playtime_last_two_weeks': 731, 'playtime_at_review': 6021, 'last_played': 1762215045}",brazilian,"Provavelmente o jogo mais famoso desse tópico, jogo sem bugs, servidores constantes (as vezes) personagens balanceados, oq mais estressa são os próprios team mates. Se vc não tiver em um grupo fechado, certamente vai passar raiva tentando subir de rank. Tank diff e suporte diff serão os seus maiores adversários.",1762133553,1762133553,True,0,1,0.5,1,False,False,False,False
208282868,"{'steamid': '76561198108020277', 'num_games_owned': 336, 'num_reviews': 50, 'playtime_forever': 15088, 'playtime_last_two_weeks': 397, 'playtime_at_review': 15088, 'deck_playtime_at_review': 27, 'last_played': 1761701645}",english,fun game,1762133294,1762133294,True,0,0,0.5,0,False,False,False,False
208282823,"{'steamid': '76561198141673987', 'num_games_owned': 168, 'num_reviews': 5, 'playtime_forever': 11690, 'playtime_last_two_weeks': 85, 'playtime_at_review': 11605, 'last_played': 1762238773}",latam,Mi relación con este juego es muy tóxica...,1762133243,1762133243,True,0,0,0.5,0,False,False,False,False
208282353,"{'steamid': '76561199679130136', 'num_games_owned': 0, 'num_reviews': 2, 'playtime_forever': 7766, 'playtime_last_two_weeks': 302, 'playtime_at_review': 7648, 'last_played': 1762287353}",english,trash,1762132723,1762132723,False,0,0,0.5,0,False,False,False,False
179764167,"{'steamid': '76561198781163753', 'num_games_owned': 206, 'num_reviews': 29, 'playtime_forever': 32388, 'playtime_last_two_weeks': 1924, 'playtime_at_review': 32388, 'last_played': 1762131659}",english,me like stadium,1732499402,1762131711,True,0,0,0.5,0,False,False,False,False
175038151,"{'steamid': '76561199360542476', 'num_games_owned': 0, 'num_reviews': 5, 'playtime_forever': 3426, 'playtime_last_two_weeks': 620, 'playtime_at_review': 3426, 'last_played': 1762130418}",german,m︎︎︎︎id,1726419918,1762130419,True,0,0,0.5,0,False,False,False,False
208279353,"{'steamid': '76561199526576344', 'num_games_owned': 0, 'num_reviews': 17, 'playtime_forever': 5994, 'playtime_last_two_weeks': 429, 'playtime_at_review': 5994, 'last_played': 1762129274}",brazilian,"jogo lixo, horroroso",1762129339,1762129339,True,0,0,0.5,0,False,False,False,False
174917224,"{'steamid': '76561199179452221', 'num_games_owned': 0, 'num_reviews': 9, 'playtime_forever': 62233, 'playtime_last_two_weeks': 357, 'playtime_at_review': 62233, 'last_played': 1761732151}",english,"Terrible matching mechanism, very unfriendly to individual players.",1726298030,1762129314,False,0,0,0.5,2,False,False,False,False
208278973,"{'steamid': '76561198862969224', 'num_games_owned': 0, 'num_reviews': 15, 'playtime_forever': 467, 'playtime_last_two_weeks': 0, 'playtime_at_review': 467, 'last_played': 1740845539}",english,gud gaem,1762128946,1762128946,True,0,0,0.5,0,False,False,False,False
208278916,"{'steamid': '76561198287755832', 'num_games_owned': 0, 'num_reviews': 1, 'playtime_forever': 483, 'playtime_last_two_weeks': 212, 'playtime_at_review': 433, 'last_played': 1762203988}",brazilian,"eu jogo desde 2016, muito bom",1762128881,1762128881,True,0,0,0.5,0,False,False,False,False
196330170,"{'steamid': '76561198262163624', 'num_games_owned': 241, 'num_reviews': 11, 'playtime_forever': 14530, 'playtime_last_two_weeks': 2975, 'playtime_at_review': 14411, 'last_played': 1762205534}",french,this game is so trash they have no matchmaking im diamand and i have gold in my team . YOU GET BANNED if the game crash . Toxic community i regret my 1600 hours in this game if my friend no play him i didnt touch him with a stick stay away,1748975596,1762128389,False,1,0,0.523809552192687988,0,False,False,False,False
204742711,"{'steamid': '76561199641656514', 'num_games_owned': 0, 'num_reviews': 3, 'playtime_forever': 9277, 'playtime_last_two_weeks': 1450, 'playtime_at_review': 9079, 'last_played': 1762287559}",english,"54 dollars for a Skin??????

",1758331914,1762128306,False,0,0,0.498839884996414185,0,False,False,False,False
175684103,"{'steamid': '76561199097056888', 'num_games_owned': 0, 'num_reviews': 2, 'playtime_forever': 88797, 'playtime_last_two_weeks': 1367, 'playtime_at_review': 88797, 'last_played': 1762127664}",english,"this game is so ass bruh istg, palying tank is like being upside down being told to run with someone hanging you from your balls. and playing support is like baby sitting dumb asses all game and dps is only fun if you tank doesnt need to be breast feed heals all game. season 12 update tank still sucks and support is still the same 10/10 game. season 19 update playing tank is still bad you get shitty ass mercy players who dont damage boost and go for bad ress when you in a 1v3. dps who dont swap when you having an off game or not . you can go 30 and 5 and the rest of the team goes negative cause they cant hit a fucking shot on someone whos at 20 hp, or i get stuck with shitty lw and juno players while the other teams get ana kiri bap. fuck this game and its shitty fucking matchmaking. istg people load comp to show off skins and no skill ",1727189124,1762128233,False,2,1,0.52173912525177002,0,False,False,False,False
208276846,"{'steamid': '76561198047336717', 'num_games_owned': 0, 'num_reviews': 28, 'playtime_forever': 341, 'playtime_last_two_weeks': 0, 'playtime_at_review': 341, 'last_played': 1729948383}",english,rivals has better gooning material ngl,1762126771,1762126771,False,1,0,0.514018714427947998,0,False,False,False,False
208275930,"{'steamid': '76561198150045910', 'num_games_owned': 27, 'num_reviews': 4, 'playtime_forever': 2948, 'playtime_last_two_weeks': 1043, 'playtime_at_review': 2883, 'last_played': 1762129825}",english,gewd,1762125886,1762125886,True,0,0,0.5,0,False,False,False,False
208275384,"{'steamid': '76561199843957841', 'num_games_owned': 0, 'num_reviews': 1, 'playtime_forever': 828, 'playtime_last_two_weeks': 117, 'playtime_at_review': 711, 'last_played': 1762227014}",english,"I hate and love this game. Maybe I hate myself because I play it. Either way, it's addictive.",1762125371,1762125371,True,0,0,0.5,0,False,True,False,False
208274858,"{'steamid': '76561198066635951', 'num_games_owned': 28, 'num_reviews': 1, 'playtime_forever': 343, 'playtime_last_two_weeks': 268, 'playtime_at_review': 74, 'last_played': 1762198712}",english,"After years with Overwatch 2, I’m stepping away because the competitive ranking system feels fundamentally unfair. In too many matches, players who contribute little lose or gain the same rating as teammates who carry the game. That parity rewards inactivity and punishes effort, making team play feel thankless. It’s exhausting to watch matches derailed by inactive teammates and still see identical rank adjustments across the board. Other games—like Marvel Rivals—handle performance-based ranking more effectively. Until Overwatch 2 meaningfully accounts for individual impact in its competitive mode, I can’t recommend it.",1762124866,1762124866,False,0,0,0.5,0,False,False,False,False
150615313,"{'steamid': '76561199230699081', 'num_games_owned': 0, 'num_reviews': 1, 'playtime_forever': 62118, 'playtime_last_two_weeks': 1086, 'playtime_at_review': 61810, 'last_played': 1762242585}",russian,ну и хуйня,1700594414,1762124841,True,0,0,0.5,0,False,True,False,False
208274732,"{'steamid': '76561199189958842', 'num_games_owned': 0, 'num_reviews': 1, 'playtime_forever': 9607, 'playtime_last_two_weeks': 157, 'playtime_at_review': 9607, 'last_played': 1762042344}",spanish,malisimo,1762124737,1762124737,False,0,0,0.5,0,False,False,False,False
143836189,"{'steamid': '76561198066241934', 'num_games_owned': 0, 'num_reviews': 31, 'playtime_forever': 19955, 'playtime_last_two_weeks': 1974, 'playtime_at_review': 19617, 'last_played': 1762242432}",english,"The gameplay is sublime but the shop is atrocious. Mythics are overpriced and get worse every season. They ignore heroes who haven't gotten skins in eons so they can pump out 100s of Mercy and Kiriko skins every season.

Activi$ion Blizzturd doesn't deserve any of your money.",1691724590,1762124532,False,0,0,0.5,0,False,False,False,False
208274080,"{'steamid': '76561199087658418', 'num_games_owned': 162, 'num_reviews': 10, 'playtime_forever': 3408, 'playtime_last_two_weeks': 1536, 'playtime_at_review': 3156, 'last_played': 1762224714}",english,Don't,1762124146,1762124146,False,0,0,0.5,0,False,False,False,False
208273547,"{'steamid': '76561199407870925', 'num_games_owned': 0, 'num_reviews': 1, 'playtime_forever': 901, 'playtime_last_two_weeks': 842, 'playtime_at_review': 702, 'last_played': 1762135540}",portuguese,"Jogo muito bom, 4 estrelas. Excelente pra jogar com amigos e conhecer outras pessoas pra jogar online. Tirar um sarro depois das partidas é divertido também. Ainda vale a pena em 2025 se você tem 1 ou 2 amigos pra jogar.",1762123668,1762123668,True,0,0,0.5,0,False,False,False,False
208273372,"{'steamid': '76561198074858003', 'num_games_owned': 0, 'num_reviews': 25, 'playtime_forever': 13049, 'playtime_last_two_weeks': 1151, 'playtime_at_review': 13049, 'last_played': 1762123161}",spanish,"5 entire min. to put u in a shi hole of a team, uninstalling this, sad cuz there is no any other good game of this genre, paladins is dead aswell",1762123501,1762123501,False,0,0,0.5,0,False,False,False,False
144650122,"{'steamid': '76561198146913153', 'num_games_owned': 107, 'num_reviews': 14, 'playtime_forever': 4452, 'playtime_last_two_weeks': 103, 'playtime_at_review': 4452, 'last_played': 1762122620}",brazilian,"Péssimo, partidas completamente desbalanceadas, 15+ minutos pra achar uma partida, o jogo é de graça mas você paga com sua sanidade mental, não existe um pingo de satisfação só estresse e derrota.",1692545276,1762123139,False,0,0,0.5,0,False,False,False,False
208272840,"{'steamid': '76561198026504394', 'num_games_owned': 164, 'num_reviews': 7, 'playtime_forever': 14185, 'playtime_last_two_weeks': 0, 'playtime_at_review': 14185, 'last_played': 1754672721}",english,To many Mercyplayers,1762123023,1762123023,False,0,0,0.5,0,False,False,False,False
208272464,"{'steamid': '76561199511045822', 'num_games_owned': 0, 'num_reviews': 3, 'playtime_forever': 415, 'playtime_last_two_weeks': 0, 'playtime_at_review': 415, 'last_played': 1723857770}",brazilian,jogo ruim da porra,1762122712,1762122712,False,1,0,0.523809552192687988,0,False,False,False,False
146483563,"{'steamid': '76561199104405551', 'num_games_owned': 0, 'num_reviews': 10, 'playtime_forever': 20007, 'playtime_last_two_weeks': 0, 'playtime_at_review': 20007, 'last_played': 1760493396}",english,"If the Persona 5 collab is good this will become a positive review

Unless I forget which I probably will

Hey I actually didn't forget, the collab was good besides the fact that D.va should have been Futaba",1694968211,1762122707,True,0,0,0.523809552192687988,0,False,False,False,False
208272182,"{'steamid': '76561198870563791', 'num_games_owned': 42, 'num_reviews': 2, 'playtime_forever': 887, 'playtime_last_two_weeks': 515, 'playtime_at_review': 887, 'last_played': 1761948706}",russian,"99% захвата точки стабильно,зачем стараться
Дополнительное время стабильно,зачем стараться
Играя в рейтинг,попадутся либо люди,с рождения играющие в эту игру,либо так,будто это первая игра в их жизни,редко попадутся твоего уровня
Рандомные попадания Хандзо стабильно,хит-бокс стрелы нормально да там всё?
Е-шка Гендзи ну тоже вы с ума сошли,она и ВИЧ-инфекцию отразит
Стадион удалите вообще,вы под чем там были

Визуально игра очень приятная,звуки попадания,эффекты,фразы,эмоции и про остальных персонажей не могу сказать,что они имбалансные.В целом игра хорошая,но все эти проблемы,описанные мною выше,напрочь отбивают желание играть в эту игру,хотя бы первые три проблемы пофиксить было бы неплохо.



",1762122477,1762122477,False,0,0,0.5,0,False,False,False,False
208270450,"{'steamid': '76561199418099233', 'num_games_owned': 0, 'num_reviews': 3, 'playtime_forever': 681, 'playtime_last_two_weeks': 645, 'playtime_at_review': 638, 'last_played': 1762138985}",english,"cassidy is hot
",1762121073,1762121073,True,0,0,0.5,0,False,False,False,False
145481328,"{'steamid': '76561198364662344', 'num_games_owned': 0, 'num_reviews': 6, 'playtime_forever': 11485, 'playtime_last_two_weeks': 320, 'playtime_at_review': 11370, 'last_played': 1762127059}",english,Why do i keep playing it,1693605339,1762120185,False,0,0,0.5,0,False,False,False,False
208268399,"{'steamid': '76561199525117293', 'num_games_owned': 0, 'num_reviews': 2, 'playtime_forever': 9018, 'playtime_last_two_weeks': 3467, 'playtime_at_review': 8335, 'last_played': 1762284335}",english,"soooooooooooooooooooooooooooo jouney is so good real never get banned
",1762119510,1762119510,True,0,0,0.5,0,False,False,False,False
208268258,"{'steamid': '76561198868619023', 'num_games_owned': 52, 'num_reviews': 3, 'playtime_forever': 6843, 'playtime_last_two_weeks': 1036, 'playtime_at_review': 6687, 'last_played': 1762199247}",english,"BAD
\
",1762119408,1762119408,False,0,1,0.5,0,False,False,False,False
208268050,"{'steamid': '76561199233929008', 'num_games_owned': 0, 'num_reviews': 1, 'playtime_forever': 25235, 'playtime_last_two_weeks': 2366, 'playtime_at_review': 25235, 'last_played': 1762119044}",english,it was good then it was bad but now its less bad,1762119272,1762119272,True,0,0,0.5,0,False,True,False,False
208267927,"{'steamid': '76561198844060007', 'num_games_owned': 188, 'num_reviews': 10, 'playtime_forever': 13520, 'playtime_last_two_weeks': 0, 'playtime_at_review': 13520, 'last_played': 1758742957}",russian,хyйня,1762119172,1762119172,False,4,0,0.549861490726470947,0,False,False,False,False
145557367,"{'steamid': '76561199133312298', 'num_games_owned': 28, 'num_reviews': 5, 'playtime_forever': 2184, 'playtime_last_two_weeks': 0, 'playtime_at_review': 2184, 'last_played': 1698266928}",english,cvbsdfgxcvb,1693697676,1762119061,False,1,0,0.5,0,False,False,False,False
208266822,"{'steamid': '76561198833434489', 'num_games_owned': 163, 'num_reviews': 50, 'playtime_forever': 3682, 'playtime_last_two_weeks': 185, 'playtime_at_review': 3682, 'last_played': 1762118290}",english,Everything about this game makes me feel so bad just negative vibes in general with the way they do business,1762118380,1762118380,False,0,0,0.5,0,False,False,False,False
208265540,"{'steamid': '76561199411389482', 'num_games_owned': 60, 'num_reviews': 26, 'playtime_forever': 2216, 'playtime_last_two_weeks': 1513, 'playtime_at_review': 2118, 'last_played': 1762202317}",brazilian,"achei dahora, divertido as vzs",1762117530,1762117530,True,0,0,0.5,0,False,False,False,False
208264729,"{'steamid': '76561199448434682', 'num_games_owned': 0, 'num_reviews': 25, 'playtime_forever': 964, 'playtime_last_two_weeks': 964, 'playtime_at_review': 946, 'last_played': 1762227707}",latam,bro...,1762117028,1762117028,True,0,0,0.5,0,False,False,False,False
144330256,"{'steamid': '76561198007203935', 'num_games_owned': 416, 'num_reviews': 66, 'playtime_forever': 33382, 'playtime_last_two_weeks': 1190, 'playtime_at_review': 33216, 'deck_playtime_at_review': 330, 'last_played': 1762264229}",italian,"Quando Overwatch 2 è uscito, avevo scritto una recensione molto negativa, anzi, una vera e propra blastata, non tanto per il gioco in sé, ma per come gli sviluppatori avevano gestito la transizione dal primo capitolo. Overwatch 1 era stato lasciato morire per anni con la promessa che il 2 sarebbe stato il gioco BOMBA come i vecchi tempi.
ma ahime il 2 era arrivato con pochissime novità reali, solo tre nuovi eroi, due mappe e la cancellazione della tanto promessa modalità PvE a storia e soprattutto la cancellazione degli eventi Esport. Tutto questo aveva lasciato un grande senso di delusione nella community e soprattutto la paura della cancellazione del gioco e della chiusura dei server.

Oggi però, dopo tre anni, posso dire che il gioco si è ripreso alla grande. Overwatch 2 è migliorato sotto quasi ogni aspetto: sono stati introdotti tanti contenuti nuovi, nuove modalità e un sistema di progressione molto più equilibrato. Blizzard ha finalmente rimosso il sistema predatorio delle skin che era tutto a pagamento nei primi tempi, e ora regala monete premium ogni mese. Anche i Battle Pass sono molto più generosi, permettendo di ottenere monete e ricompense anche senza spendere soldi reali.

Le nuove modalità come Punto Critico, Stadium, la possibilità di votare le mappe e perfino di bannare gli eroi hanno aggiunto una ventata di freschezza al gameplay. Inoltre, il ritorno della modalità 6v6, sia normale che competitiva ha riportato quel feeling “old school” che i fan del primo Overwatch avevano tanto amato.

Dopo anni difficili, Overwatch 2 è finalmente tornato a essere il gioco divertente, dinamico e ben bilanciato che avrebbe dovuto essere fin dall’inizio.
Consigliato a chiunque l’avesse abbandonato.
vale la pena tornare a provarlo.",1692187028,1762116993,True,0,0,0.684839010238647461,1,False,False,False,False
208263699,"{'steamid': '76561199111340533', 'num_games_owned': 0, 'num_reviews': 25, 'playtime_forever': 413, 'playtime_last_two_weeks': 413, 'playtime_at_review': 201, 'last_played': 1762230412}",english,i love gay people!!! gay + GUNS YEAAAY!!!,1762116411,1762116411,True,1,0,0.505434811115264893,0,False,False,False,False
208263494,"{'steamid': '76561199223696574', 'num_games_owned': 0, 'num_reviews': 1, 'playtime_forever': 410, 'playtime_last_two_weeks': 410, 'playtime_at_review': 410, 'last_played': 1761663703}",french,Surcoté,1762116276,1762116276,True,0,0,0.5,0,False,True,False,False
145611146,"{'steamid': '76561198147572525', 'num_games_owned': 87, 'num_reviews': 17, 'playtime_forever': 45386, 'playtime_last_two_weeks': 993, 'playtime_at_review': 45233, 'last_played': 1762278926}",english,"Avoiding teammates isn't enough, I need them to die",1693766334,1762116254,False,0,0,0.5,0,False,False,False,False
208263300,"{'steamid': '76561199716924879', 'num_games_owned': 0, 'num_reviews': 1, 'playtime_forever': 654, 'playtime_last_two_weeks': 615, 'playtime_at_review': 514, 'last_played': 1762286584}",french,incroyable,1762116113,1762116113,True,0,0,0.476190477609634399,0,False,False,False,False
152664752,"{'steamid': '76561198798180189', 'num_games_owned': 0, 'num_reviews': 3, 'playtime_forever': 11767, 'playtime_last_two_weeks': 63, 'playtime_at_review': 11703, 'last_played': 1762255388}",brazilian,O único desafio real aqui é não desistir.,1701454372,1762115401,False,0,0,0.5,0,False,False,False,False
208260632,"{'steamid': '76561198418241357', 'num_games_owned': 166, 'num_reviews': 7, 'playtime_forever': 26155, 'playtime_last_two_weeks': 614, 'playtime_at_review': 26155, 'last_played': 1762108067}",english,"i like this game. don't care about pve.
now please give me 50 jester awards.",1762114162,1762114162,True,1,0,0.523809552192687988,0,False,False,False,False
208260236,"{'steamid': '76561199245278293', 'num_games_owned': 0, 'num_reviews': 2, 'playtime_forever': 79864, 'playtime_last_two_weeks': 6920, 'playtime_at_review': 78979, 'last_played': 1762269617}",german,❤️❤️❤️,1762113893,1762113893,True,0,0,0.5,0,False,False,False,False
208260229,"{'steamid': '76561198273768877', 'num_games_owned': 0, 'num_reviews': 2, 'playtime_forever': 420, 'playtime_last_two_weeks': 420, 'playtime_at_review': 188, 'last_played': 1762193359}",english,Naigre for the win.,1762113888,1762113888,True,0,0,0.5,0,False,False,False,False
208259360,"{'steamid': '76561198241077448', 'num_games_owned': 0, 'num_reviews': 4, 'playtime_forever': 495, 'playtime_last_two_weeks': 337, 'playtime_at_review': 495, 'last_played': 1762112889}",english,"I played the v1 and game stays the same:
1) Matchmaking directed by machine learning to maximize sale of cosmetics (which you supposed to buy after lose strike)
2) All kinda of random stuff, starting from loot boxes and ending up map selection, a casino machine out of the game
3) Cheaters everywhere: high bronze players with 100% hit rate on moving targets
4) Minor gameplay changes over many years",1762113309,1762113309,False,1,0,0.5,0,False,False,False,False
208258674,"{'steamid': '76561199796303711', 'num_games_owned': 0, 'num_reviews': 1, 'playtime_forever': 15869, 'playtime_last_two_weeks': 2616, 'playtime_at_review': 15601, 'last_played': 1762199311}",english,nigga,1762112847,1762112847,True,0,0,0.5,0,False,False,False,False
208258556,"{'steamid': '76561199102210612', 'num_games_owned': 64, 'num_reviews': 8, 'playtime_forever': 1515, 'playtime_last_two_weeks': 4, 'playtime_at_review': 1510, 'last_played': 1762121733}",english,put the marvel rival in the bag brodie,1762112783,1762112783,False,2,0,0.523809552192687988,0,False,False,False,False
208258183,"{'steamid': '76561198310581405', 'num_games_owned': 0, 'num_reviews': 16, 'playtime_forever': 48976, 'playtime_last_two_weeks': 930, 'playtime_at_review': 48878, 'last_played': 1762214002}",brazilian,Moira,1762112552,1762112552,False,2,0,0.545454561710357666,0,False,True,False,False
187159915,"{'steamid': '76561198083673945', 'num_games_owned': 0, 'num_reviews': 4, 'playtime_forever': 1274, 'playtime_last_two_weeks': 231, 'playtime_at_review': 1185, 'last_played': 1762196731}",english,"What was a great game (Overwatch 1) robbed of its soul and spirit for a cash grab, season passes and $25 skins. They promised us a whole new PVE experience with OW2 and just abandoned it to turn it into a cash grab.

Edit: Upon playing recently, they have returned 6v6 open queue (original overwatch), but so many microtransactions it ruins the exceperience. Can we have OW1 back?",1738689413,1762112486,False,2,0,0.5,0,False,False,False,False
208256880,"{'steamid': '76561198981909488', 'num_games_owned': 0, 'num_reviews': 21, 'playtime_forever': 362, 'playtime_last_two_weeks': 115, 'playtime_at_review': 346, 'last_played': 1762112595}",english,"This game is so ass, I would rather gargle 3 litters of vinger than have to play this for 5 more hours.",1762111784,1762111784,False,1,0,0.5,0,False,False,False,False
159691928,"{'steamid': '76561198371679149', 'num_games_owned': 0, 'num_reviews': 56, 'playtime_forever': 9219, 'playtime_last_two_weeks': 297, 'playtime_at_review': 9219, 'last_played': 1762034578}",english,STAY AWAY DON'T PLAY THIS GAME DON'T FALL FOR IT OH GOD HELP ME  IJNAWONPJFSA0N9IFAIJOFSPEFEASIOJV09JVE90JKB,1709391355,1762110620,False,1,0,0.502471804618835449,0,False,False,False,False
208254575,"{'steamid': '76561199871112572', 'num_games_owned': 3, 'num_reviews': 1, 'playtime_forever': 3035, 'playtime_last_two_weeks': 802, 'playtime_at_review': 2995, 'last_played': 1762112809}",russian,"Лучшая игра в мире, устроился на работу чтобы покупать в ней скины, СЛАВА БЛИЗЗАРД, СЛАВА РОССИИ!!!",1762110442,1762110442,True,0,1,0.5,0,False,False,False,False
172779164,"{'steamid': '76561198202242634', 'num_games_owned': 57, 'num_reviews': 9, 'playtime_forever': 101, 'playtime_last_two_weeks': 0, 'playtime_at_review': 101, 'last_played': 1711496783}",english,Niggerfist makes this game completely unplayable ,1724222136,1762110431,False,1,1,0.52173912525177002,0,False,False,False,False
208252039,"{'steamid': '76561198821259728', 'num_games_owned': 39, 'num_reviews': 1, 'playtime_forever': 21305, 'playtime_last_two_weeks': 74, 'playtime_at_review': 21305, 'last_played': 1761339893}",english,W,1762109273,1762109273,True,1,0,0.523809552192687988,0,False,False,False,False
208251871,"{'steamid': '76561199217401316', 'num_games_owned': 0, 'num_reviews': 3, 'playtime_forever': 1453, 'playtime_last_two_weeks': 1453, 'playtime_at_review': 1013, 'last_played': 1762225819}",japanese,ギリ蝉の抜け殻集めるより楽しい,1762109191,1762109191,True,0,0,0.5,0,False,False,False,False
187186433,"{'steamid': '76561198857166764', 'num_games_owned': 0, 'num_reviews': 4, 'playtime_forever': 464886, 'playtime_last_two_weeks': 19962, 'playtime_at_review': 461889, 'last_played': 1762287513}",polish,za duzo kalek umysłowych i bany za byle gówno  ale czasem fajnie sie gra ,1738715767,1762108772,True,0,0,0.5,0,False,False,False,False
208250999,"{'steamid': '76561199034550059', 'num_games_owned': 6, 'num_reviews': 5, 'playtime_forever': 575, 'playtime_last_two_weeks': 209, 'playtime_at_review': 575, 'last_played': 1762108681}",latam,EL RANKING ES MALISIMO ME TOCA CON PURO MALO ENCIMA ME TOCA CON UNOS RANGOS ALTISIMOS ESTANDO EN BRONCE,1762108736,1762108736,False,0,0,0.5,0,False,False,False,False
208250851,"{'steamid': '76561199244932582', 'num_games_owned': 0, 'num_reviews': 2, 'playtime_forever': 1348, 'playtime_last_two_weeks': 47, 'playtime_at_review': 1302, 'last_played': 1762170571}",japanese,unko,1762108636,1762108636,False,1,0,0.5,0,False,False,False,False
208250394,"{'steamid': '76561199384230308', 'num_games_owned': 0, 'num_reviews': 2, 'playtime_forever': 6596, 'playtime_last_two_weeks': 1074, 'playtime_at_review': 5941, 'last_played': 1762288123}",brazilian,por que a Blizzard odeia o Wrecking Ball?,1762108286,1762108286,False,0,0,0.5,0,False,False,False,False
164185457,"{'steamid': '76561198834331651', 'num_games_owned': 0, 'num_reviews': 15, 'playtime_forever': 28879, 'playtime_last_two_weeks': 3121, 'playtime_at_review': 28404, 'last_played': 1762269332}",german,"Hs- Game. Meine Randoms sind immer die schlechtesten, immer toxisch und haben das Spiel immer gerade zum ersten Mal gestartet. Jedenfalls spielen die so.",1714768114,1762107345,False,0,0,0.5,0,False,False,False,False
208248756,"{'steamid': '76561198214480019', 'num_games_owned': 57, 'num_reviews': 5, 'playtime_forever': 355, 'playtime_last_two_weeks': 44, 'playtime_at_review': 310, 'last_played': 1762111025}",brazilian,,1762107125,1762107125,True,0,0,0.5,0,False,False,False,False
208247948,"{'steamid': '76561198339092933', 'num_games_owned': 92, 'num_reviews': 6, 'playtime_forever': 10332, 'playtime_last_two_weeks': 1979, 'playtime_at_review': 9795, 'last_played': 1762283561}",english,i love killing one person and getting nuked by the entire enemy team,1762106516,1762106516,True,0,0,0.5,0,False,False,False,False
208247751,"{'steamid': '76561199152743213', 'num_games_owned': 127, 'num_reviews': 6, 'playtime_forever': 3248, 'playtime_last_two_weeks': 56, 'playtime_at_review': 3192, 'last_played': 1762126179}",english,I have 50 hours on Rivals and Overwatch Rivals is much more enjoyable overwatch makes me mad,1762106359,1762106359,False,1,0,0.523809552192687988,0,False,False,False,False
173288603,"{'steamid': '76561199626096602', 'num_games_owned': 0, 'num_reviews': 12, 'playtime_forever': 3926, 'playtime_last_two_weeks': 0, 'playtime_at_review': 3926, 'last_played': 1754296358}",koreana,오랜만에 하면 이것만큼 재밌는게 없는데 질리는거는 또 ㅈㄴ 금방 질림 그래도 ㄹㅇ 재미는 있으니깐 돈 드는것도 아닌데 다들 한번쯤은 해보길 권장함,1724555938,1762106098,True,0,0,0.5,0,False,False,False,False
208247286,"{'steamid': '76561198164968915', 'num_games_owned': 37, 'num_reviews': 3, 'playtime_forever': 4052, 'playtime_last_two_weeks': 1491, 'playtime_at_review': 3795, 'last_played': 1762213481}",schinese,铁拳走开啊！！！！！！！！！,1762106010,1762106010,True,0,0,0.5,0,False,False,False,False
208246780,"{'steamid': '76561199014174728', 'num_games_owned': 79, 'num_reviews': 6, 'playtime_forever': 1652, 'playtime_last_two_weeks': 0, 'playtime_at_review': 1652, 'last_played': 1740931297}",english,,1762105630,1762105630,True,0,0,0.5,0,False,False,False,False
144216848,"{'steamid': '76561198960761812', 'num_games_owned': 0, 'num_reviews': 26, 'playtime_forever': 9058, 'playtime_last_two_weeks': 0, 'playtime_at_review': 9058, 'last_played': 1738726519}",english,:( BAD MANAGEMENT!,1692055120,1762105586,False,3,0,0.545454561710357666,0,False,False,False,False
163048385,"{'steamid': '76561199029691819', 'num_games_owned': 80, 'num_reviews': 16, 'playtime_forever': 10510, 'playtime_last_two_weeks': 2161, 'playtime_at_review': 10312, 'last_played': 1762140191}",english,I gotta say they really did it. This game is in a phenomenal state and has become vastly more pro consumer with the addition of loot boxes. 6v6 being added back made me enjoy this game again.,1713365828,1762105104,True,0,0,0.474285632371902466,0,False,False,False,False
148077105,"{'steamid': '76561198189931545', 'num_games_owned': 18, 'num_reviews': 5, 'playtime_forever': 26230, 'playtime_last_two_weeks': 0, 'playtime_at_review': 26230, 'last_played': 1759081315}",english,pve sukk,1697117907,1762104770,True,0,0,0.5,0,False,False,False,False
208244425,"{'steamid': '76561199217644428', 'num_games_owned': 0, 'num_reviews': 1, 'playtime_forever': 746, 'playtime_last_two_weeks': 397, 'playtime_at_review': 558, 'last_played': 1762204517}",russian,"крутая игра, рублюсь каждый день",1762103859,1762103859,True,0,0,0.5,0,False,True,False,False
208243785,"{'steamid': '76561198354889874', 'num_games_owned': 0, 'num_reviews': 20, 'playtime_forever': 1572, 'playtime_last_two_weeks': 371, 'playtime_at_review': 1200, 'last_played': 1762287558}",polish,fajna gra ale idzie dostać pierdolca,1762103387,1762103387,False,0,0,0.5,0,False,False,False,False
208243575,"{'steamid': '76561198278492670', 'num_games_owned': 51, 'num_reviews': 61, 'playtime_forever': 566, 'playtime_last_two_weeks': 413, 'playtime_at_review': 413, 'last_played': 1762259678}",english,Pretty good. But Team Fortress 2 is better.,1762103230,1762103230,True,0,0,0.5,0,False,False,False,False
200313728,"{'steamid': '76561198088436016', 'num_games_owned': 0, 'num_reviews': 17, 'playtime_forever': 190, 'playtime_last_two_weeks': 0, 'playtime_at_review': 190, 'last_played': 1750623426}",russian,"Такое ощущение , что собрали всех даунов со всей игровой индустрии и посадили их в близард. Мало того , что игра превратилась в лютейший кал с циферкой 2 , с аудиторией одних конченных обиженок , так надо еще было ввести систему ограничений на ливы с быстрой игры . Конечно проще же наказывать игроков , чем делать нормальные , интересные карты и режимы. Но что самое забавное , когда у этих обезьян серваки выдают ошибки , и игру просто невозможно закончить , потому что в конце катки будет ошибка сервера и запуск новой карты , ты ливаешь и получаешь  бан на регу , либо у вас интернет вдруг работает не так , как игре нравится , вылетай из матча получай тот же  бан . Что мне больше всего нравится, если ты хочешь ливнуть с матча , написано сообщение мол вы портите другим игрокам впечатления от игры, ливая с матчей. Но никто не портит впечатления от игры больше , чем сами близард. А еще засуньте себе свой подбор игроков в зад , какого хрена мне платине суют в подборы мастеров и 500 лучших , вы со своей наркотой совсем обдолбались 
",1753116381,1762102959,False,0,0,0.493827164173126221,0,False,False,False,False
208242301,"{'steamid': '76561198212155804', 'num_games_owned': 66, 'num_reviews': 19, 'playtime_forever': 47, 'playtime_last_two_weeks': 0, 'playtime_at_review': 47, 'last_played': 1753289221}",russian,"Хотел создать новый аккаунт,но ты живешь в СНГ и получаешь:

░░░░█─────────────█──▀──
░░░░▓█───────▄▄▀▀█──────
░░░░▒░█────▄█▒░░▄░█─────
░░░░░░░▀▄─▄▀▒▀▀▀▄▄▀───
░░░░░░░░░█▒░░░░▄▀────
▒▒▒░░░░▄▀▒░░░░▄▀────
▓▓▓▓▒░█▒░░░░░█▄───
█████▀▒░░░░░█░▀▄─────
█████▒▒░░░▒█░░░▀▄───
███▓▓▒▒▒▀▀▀█▄░░░░█──────
▓██▓▒▒▒▒▒▒▒▒▒█░░░░█─────
▓▓█▓▒▒▒▒▒▒▓▒▒█░░░░░█────
░▒▒▀▀▄▄▄▄█▄▄▀░░░░░░░█─",1762102243,1762102835,False,1,0,0.505928874015808105,0,False,False,False,False
208241867,"{'steamid': '76561198255744336', 'num_games_owned': 237, 'num_reviews': 21, 'playtime_forever': 13, 'playtime_last_two_weeks': 13, 'playtime_at_review': 13, 'last_played': 1762101893}",russian,Заебись потрахался с ебаным балтнетом зайти не смог удавитесь нахуй сыновья дырявых шлюх,1762101922,1762101922,False,0,0,0.5,0,False,False,False,False
208241237,"{'steamid': '76561198821822448', 'num_games_owned': 0, 'num_reviews': 1, 'playtime_forever': 39207, 'playtime_last_two_weeks': 1311, 'playtime_at_review': 39180, 'last_played': 1762105613}",brazilian,Joguin de baitchola,1762101488,1762101488,True,0,0,0.5,0,False,False,False,False
152129247,"{'steamid': '76561198137205366', 'num_games_owned': 0, 'num_reviews': 7, 'playtime_forever': 23430, 'playtime_last_two_weeks': 453, 'playtime_at_review': 22976, 'last_played': 1762285370}",english,Recently game has improved and it is addictive to play. Recommended not to try or try at your own risk :P,1701035880,1762099005,True,0,0,0.476190477609634399,0,False,False,False,False
177436897,"{'steamid': '76561199129077072', 'num_games_owned': 0, 'num_reviews': 9, 'playtime_forever': 14963, 'playtime_last_two_weeks': 255, 'playtime_at_review': 14963, 'last_played': 1762098131}",english,"this game should have died years ago, I don't know why y'all keep playing this toxic game. There are so many other alternatives to this toxic and unbalanced game. Seek therapy and move on with your life in a positive way. ",1729466472,1762098244,False,2,0,0.523809552192687988,0,False,False,False,False
208235285,"{'steamid': '76561198883778355', 'num_games_owned': 21, 'num_reviews': 12, 'playtime_forever': 821, 'playtime_last_two_weeks': 15, 'playtime_at_review': 821, 'last_played': 1762097278}",english,ASS GAME NEVER PLAY THIS,1762097318,1762097318,False,2,0,0.523809552192687988,0,False,False,False,False
208235225,"{'steamid': '76561198346383059', 'num_games_owned': 64, 'num_reviews': 1, 'playtime_forever': 12, 'playtime_last_two_weeks': 12, 'playtime_at_review': 12, 'last_played': 1762096946}",schinese,垃圾中的垃圾，不想让人玩就直说。一个账号要我找充值记录，预充值才能找回。网易和战网一起去吃大粪去吧,1762097274,1762097274,False,0,0,0.5,0,False,False,False,False
208235207,"{'steamid': '76561198064313827', 'num_games_owned': 0, 'num_reviews': 1, 'playtime_forever': 1131, 'playtime_last_two_weeks': 1131, 'playtime_at_review': 559, 'last_played': 1762278868}",english,"I dropped this game back when they killed one of my favorite games of all time, Overwatch, to replace it with a free to play Overwatch 2. Since then, I was too salty to ever give Overwatch 2 a proper chance. With the recent release of Marvel Rivals, it got me longing for the hero shooter genre again, so I gave Overwatch 2 a shot. 5v5 is still not my favorite, but man, the moment to moment gunplay and FPS mechanics in this game are just so polished. I’m back in like I never left.",1762097260,1762097260,True,1,0,0.507168471813201904,0,False,False,False,False
208234430,"{'steamid': '76561199544299985', 'num_games_owned': 0, 'num_reviews': 1, 'playtime_forever': 5579, 'playtime_last_two_weeks': 492, 'playtime_at_review': 5579, 'last_played': 1762067464}",japanese,vcでの数々の暴言、デスしたら味方からありがとうが何回ももらえます。数々のトロール、数々の不利マッチ、なんでダイヤ３なのに味方にプラチナ５のデュオが味方に来るんだよ、もう許してくださいブリザード、私はあなた達の実験ネズミではありませんあ、大丈夫です抗精神薬は間に合っています、私はマスターまで行きましたがもうだめですやるなら日本サーバーはやめましょう日本人の気持ち悪い人を集めて蠱毒を行い、生き残った人ような人が更に煮詰まった人しかいませんこのゲームやるくらいならクッキークリッカーやってください、以上ですさようなら。,1762096716,1762096716,True,1,0,0.5,0,False,False,False,False
208233525,"{'steamid': '76561198878154995', 'num_games_owned': 459, 'num_reviews': 10, 'playtime_forever': 85034, 'playtime_last_two_weeks': 519, 'playtime_at_review': 84878, 'last_played': 1762276009}",russian,если мы пойдем щас в овервоч мы поиграем только в овервоч устанем и разойдемся и никаких у нас не будет джекибокив cиcигеймов пиcигеймов тоже никаких не будет,1762096034,1762096034,True,0,0,0.5,0,False,False,False,False
143995130,"{'steamid': '76561198317848655', 'num_games_owned': 209, 'num_reviews': 13, 'playtime_forever': 41185, 'playtime_last_two_weeks': 1700, 'playtime_at_review': 41052, 'last_played': 1762269033}",english,"Amazing game if you have brain damage.
Rereleasing a game and marketing it as a new and improved game even though you only added a shop with insane prices and an insane amount of grinding required to unlock heroes even though they always were free before if you don't want to spend money on this is just a slap in the face to the community. 

Wanna spend money on a promised PvE mode only for it to be scrapped and then released mission by mission without any of the features promised and you have to buy all these missions one by one? I got the perfect game for you then.

At this point I am masochistic for coming back to this horrible game. There is not a single redeeming quality
2 years later, yep I am indeed a dumbass. Game hasn't changed though",1691845626,1762095132,False,1,1,0.481900602579116821,0,False,False,False,False
144859995,"{'steamid': '76561199248807101', 'num_games_owned': 572, 'num_reviews': 12, 'playtime_forever': 83, 'playtime_last_two_weeks': 0, 'playtime_at_review': 83, 'last_played': 1720618632}",schinese,"我与ow，在ow2更新后入坑，玩了一个赛季暴雪居然跑路了，该死的地精ceo。
老子冲了钱的。rnm，退钱。
国服再次回归后回来拿了奖励，热度也大不如前，只能说，自己作的。",1692801165,1762094441,False,2,0,0.54356849193572998,0,False,False,False,False
208230759,"{'steamid': '76561199036079917', 'num_games_owned': 0, 'num_reviews': 7, 'playtime_forever': 10065, 'playtime_last_two_weeks': 119, 'playtime_at_review': 9945, 'last_played': 1762112612}",french,a chier,1762093977,1762093977,True,0,0,0.476190477609634399,0,False,False,False,False
208230401,"{'steamid': '76561199238662946', 'num_games_owned': 0, 'num_reviews': 1, 'playtime_forever': 26, 'playtime_last_two_weeks': 21, 'playtime_at_review': 26, 'last_played': 1762093485}",schinese,傻逼战网，全家去死吧臭傻逼,1762093694,1762093694,False,0,0,0.5,0,False,False,False,False
208229515,"{'steamid': '76561199482380574', 'num_games_owned': 11, 'num_reviews': 1, 'playtime_forever': 6, 'playtime_last_two_weeks': 6, 'playtime_at_review': 6, 'last_played': 1762092954}",russian,"Какие то педики у меня спрашивают номер телефона, схуя?
",1762093016,1762093016,False,0,0,0.5,0,False,False,False,False
208229420,"{'steamid': '76561199545520711', 'num_games_owned': 0, 'num_reviews': 3, 'playtime_forever': 38230, 'playtime_last_two_weeks': 3215, 'playtime_at_review': 37888, 'last_played': 1762204578}",english,bad game supported by devil him self,1762092956,1762092956,False,1,0,0.5,0,False,False,False,False
208228947,"{'steamid': '76561198885826483', 'num_games_owned': 0, 'num_reviews': 1, 'playtime_forever': 52870, 'playtime_last_two_weeks': 3155, 'playtime_at_review': 52210, 'last_played': 1762279129}",italian,best game ever,1762092588,1762092588,True,0,0,0.5,0,False,False,False,False
208228650,"{'steamid': '76561199019902717', 'num_games_owned': 47, 'num_reviews': 5, 'playtime_forever': 5, 'playtime_last_two_weeks': 5, 'playtime_at_review': 5, 'last_played': 1762092138}",russian,залупа,1762092367,1762092367,False,0,0,0.5,0,False,False,False,False
172418818,"{'steamid': '76561198130039604', 'num_games_owned': 136, 'num_reviews': 4, 'playtime_forever': 16527, 'playtime_last_two_weeks': 676, 'playtime_at_review': 16493, 'last_played': 1762127458}",english,kiriko skins are too expensive ,1724017345,1762092343,False,0,0,0.5,0,False,False,False,False
208227350,"{'steamid': '76561198271853340', 'num_games_owned': 0, 'num_reviews': 1, 'playtime_forever': 66360, 'playtime_last_two_weeks': 2417, 'playtime_at_review': 66360, 'last_played': 1762090804}",english,fak overwat,1762091402,1762091402,False,1,0,0.5,0,False,False,False,False
208227272,"{'steamid': '76561199629908197', 'num_games_owned': 0, 'num_reviews': 4, 'playtime_forever': 14053, 'playtime_last_two_weeks': 1041, 'playtime_at_review': 13833, 'last_played': 1762206987}",french,"bien mais rank affreuse

",1762091344,1762091344,True,0,0,0.5,0,False,False,False,False
170178838,"{'steamid': '76561199552244614', 'num_games_owned': 32, 'num_reviews': 10, 'playtime_forever': 25306, 'playtime_last_two_weeks': 688, 'playtime_at_review': 24729, 'last_played': 1762287152}",english,"battlepass trend ruined the game. I miss overwatch 1
competitive matchmaking is literal hell, full of smurfs, people throwing games, losers that will throw if their character gets banned. ",1721322764,1762090510,False,0,0,0.5,0,False,False,False,False
208225408,"{'steamid': '76561199516428632', 'num_games_owned': 9, 'num_reviews': 2, 'playtime_forever': 19, 'playtime_last_two_weeks': 0, 'playtime_at_review': 19, 'last_played': 1736009155}",brazilian,"Bom pra caramba, o 1 era superior mas o 2 mesmo sendo muito parecido com o 1 conseguiu ser otimo  e divertido",1762089847,1762089847,True,0,0,0.476190477609634399,0,False,False,False,False
208224348,"{'steamid': '76561199086669712', 'num_games_owned': 103, 'num_reviews': 5, 'playtime_forever': 29018, 'playtime_last_two_weeks': 0, 'playtime_at_review': 29018, 'last_played': 1760915468}",russian,я жру гонво,1762088999,1762088999,True,0,1,0.5,0,False,False,False,False
145839137,"{'steamid': '76561199018486430', 'num_games_owned': 0, 'num_reviews': 12, 'playtime_forever': 73502, 'playtime_last_two_weeks': 3285, 'playtime_at_review': 73096, 'last_played': 1762273989}",japanese,"最初に不快な思いをしたくない人は絶対にやらないほうがいい。
ゲーム自体は面白いけど民度は似たようなApexやVALORANTと比べても低い。  明らかにランクマのマッチングがおかしい。　てかそもそもランクマッチなのに不利とか有利ってなんだよ。 マジで見直せよ。
ワイドマッチはいらないです。　ランクに差があるようであればカジュアルで遊ぶようにしたほうがいいです。

レビューで多い勝つときも負けるときもあっという間的なものが多いというのはマッチングがOW無印の時からずっと終わってるからです。　他責の最終形態としてもはや味方とかじゃなくてブリザードが悪いとさえ思うようになります。

ゴミすぎる。　チャットはオフにしましょう。 

たまに文句を言ってきてさらにフレンド申請をしてまで粘着してくる頭のおかしい人がいますが無視しましょう。　相当、相手方に有利に働くようなプレイをしているなら別ですが、これ系は基本的にイきりたいただのクズが多いので関わるだけ時間の無駄です。
むしろ、本当に悪いプレイをしている方（もしくは上記のような行為をするプレイヤー）はどんどん通報していただければ大丈夫です。　ブリザードが判断して（真意は不明だが）そういったプレイヤーには割と対処してくれます。",1694075355,1762088153,False,0,0,0.519112169742584229,0,False,False,False,False
208222543,"{'steamid': '76561199018951221', 'num_games_owned': 39, 'num_reviews': 1, 'playtime_forever': 33, 'playtime_last_two_weeks': 19, 'playtime_at_review': 33, 'last_played': 1762087414}",schinese,sm游戏，不想让玩就别做，死活登不进去，就让搞那个sm暴雪账号,1762087481,1762087481,False,0,0,0.5,0,False,False,False,False
208221729,"{'steamid': '76561199847900933', 'num_games_owned': 1, 'num_reviews': 1, 'playtime_forever': 1677, 'playtime_last_two_weeks': 784, 'playtime_at_review': 1612, 'last_played': 1762256385}",english,I LIKE ITTTTT I LIKE ITTTTT I LIKE ITTTTT I LIKE ITTTTT I LIKE ITTTTT I LIKE ITTTTT I LIKE ITTTTT I LIKE ITTTTT I LIKE ITTTTT I LIKE ITTTTT I LIKE ITTTTT I LIKE ITTTTT I LIKE ITTTTT I LIKE ITTTTT I LIKE ITTTTT I LIKE ITTTTT I LIKE ITTTTT I LIKE ITTTTT I LIKE ITTTTT I LIKE ITTTTT I LIKE ITTTTT I LIKE ITTTTT I LIKE ITTTTT,1762086765,1762086765,True,0,0,0.5,0,False,False,False,False
208221065,"{'steamid': '76561198875351293', 'num_games_owned': 121, 'num_reviews': 6, 'playtime_forever': 38357, 'playtime_last_two_weeks': 1969, 'playtime_at_review': 37992, 'last_played': 1762287934}",english,winton,1762086209,1762086209,True,0,0,0.5,0,False,False,False,False
208220231,"{'steamid': '76561199233892248', 'num_games_owned': 40, 'num_reviews': 2, 'playtime_forever': 20, 'playtime_last_two_weeks': 20, 'playtime_at_review': 20, 'last_played': 1762084877}",schinese,啥比游戏公司，不如去打瓦,1762085459,1762085459,False,0,0,0.5,0,False,False,False,False
148752752,"{'steamid': '76561199416439883', 'num_games_owned': 39, 'num_reviews': 35, 'playtime_forever': 4698, 'playtime_last_two_weeks': 961, 'playtime_at_review': 4586, 'last_played': 1762282570}",english,i wanna kill my self everytime i play tank,1698092311,1762083685,False,0,0,0.5,0,False,True,False,False
208217382,"{'steamid': '76561198344249303', 'num_games_owned': 0, 'num_reviews': 14, 'playtime_forever': 434, 'playtime_last_two_weeks': 383, 'playtime_at_review': 334, 'last_played': 1762181158}",schinese,"我真的不知道有什么问题，差评满天飞
其实整体游戏体验是很好，至于别的国家需要vpn还玩不了，就乱喷
不关我的事",1762082850,1762082850,True,2,0,0.481751829385757446,0,False,False,False,False
144189661,"{'steamid': '76561198376730339', 'num_games_owned': 59, 'num_reviews': 3, 'playtime_forever': 430, 'playtime_last_two_weeks': 0, 'playtime_at_review': 430, 'last_played': 1696160259}",schinese,0.0,1692027327,1762082548,True,0,0,0.5,0,False,False,False,False
208216283,"{'steamid': '76561199085725977', 'num_games_owned': 0, 'num_reviews': 6, 'playtime_forever': 7502, 'playtime_last_two_weeks': 1345, 'playtime_at_review': 7280, 'last_played': 1762253461}",english,"its like meth, cant stop and its deteriorating my mental state",1762081845,1762081845,False,1,1,0.5,0,False,False,False,False
208215288,"{'steamid': '76561199884971611', 'num_games_owned': 0, 'num_reviews': 2, 'playtime_forever': 3909, 'playtime_last_two_weeks': 3912, 'playtime_at_review': 3798, 'last_played': 1762188505}",english,AAAAAMMMMMAzing,1762080940,1762080940,True,0,0,0.5,0,False,False,False,False
208214463,"{'steamid': '76561199254801562', 'num_games_owned': 0, 'num_reviews': 1, 'playtime_forever': 284, 'playtime_last_two_weeks': 284, 'playtime_at_review': 194, 'last_played': 1762283227}",english,you need a postpaid number to verify your account and if you dont you cant even play the game,1762080203,1762080203,False,1,1,0.5,0,False,False,False,False
208212524,"{'steamid': '76561199121668108', 'num_games_owned': 36, 'num_reviews': 10, 'playtime_forever': 9085, 'playtime_last_two_weeks': 856, 'playtime_at_review': 8574, 'last_played': 1762277482}",french,le peuple demande des skins sur Ramattra !!!,1762078204,1762078204,True,0,0,0.5,0,False,False,False,False
208211548,"{'steamid': '76561199147414184', 'num_games_owned': 108, 'num_reviews': 13, 'playtime_forever': 407, 'playtime_last_two_weeks': 308, 'playtime_at_review': 215, 'last_played': 1762088652}",spanish,late callate el hocico,1762077164,1762077164,False,1,0,0.523809552192687988,0,False,False,False,False
208210712,"{'steamid': '76561199839526500', 'num_games_owned': 0, 'num_reviews': 3, 'playtime_forever': 2177, 'playtime_last_two_weeks': 2143, 'playtime_at_review': 1845, 'last_played': 1762280261}",english,"its a shit game 
",1762076281,1762076281,False,1,0,0.5,0,False,False,False,False
208210700,"{'steamid': '76561198296105908', 'num_games_owned': 0, 'num_reviews': 1, 'playtime_forever': 63856, 'playtime_last_two_weeks': 2379, 'playtime_at_review': 63491, 'last_played': 1762271125}",english,it good please play qiuckplay to practice,1762076266,1762076266,True,0,0,0.5,0,False,False,False,False
208209402,"{'steamid': '76561198048644642', 'num_games_owned': 0, 'num_reviews': 1, 'playtime_forever': 43600, 'playtime_last_two_weeks': 1378, 'playtime_at_review': 43178, 'last_played': 1762287807}",english,love this game 10x better than rivals,1762074815,1762074815,True,1,0,0.523809552192687988,1,False,False,False,False
208209342,"{'steamid': '76561199112021369', 'num_games_owned': 0, 'num_reviews': 1, 'playtime_forever': 81952, 'playtime_last_two_weeks': 1087, 'playtime_at_review': 81875, 'last_played': 1762088789}",russian,если у овервотча есть миллион фанатов - я одна из них. если у овервотча останется один фанат - это буду я. если у овервотча не будет фанатов - значит я умерла. если весь мир будет против овервотча - я буду против мира,1762074747,1762074747,True,1,2,0.493077933788299561,0,False,False,False,False
208208757,"{'steamid': '76561198032730506', 'num_games_owned': 361, 'num_reviews': 32, 'playtime_forever': 3795, 'playtime_last_two_weeks': 3795, 'playtime_at_review': 2419, 'last_played': 1762287480}",english,"If you asked me what I would rate this when it first dropped, it would have been a 1/10.
The game has improved quite a bit with the addition of stadium, perks, and some other QoL changes they've added.
If you stopped playing when it came out or didn't like the game then, you should definitely give it a try and see if you like it.",1762074056,1762074056,True,0,0,0.5,0,False,False,False,False
160635075,"{'steamid': '76561198392006734', 'num_games_owned': 0, 'num_reviews': 6, 'playtime_forever': 5998, 'playtime_last_two_weeks': 1379, 'playtime_at_review': 5760, 'last_played': 1762216776}",english,"EHHHHH keep perks, balance queues, and they are not balanced. I.E. when you introduce new maps/modes of play it really outdated a lot of characters like Ana for instance, its fine for escort, but you can't really play her for objective capture modes and expect to win. It's almost a troll pick on objectives. Same example different concept. Ana's grenade CAN be problematic, but it doesn't punish tanks anymore enough to the point where she becomes a heal only character with that grenade. Plus with the current cooldown I don't see any way to actually play that character in this gamemode. 

It really does suck to see it happen some people will struggle with the newer concepts and will eventually phase out the game that we used to enjoy. So something that used to be op, is not as op anymore and she doesn't pack enough punch like she used to, as a former D.Va platinum season one, I sadly say farewell by finishing a bronze one in solo (open) queue. SMGwise #1910",1710560159,1762071813,False,0,0,0.5,0,False,False,False,False
208206448,"{'steamid': '76561199199085812', 'num_games_owned': 22, 'num_reviews': 4, 'playtime_forever': 8224, 'playtime_last_two_weeks': 1, 'playtime_at_review': 8224, 'last_played': 1762071379}",english,t4tpuppygirl approved,1762071366,1762071366,True,0,0,0.5,0,False,False,False,False
208206410,"{'steamid': '76561199587778074', 'num_games_owned': 10, 'num_reviews': 2, 'playtime_forever': 1558, 'playtime_last_two_weeks': 1558, 'playtime_at_review': 1486, 'last_played': 1762204480}",english,love,1762071321,1762071321,True,0,0,0.5,0,False,False,False,False
201743113,"{'steamid': '76561199882172359', 'num_games_owned': 49, 'num_reviews': 1, 'playtime_forever': 4349, 'playtime_last_two_weeks': 1876, 'playtime_at_review': 4297, 'last_played': 1762116206}",brazilian,"Empresa ta afundado esse jogo a cada dia, aumento das hitbox e vida, perks, stadium voltando para 7 rodadas.
Personagens extremamente desbalanceados a ponto de ser banido 90% dos jogos no modo competitivo.
Sistema de banimento por ia, se voce for denunciado porque pediu pra sua mercy trocar para qualquer suporte bom tem alta chance de levar banimento PERMANENTE 


Parece que o Aaron keller so contrata pessoa com retardo mental pra ser dev desse jogo.",1754704620,1762068003,False,2,0,0.545454561710357666,0,False,False,False,False
208203055,"{'steamid': '76561198845878917', 'num_games_owned': 18, 'num_reviews': 1, 'playtime_forever': 23167, 'playtime_last_two_weeks': 942, 'playtime_at_review': 23118, 'last_played': 1762226347}",english,"I love Overwatch, I've been playing since the play tests and it has always been a super polished smooth game!",1762067237,1762067237,True,0,0,0.47826087474822998,0,False,False,False,False
143852574,"{'steamid': '76561199026138576', 'num_games_owned': 42, 'num_reviews': 2, 'playtime_forever': 125, 'playtime_last_two_weeks': 20, 'playtime_at_review': 104, 'last_played': 1762234835}",schinese,Heroes Never Die,1691736680,1762065865,True,0,0,0.5,0,False,False,False,False
208201479,"{'steamid': '76561198829405079', 'num_games_owned': 0, 'num_reviews': 5, 'playtime_forever': 706, 'playtime_last_two_weeks': 345, 'playtime_at_review': 679, 'last_played': 1762066800}",english,good game kinda,1762065172,1762065172,True,0,0,0.47826087474822998,0,False,False,False,False
172365871,"{'steamid': '76561197983962300', 'num_games_owned': 0, 'num_reviews': 27, 'playtime_forever': 5699, 'playtime_last_two_weeks': 1797, 'playtime_at_review': 4882, 'last_played': 1762194902}",english,"FUCK ALL OW2 DEVELOPERS! PILE OF SHIT ""PEOPLE"".",1723957625,1762062511,False,0,0,0.5,0,False,False,False,False
208199166,"{'steamid': '76561198156265097', 'num_games_owned': 29, 'num_reviews': 6, 'playtime_forever': 652, 'playtime_last_two_weeks': 652, 'playtime_at_review': 405, 'last_played': 1762275652}",english,i like the floaty balls man that makes people smell his robo toes <3,1762062331,1762062331,True,0,0,0.47826087474822998,0,False,False,False,False
208198951,"{'steamid': '76561198985054594', 'num_games_owned': 0, 'num_reviews': 7, 'playtime_forever': 1065, 'playtime_last_two_weeks': 257, 'playtime_at_review': 838, 'last_played': 1762241708}",english,crap game,1762062059,1762062059,False,0,0,0.5,0,False,False,False,False
144060426,"{'steamid': '76561198409232983', 'num_games_owned': 0, 'num_reviews': 1, 'playtime_forever': 12464, 'playtime_last_two_weeks': 324, 'playtime_at_review': 12139, 'last_played': 1762177671}",japanese,クイックだけだったら結構おもろいかも～,1691903570,1762061353,True,0,0,0.492640286684036255,0,False,False,False,False
208198168,"{'steamid': '76561199588604860', 'num_games_owned': 0, 'num_reviews': 4, 'playtime_forever': 1756, 'playtime_last_two_weeks': 1756, 'playtime_at_review': 1188, 'last_played': 1762251555}",english,good game,1762061164,1762061164,True,0,0,0.5,0,False,False,False,False
148828836,"{'steamid': '76561198198141458', 'num_games_owned': 0, 'num_reviews': 161, 'playtime_forever': 2323, 'playtime_last_two_weeks': 1546, 'playtime_at_review': 1112, 'last_played': 1762284857}",english,=-),1698206096,1762059771,True,0,0,0.5,0,False,False,False,False
208196931,"{'steamid': '76561199468240511', 'num_games_owned': 7, 'num_reviews': 1, 'playtime_forever': 74, 'playtime_last_two_weeks': 0, 'playtime_at_review': 74, 'last_played': 1760688157}",english,r34 better,1762059632,1762059632,True,2,0,0.541284441947937012,0,False,False,False,False
208196337,"{'steamid': '76561199577395010', 'num_games_owned': 0, 'num_reviews': 2, 'playtime_forever': 10688, 'playtime_last_two_weeks': 985, 'playtime_at_review': 10512, 'last_played': 1762235391}",english,Pretty Fire,1762058870,1762058870,True,0,0,0.5,0,False,False,False,False
205618710,"{'steamid': '76561199405145607', 'num_games_owned': 40, 'num_reviews': 8, 'playtime_forever': 10766, 'playtime_last_two_weeks': 0, 'playtime_at_review': 10766, 'last_played': 1760787268}",koreana,재밌는데 대규모 패치 이후로 프로필에 플탐 뜨는게 절반 이상 줄었음,1759326859,1762058843,True,0,0,0.5,0,False,False,False,False
208196030,"{'steamid': '76561199114460655', 'num_games_owned': 45, 'num_reviews': 5, 'playtime_forever': 1733, 'playtime_last_two_weeks': 27, 'playtime_at_review': 1733, 'last_played': 1762058355}",japanese,あほくさ,1762058489,1762058489,False,0,0,0.5,0,False,False,False,False
208195258,"{'steamid': '76561198299950128', 'num_games_owned': 212, 'num_reviews': 6, 'playtime_forever': 36567, 'playtime_last_two_weeks': 712, 'playtime_at_review': 36537, 'deck_playtime_at_review': 21, 'last_played': 1762287575}",english,at least its not league...,1762057601,1762057601,True,3,1,0.555375874042510986,0,False,False,False,False
208194405,"{'steamid': '76561199527387008', 'num_games_owned': 0, 'num_reviews': 3, 'playtime_forever': 17239, 'playtime_last_two_weeks': 1005, 'playtime_at_review': 17239, 'last_played': 1762054900}",brazilian,nao recomendo pra ngm,1762056607,1762056607,False,0,0,0.5,0,False,False,False,False
143803189,"{'steamid': '76561198273679890', 'num_games_owned': 741, 'num_reviews': 176, 'playtime_forever': 23504, 'playtime_last_two_weeks': 578, 'playtime_at_review': 23483, 'last_played': 1762116376}",english,4🐎游戏,1691697361,1762055567,False,4,0,0.558011054992675781,0,False,False,False,False
144375116,"{'steamid': '76561199094958994', 'num_games_owned': 0, 'num_reviews': 2, 'playtime_forever': 97104, 'playtime_last_two_weeks': 189, 'playtime_at_review': 96970, 'last_played': 1762122783}",english,Blizzard sucks. microsoft buy blizzard. blizzard better.,1692234954,1762054597,False,1,0,0.517241418361663818,0,False,False,False,False
208192232,"{'steamid': '76561199647172858', 'num_games_owned': 0, 'num_reviews': 1, 'playtime_forever': 822, 'playtime_last_two_weeks': 715, 'playtime_at_review': 398, 'last_played': 1762220497}",english,YEP,1762054080,1762054080,True,0,0,0.5,0,False,False,False,False
208192214,"{'steamid': '76561198359275852', 'num_games_owned': 0, 'num_reviews': 17, 'playtime_forever': 3586, 'playtime_last_two_weeks': 68, 'playtime_at_review': 3586, 'last_played': 1762054023}",english,jogo lixo,1762054063,1762054063,False,1,0,0.5,0,False,False,False,False
208192159,"{'steamid': '76561199527751696', 'num_games_owned': 0, 'num_reviews': 5, 'playtime_forever': 376, 'playtime_last_two_weeks': 376, 'playtime_at_review': 182, 'last_played': 1762279431}",english,Umm ok,1762053986,1762053986,True,0,0,0.5,0,False,False,False,False
208191640,"{'steamid': '76561199638771626', 'num_games_owned': 57, 'num_reviews': 23, 'playtime_forever': 2173, 'playtime_last_two_weeks': 281, 'playtime_at_review': 2084, 'last_played': 1762058474}",english,very fuin with friends,1762053377,1762053377,True,0,0,0.5,0,False,False,False,False
208191202,"{'steamid': '76561199111611517', 'num_games_owned': 0, 'num_reviews': 4, 'playtime_forever': 524, 'playtime_last_two_weeks': 0, 'playtime_at_review': 524, 'last_played': 1755239981}",english,eh,1762052882,1762052882,False,0,0,0.5,0,False,False,False,False
143799909,"{'steamid': '76561198381132018', 'num_games_owned': 284, 'num_reviews': 12, 'playtime_forever': 4535, 'playtime_last_two_weeks': 0, 'playtime_at_review': 4535, 'last_played': 1733630550}",russian,"мне не хватит выделенного количества символов, чтобы развернуто написать, насколько это плохая игра",1691695166,1762050851,False,0,0,0.5,0,False,False,False,False
208188309,"{'steamid': '76561198451345412', 'num_games_owned': 332, 'num_reviews': 1007, 'playtime_forever': 511, 'playtime_last_two_weeks': 90, 'playtime_at_review': 511, 'last_played': 1762048057}",english,"Focuses too much on bloat over quality. 
Compared to the original early in its life this game lacks impact and punch in the combat. Now it feels way too watered down with way too much flashing and flooding the screen. Default controls are more often than not an inconsistent annoyance between heroes. 
For a game with such a supposedly high concurrent player count the wait times often take longer than a single or even multiple matches. Not to mention the coin-flip poor server connections once you do connect.
Nice groundwork that has become worn thin with too many ""make it fresh"" attempts.",1762049703,1762049703,False,1,0,0.5246010422706604,0,False,True,False,False
144101058,"{'steamid': '76561199002893233', 'num_games_owned': 107, 'num_reviews': 19, 'playtime_forever': 424, 'playtime_last_two_weeks': 145, 'playtime_at_review': 424, 'last_played': 1761673756}",danish,Good game,1691940004,1762049058,True,0,0,0.494382023811340332,0,False,True,False,False
208187368,"{'steamid': '76561199491954317', 'num_games_owned': 44, 'num_reviews': 4, 'playtime_forever': 1670, 'playtime_last_two_weeks': 735, 'playtime_at_review': 1439, 'last_played': 1762223200}",brazilian,.,1762048661,1762048661,False,0,0,0.5,0,False,False,False,False
208186963,"{'steamid': '76561199085255480', 'num_games_owned': 20, 'num_reviews': 10, 'playtime_forever': 341, 'playtime_last_two_weeks': 341, 'playtime_at_review': 196, 'last_played': 1762211165}",english,ass,1762048227,1762048227,False,1,0,0.509803950786590576,0,False,False,False,False
208186756,"{'steamid': '76561198145136053', 'num_games_owned': 94, 'num_reviews': 6, 'playtime_forever': 3578, 'playtime_last_two_weeks': 132, 'playtime_at_review': 3578, 'last_played': 1761797116}",brazilian,mta bunda cara qq isso,1762048004,1762048004,True,0,0,0.5,0,False,False,False,False
189671401,"{'steamid': '76561199793057079', 'num_games_owned': 0, 'num_reviews': 8, 'playtime_forever': 140, 'playtime_last_two_weeks': 0, 'playtime_at_review': 140, 'last_played': 1754722518}",koreana,"아 몰라 ,ㅡㅡ",1741428631,1762047910,True,0,0,0.5,0,False,False,False,False
208186317,"{'steamid': '76561198006083764', 'num_games_owned': 0, 'num_reviews': 3, 'playtime_forever': 5645, 'playtime_last_two_weeks': 329, 'playtime_at_review': 5645, 'last_played': 1762047413}",koreana,정신 이상자들이 모여있는 게임인 수준이네요,1762047534,1762047534,False,0,0,0.5,0,False,False,False,False
208186092,"{'steamid': '76561198250844714', 'num_games_owned': 1, 'num_reviews': 4, 'playtime_forever': 6, 'playtime_last_two_weeks': 5, 'playtime_at_review': 6, 'last_played': 1762047255}",english,"I loaded into Overwatch 2: Stadium expecting a casual match.
The announcer yelled, the lights flared, and suddenly I was sweating like it was the finals of the Overwatch World Cup — except everyone on my team was role-playing as background NPCs.

My tank charged into the enemy team before the gates even opened.
Our Widowmaker was doing parkour on the stadium lights.
The Lucio spent the entire match DJ’ing instead of healing.

Meanwhile, I — a humble Cassidy main — was trying to hit shots while dodging D.Va bombs, Sigma rocks, and crippling performance anxiety from the digital crowd screaming in 7.1 surround sound.

At one point, the enemy Rein typed “EZ” in chat, so naturally our Genji wrote a 3-paragraph essay about team diff and “support responsibility.”
I haven’t seen that kind of passion since the actual World Cup.

I lost the match 0–3, but I did land one clean Deadeye in overtime and felt like Tom Brady with a revolver.

9/10 — The only game where you can play in a stadium and still get booed by your own teammates.
Would absolutely sign up for another season of mental damage.",1762047314,1762047314,True,0,0,0.5,0,False,False,False,False
208185699,"{'steamid': '76561199835237410', 'num_games_owned': 5, 'num_reviews': 1, 'playtime_forever': 6960, 'playtime_last_two_weeks': 964, 'playtime_at_review': 6803, 'last_played': 1762271379}",brazilian,"jogo otimo pra passar o tempo
",1762046872,1762046872,True,0,0,0.5,0,False,False,False,False
208185658,"{'steamid': '76561198109990256', 'num_games_owned': 0, 'num_reviews': 3, 'playtime_forever': 317, 'playtime_last_two_weeks': 14, 'playtime_at_review': 302, 'last_played': 1762048479}",english,hi overwatch i play like 5 hours and is good and i like it so its good,1762046828,1762046828,True,0,1,0.476190477609634399,0,False,False,False,False
157048885,"{'steamid': '76561199049560084', 'num_games_owned': 0, 'num_reviews': 22, 'playtime_forever': 14809, 'playtime_last_two_weeks': 1460, 'playtime_at_review': 14498, 'last_played': 1762218135}",spanish,"el juego es tan malo que me dan ganas de arrancarme un coco
100% recomendado ",1706454972,1762046688,True,0,0,0.5,0,False,False,False,False
208185009,"{'steamid': '76561198150755009', 'num_games_owned': 0, 'num_reviews': 91, 'playtime_forever': 496, 'playtime_last_two_weeks': 496, 'playtime_at_review': 171, 'last_played': 1762089923}",english,i only come back to this game to play wrecking ball. the actual match balancing is crap,1762046133,1762046133,False,1,0,0.523809552192687988,1,False,False,False,False
208184772,"{'steamid': '76561199116249844', 'num_games_owned': 0, 'num_reviews': 1, 'playtime_forever': 766, 'playtime_last_two_weeks': 735, 'playtime_at_review': 543, 'last_played': 1762241751}",latam,aea,1762045890,1762045890,True,0,0,0.5,0,False,False,False,False
208184221,"{'steamid': '76561199118453831', 'num_games_owned': 0, 'num_reviews': 4, 'playtime_forever': 2009, 'playtime_last_two_weeks': 0, 'playtime_at_review': 2009, 'last_played': 1756222526}",italian,"Penso che questo gioco mi abbia fatto impazzire con tutti i mongoloidi di merda che trovo in team. 
Gli ardori sono una delle esperienze piu'  traumatiche della mia vita, penso di non aver mai sbroccato cosi' tanto su un cazzo di gioco, e il fatto che ci metta 15 minuti per trovare una cazzo di partita che poi perdo mi fa ancora piu' incazzare.
e ovviamente  ogni leggendario che trovo nelle box è una skin del nano o di tracer.
se faccio il tank non mi healano, se faccio attacco puntualmente ho ganij attaccato al buco del culo, se sono healer puntualmente scrivono in chat no heal io che cazzo dovrei fare.
e per finire, quando toglieranno ganij, tracer e sombra saro' la persona piu' felice su questa terra.
p.s. puntualmente ho appena finito una partita da tank e mi hanno scritto che mi sono nascosta da loro, non aggiungo altro.
",1762045365,1762045365,True,0,0,0.5,0,False,False,False,False
208183484,"{'steamid': '76561199170860217', 'num_games_owned': 0, 'num_reviews': 1, 'playtime_forever': 4678, 'playtime_last_two_weeks': 427, 'playtime_at_review': 4251, 'last_played': 1762124056}",english,"better then valerent, unique characters with good balancing, less lagy then marvel rivals and in general js a very good game solid 8/10",1762044608,1762044608,True,0,0,0.5,0,False,False,False,False
208182710,"{'steamid': '76561198263834318', 'num_games_owned': 51, 'num_reviews': 3, 'playtime_forever': 47037, 'playtime_last_two_weeks': 77, 'playtime_at_review': 47031, 'last_played': 1762044454}",english,"rapist pedo bobby ceo and rapist Pedophile Johanna Faries the child toucher at Irvine,CA in blizzard should be shutdown immediatly as they've done nothing but abduct children through a grooming collegiate circuit that tortures each one individually after abducting them far away from their homes. Raping them and lying to them and harassing them alone after being abducted hundreds of miles. Happened to me 5x in this Abduction clinic grooming pedo Blizzard - from 2015 until now. ",1762043778,1762043893,False,3,1,0.53063887357711792,0,False,False,False,False
160938858,"{'steamid': '76561198092539414', 'num_games_owned': 0, 'num_reviews': 11, 'playtime_forever': 16626, 'playtime_last_two_weeks': 475, 'playtime_at_review': 16626, 'last_played': 1762041397}",english,"Community is bad, straight bad. The hero roster isn't that quite balanced and it's been years. It's a decent game but that's it and I haven't had a good time with Stadium but i can't say anything bad, it was a very short try and never again but glad to see my friends having fun with it, it's the positive thing i could drop. The whole hero trial was a nice addition. What's sad about this game is if you ever want to 100% on Steam, you might not fulfill that goal as many stuff from PVE content are locked in the closet and nowadays they are mostly re-running old PVP content and trying new ones: [b]5/10[/b]",1710876517,1762043434,True,0,0,0.525452971458435059,0,False,False,False,False
208182144,"{'steamid': '76561199040605606', 'num_games_owned': 90, 'num_reviews': 25, 'playtime_forever': 604, 'playtime_last_two_weeks': 408, 'playtime_at_review': 454, 'last_played': 1762147941}",english,w,1762043198,1762043198,True,0,0,0.476190477609634399,0,False,False,False,False
208181668,"{'steamid': '76561199589122573', 'num_games_owned': 0, 'num_reviews': 7, 'playtime_forever': 455, 'playtime_last_two_weeks': 39, 'playtime_at_review': 443, 'last_played': 1762043456}",english,Too much hate,1762042721,1762042721,True,0,0,0.476190477609634399,0,False,False,False,False
208181451,"{'steamid': '76561198984208698', 'num_games_owned': 0, 'num_reviews': 70, 'playtime_forever': 523, 'playtime_last_two_weeks': 523, 'playtime_at_review': 416, 'last_played': 1762059255}",english,gud,1762042518,1762042518,True,0,0,0.5,0,False,False,False,False
208181262,"{'steamid': '76561198099892846', 'num_games_owned': 131, 'num_reviews': 19, 'playtime_forever': 15084, 'playtime_last_two_weeks': 44, 'playtime_at_review': 15084, 'last_played': 1762042221}",english,"still a terrible fuckign game every time i play it, it reminds me that i can do literally anything else and be happier",1762042315,1762042315,False,0,0,0.5,0,False,False,False,False
208180325,"{'steamid': '76561199223896350', 'num_games_owned': 0, 'num_reviews': 1, 'playtime_forever': 6163, 'playtime_last_two_weeks': 3364, 'playtime_at_review': 5907, 'last_played': 1762172103}",english,shit is so ass,1762041463,1762041463,False,0,1,0.5,0,False,False,False,False
208179648,"{'steamid': '76561198140889567', 'num_games_owned': 464, 'num_reviews': 23, 'playtime_forever': 614, 'playtime_last_two_weeks': 0, 'playtime_at_review': 614, 'last_played': 1759438055}",french,"Jeff Kaplan nous manque ! 
Overwatch 1 nous manque !
McCree nous manque !

Plus woke que OW2 tu meurs.",1762040807,1762040807,False,1,0,0.47826087474822998,0,False,False,False,False
208179575,"{'steamid': '76561197990457379', 'num_games_owned': 87, 'num_reviews': 10, 'playtime_forever': 459, 'playtime_last_two_weeks': 459, 'playtime_at_review': 48, 'last_played': 1762117227}",german,"Ich habe und liebe das Game.
Früher mit OW1 war es meiner nach besser, aber einiges wurde wieder aufgenommen aus OW1 zeiten.
Das Spiel macht immer Spaß, besonders wenn man mit mehreren Freunden gleichzeitig spielt. Es gibt immer wiederholende Events. OW2 ist ja mittlerweile kostenlos und für jeden zu haben. Ausprobieren, Helden verstehen und drauf los zocken.",1762040749,1762040749,True,1,0,0.523809552192687988,0,False,False,False,False
208179218,"{'steamid': '76561199852239106', 'num_games_owned': 5, 'num_reviews': 1, 'playtime_forever': 1098, 'playtime_last_two_weeks': 1024, 'playtime_at_review': 251, 'last_played': 1762286613}",brazilian,"não joguem, horrivel",1762040402,1762040402,False,0,0,0.5,0,False,False,False,False
179228114,"{'steamid': '76561199750327799', 'num_games_owned': 0, 'num_reviews': 14, 'playtime_forever': 2124, 'playtime_last_two_weeks': 8, 'playtime_at_review': 2124, 'last_played': 1761776962}",spanish,juego porno multijugador igual a marcelo rivales,1731845328,1762040314,False,0,0,0.520134210586547852,0,False,False,False,False
208178647,"{'steamid': '76561199229031458', 'num_games_owned': 0, 'num_reviews': 32, 'playtime_forever': 3015, 'playtime_last_two_weeks': 0, 'playtime_at_review': 3015, 'last_played': 1753741642}",english,"kirikos design is so basic 
give rein a unlimited ammo minigun and a self heal and that will make the game amazing",1762039874,1762039874,False,2,0,0.506366312503814697,0,False,False,False,False
208178026,"{'steamid': '76561199796330065', 'num_games_owned': 0, 'num_reviews': 1, 'playtime_forever': 2637, 'playtime_last_two_weeks': 2637, 'playtime_at_review': 2446, 'last_played': 1762286911}",spanish,good game good trama,1762039303,1762039303,True,0,0,0.5,0,False,True,False,False
208177604,"{'steamid': '76561199823259612', 'num_games_owned': 0, 'num_reviews': 1, 'playtime_forever': 574, 'playtime_last_two_weeks': 574, 'playtime_at_review': 322, 'last_played': 1762272561}",brazilian,jogo divertido,1762038938,1762038938,True,0,0,0.5,0,False,False,False,False
144579650,"{'steamid': '76561198050640703', 'num_games_owned': 239, 'num_reviews': 36, 'playtime_forever': 29832, 'playtime_last_two_weeks': 405, 'playtime_at_review': 29832, 'last_played': 1762037369}",german,Holy fkin shit this game is ass,1692465137,1762037397,False,0,0,0.5,0,False,False,False,False
208174240,"{'steamid': '76561199134230812', 'num_games_owned': 0, 'num_reviews': 3, 'playtime_forever': 1839, 'playtime_last_two_weeks': 822, 'playtime_at_review': 1773, 'last_played': 1762039230}",german,Hasst mein Kopf gefickt hast mich hintergangen.l,1762036043,1762036043,True,0,0,0.5,0,False,False,False,False
208174027,"{'steamid': '76561199217929865', 'num_games_owned': 0, 'num_reviews': 2, 'playtime_forever': 678, 'playtime_last_two_weeks': 128, 'playtime_at_review': 670, 'last_played': 1762039288}",english,TRASH,1762035877,1762035877,False,2,0,0.487640470266342163,0,False,False,False,False
208172453,"{'steamid': '76561199438912029', 'num_games_owned': 0, 'num_reviews': 2, 'playtime_forever': 298, 'playtime_last_two_weeks': 123, 'playtime_at_review': 270, 'last_played': 1762101514}",english,meow meow,1762034567,1762034567,True,2,0,0.503498494625091553,0,False,False,False,False
208172339,"{'steamid': '76561197976262234', 'num_games_owned': 0, 'num_reviews': 4, 'playtime_forever': 17961, 'playtime_last_two_weeks': 644, 'playtime_at_review': 17804, 'last_played': 1762169941}",english,,1762034471,1762034471,True,0,0,0.475398927927017212,0,False,False,False,False
208172300,"{'steamid': '76561198867259525', 'num_games_owned': 0, 'num_reviews': 4, 'playtime_forever': 1933, 'playtime_last_two_weeks': 10, 'playtime_at_review': 1922, 'last_played': 1762034880}",brazilian,Fuderam com o jogo,1762034446,1762034446,False,0,0,0.5,0,False,False,False,False
208171081,"{'steamid': '76561198349970725', 'num_games_owned': 0, 'num_reviews': 39, 'playtime_forever': 1149, 'playtime_last_two_weeks': 1078, 'playtime_at_review': 866, 'last_played': 1762133147}",english,Run.,1762033430,1762033430,True,1,0,0.495938688516616821,0,False,False,False,False
208170974,"{'steamid': '76561198352432780', 'num_games_owned': 52, 'num_reviews': 3, 'playtime_forever': 309, 'playtime_last_two_weeks': 210, 'playtime_at_review': 265, 'last_played': 1762115169}",brazilian,Jogo lixo cheio de cheater como sempre,1762033344,1762033344,False,0,0,0.5,0,False,False,False,False
208170219,"{'steamid': '76561199124366505', 'num_games_owned': 54, 'num_reviews': 6, 'playtime_forever': 22123, 'playtime_last_two_weeks': 21, 'playtime_at_review': 22112, 'last_played': 1762033068}",english,Great Game :(,1762032726,1762032726,True,0,0,0.475398927927017212,0,False,False,False,False
208169893,"{'steamid': '76561199098650403', 'num_games_owned': 0, 'num_reviews': 7, 'playtime_forever': 9586, 'playtime_last_two_weeks': 35, 'playtime_at_review': 9551, 'last_played': 1762189592}",english,🔥,1762032452,1762032452,True,0,0,0.475398927927017212,0,False,False,False,False
143805399,"{'steamid': '76561199207584213', 'num_games_owned': 143, 'num_reviews': 11, 'playtime_forever': 54543, 'playtime_last_two_weeks': 353, 'playtime_at_review': 54404, 'last_played': 1762208674}",english,"blizzard still still still still still still still still still kinda sucks still.

One shot characters are stupid and shouldn't be in the game<3",1691698872,1762032418,False,0,0,0.5,0,False,False,False,False
150157381,"{'steamid': '76561198803283321', 'num_games_owned': 0, 'num_reviews': 10, 'playtime_forever': 43899, 'playtime_last_two_weeks': 1856, 'playtime_at_review': 43730, 'last_played': 1762254877}",english,"My opinion is this: the game is absolute trash. The maps that came out in the second part are complete garbage. They stopped tying new heroes to the Overwatch lore — the game is degrading.
Yeah, it’s still hanging on thanks to its optimization and low entry barrier, but with every new update the optimization just disappears somewhere. About 2–3 months ago I had a stable 300–400 FPS, now it’s around 150–250. Their competitor, on the other hand, keeps getting better with every update.
Even in r34 Marvel Rivals is starting to overtake it...",1700035374,1762032194,False,5,0,0.571689605712890625,0,False,False,False,False
208169407,"{'steamid': '76561199811658308', 'num_games_owned': 0, 'num_reviews': 1, 'playtime_forever': 4247, 'playtime_last_two_weeks': 139, 'playtime_at_review': 4108, 'last_played': 1762137177}",english,its fun,1762032087,1762032087,True,0,0,0.5,0,False,False,False,False
208167483,"{'steamid': '76561198978515174', 'num_games_owned': 0, 'num_reviews': 3, 'playtime_forever': 4991, 'playtime_last_two_weeks': 59, 'playtime_at_review': 4980, 'last_played': 1762116696}",spanish,weno,1762030555,1762030555,True,0,0,0.5,0,False,False,False,False
208167116,"{'steamid': '76561198806874481', 'num_games_owned': 55, 'num_reviews': 13, 'playtime_forever': 2216, 'playtime_last_two_weeks': 0, 'playtime_at_review': 2216, 'last_played': 1725323823}",brazilian,"Joguei muito o Paladins, migrei pro Overwatch e é satisfatorio...",1762030253,1762030253,True,1,0,0.523809552192687988,0,False,False,False,False
208166804,"{'steamid': '76561198442724249', 'num_games_owned': 157, 'num_reviews': 2, 'playtime_forever': 26536, 'playtime_last_two_weeks': 2061, 'playtime_at_review': 26205, 'last_played': 1762286256}",italian,"È incredibile che qualcuno venga effettivamente pagato per bilanciare questo gioco. E magari sul profilo LinkedIn scrive pure “Game Designer presso Blizzard”. Incredibile come certe persone sembrino prive anche delle capacità mentali di base per capire che mercy, mcree, hanzo, zarya, i danni degli healer e altre duecento meccaniche siano unfair. Spero sinceramente che ruoli del genere vengano presto sostituiti dall’AI, così da non dover più vedere game design come corso nelle universitá.",1762030013,1762030013,False,0,0,0.5,0,False,False,False,False
208166334,"{'steamid': '76561198059792788', 'num_games_owned': 402, 'num_reviews': 72, 'playtime_forever': 1538, 'playtime_last_two_weeks': 739, 'playtime_at_review': 1315, 'last_played': 1762287070}",english,Its better now,1762029637,1762029637,True,0,0,0.5,0,False,False,False,False
208166283,"{'steamid': '76561199145168165', 'num_games_owned': 9, 'num_reviews': 1, 'playtime_forever': 30653, 'playtime_last_two_weeks': 1043, 'playtime_at_review': 30562, 'last_played': 1762034427}",french,votre jeux est bien mais vos matchmaking pue sa mère la pute tellement ses HARR je tombe avec des teamates lvl 2 avec tous leur persos alor je suis lvl 50 OU 30 avec mes persos,1762029602,1762029602,True,0,0,0.5,0,False,False,False,False
208165050,"{'steamid': '76561198123331711', 'num_games_owned': 0, 'num_reviews': 1, 'playtime_forever': 2071, 'playtime_last_two_weeks': 1183, 'playtime_at_review': 1812, 'last_played': 1762128496}",english,good game,1762028677,1762028677,True,0,0,0.5,0,False,False,False,False
208164586,"{'steamid': '76561199828128942', 'num_games_owned': 0, 'num_reviews': 2, 'playtime_forever': 386, 'playtime_last_two_weeks': 1, 'playtime_at_review': 386, 'last_played': 1762028285}",english,gooooooooooooooooooooooooooooooooooooooooooooooooooooooooooooooooooooooooooooooooooooooooooooooooooooooooooooooooooooooooooooooooooooooooooooooooooooooooooooooooooood  game,1762028325,1762028325,True,0,0,0.5,0,False,False,False,False
208164427,"{'steamid': '76561198122978780', 'num_games_owned': 22, 'num_reviews': 2, 'playtime_forever': 1245, 'playtime_last_two_weeks': 1242, 'playtime_at_review': 10, 'last_played': 1762281703}",english,This game is so bad that you can't even play it. A broken website with a progrem system and they make you use a specific number. I have never see any other game or service do that.,1762028217,1762028217,False,0,0,0.483555197715759277,0,False,False,False,False
208162953,"{'steamid': '76561199279809122', 'num_games_owned': 5, 'num_reviews': 3, 'playtime_forever': 521, 'playtime_last_two_weeks': 6, 'playtime_at_review': 514, 'last_played': 1762027457}",dutch,js a random,1762027094,1762027094,True,0,0,0.5,0,False,False,False,False
208162299,"{'steamid': '76561199816180843', 'num_games_owned': 0, 'num_reviews': 4, 'playtime_forever': 1380, 'playtime_last_two_weeks': 0, 'playtime_at_review': 1380, 'last_played': 1760870302}",english,ye it goood,1762026587,1762026587,True,0,0,0.5,0,False,False,False,False
208162291,"{'steamid': '76561199252451349', 'num_games_owned': 57, 'num_reviews': 1, 'playtime_forever': 613, 'playtime_last_two_weeks': 286, 'playtime_at_review': 326, 'last_played': 1762198538}",tchinese,唉,1762026582,1762026582,False,0,0,0.5,0,False,False,False,False
208161816,"{'steamid': '76561199466851428', 'num_games_owned': 0, 'num_reviews': 1, 'playtime_forever': 4428, 'playtime_last_two_weeks': 424, 'playtime_at_review': 4428, 'last_played': 1761800362}",latam,Los personajes son buenos la mecánica del juego también namás el emparejamiento en las partidas si es una basura pero me gusta y se puede jugar con amigos,1762026246,1762026246,True,0,0,0.5,0,False,False,False,False
186214936,"{'steamid': '76561197970447558', 'num_games_owned': 343, 'num_reviews': 87, 'playtime_forever': 12251, 'playtime_last_two_weeks': 1558, 'playtime_at_review': 12071, 'last_played': 1762287239}",english,"Ignore the steam hours, I have clocked up around 700 hours in total.

I've uninstalled the game permanently, now.

I'm done with the enforced 50/50 win/loss matchmaking system that puts you alongside lower performing players just for you to be made to artificially lose several matches in a row.
Then the system will place you against low performing teams and you will be on a winning streak, to then go back to the losing streak.

Don't believe me? Just look at your career stats and you'll see your games played and wins achieved. It will be around 50%, give or take 5%

The matchmaking system is complete fu cking garbage and whoever invented it needs slapping.

Bring back solo matchmaking so that we loners no longer end up queuing up with pre-made teams.",1737631590,1762024977,False,1,1,0.523809552192687988,0,False,False,False,False
208159856,"{'steamid': '76561199070166227', 'num_games_owned': 96, 'num_reviews': 12, 'playtime_forever': 16378, 'playtime_last_two_weeks': 455, 'playtime_at_review': 16221, 'last_played': 1762223175}",english,This game is doo doo,1762024741,1762024741,False,0,0,0.5,0,False,False,False,False
187535855,"{'steamid': '76561198147377479', 'num_games_owned': 97, 'num_reviews': 1, 'playtime_forever': 90131, 'playtime_last_two_weeks': 4283, 'playtime_at_review': 89351, 'last_played': 1762287017}",hungarian,there is nothing left in this game what is worth for playing....plane cosmatics lame no use key chains and charaters over and over again. no soul left here just a hollow husk.,1739090789,1762024682,False,2,0,0.5,0,False,False,False,False
208159687,"{'steamid': '76561199594695385', 'num_games_owned': 4, 'num_reviews': 2, 'playtime_forever': 33219, 'playtime_last_two_weeks': 2629, 'playtime_at_review': 32643, 'last_played': 1762214811}",spanish,Haganle mas rule34 a lifeweaver y le doy mejor reseña a este bodrio,1762024627,1762024627,False,0,1,0.5,0,False,True,False,False
144036063,"{'steamid': '76561198255873047', 'num_games_owned': 730, 'num_reviews': 16, 'playtime_forever': 10480, 'playtime_last_two_weeks': 84, 'playtime_at_review': 10480, 'deck_playtime_at_review': 752, 'last_played': 1762024256}",english,"As of right now the game is unplayable for some players. For months there have been ping issues, you go into a game and start with a 35ms ping (which is already pretty bad compared to other games) and after a while it goes up to >90ms. I am connected to the nearest server and it isn't an issue on my end. I've tested starting a game of overwatch and when the ping went up to 100ms I went into a deathmatch in CS2, and well... CS2 had a ping of 9ms while ow2 remained at 100ms.

You can read into it on their technical issues forum:
https://eu.forums.blizzard.com/en/overwatch/t/bad-routing-very-high-ping/37304

update november 2025, still lags",1691877336,1762024287,False,1,0,0.523809552192687988,0,False,False,False,False
208159224,"{'steamid': '76561198774147935', 'num_games_owned': 1, 'num_reviews': 19, 'playtime_forever': 7986, 'playtime_last_two_weeks': 7986, 'playtime_at_review': 6563, 'last_played': 1762185425}",turkish,Süper oyundur kendisi severiz tavsiye ederim,1762024274,1762024274,True,0,0,0.5,0,False,False,False,False
208158550,"{'steamid': '76561199195998100', 'num_games_owned': 0, 'num_reviews': 3, 'playtime_forever': 6441, 'playtime_last_two_weeks': 1034, 'playtime_at_review': 5912, 'last_played': 1762283913}",english,"im capping
",1762023734,1762023734,True,0,0,0.475398927927017212,0,False,False,False,False
208158494,"{'steamid': '76561199197303713', 'num_games_owned': 139, 'num_reviews': 21, 'playtime_forever': 706, 'playtime_last_two_weeks': 496, 'playtime_at_review': 706, 'last_played': 1762001144}",english,wont download on ssd,1762023689,1762023689,False,0,0,0.5,0,False,False,False,False
147561157,"{'steamid': '76561198155849456', 'num_games_owned': 0, 'num_reviews': 4, 'playtime_forever': 6799, 'playtime_last_two_weeks': 0, 'playtime_at_review': 6799, 'last_played': 1720647304}",german,please rework the MM,1696336569,1762023284,False,0,0,0.5,0,False,False,False,False
202962590,"{'steamid': '76561199433713081', 'num_games_owned': 0, 'num_reviews': 55, 'playtime_forever': 5338, 'playtime_last_two_weeks': 1646, 'playtime_at_review': 4953, 'last_played': 1762282231}",english,"I loved Overwatch before it became Overwatch 2. 

Now, there is a lot of unfairness from the matchmaking to the straight up 'me win now' characters (fucking Junkerqueen) also it gets 10x worse in Stadium since you can get upgrades. I don't even think I need to say much about the addition of a battle pass and micro-transactions either, just typical corpo greed. That being said, the gameplay is still just as fun for the most part and I'm hoping that they might eventually fix the unbalances.

6/10 imo (do something Blizzard please)",1756272101,1762022958,True,0,0,0.5,0,False,False,False,False
208156986,"{'steamid': '76561199235853401', 'num_games_owned': 0, 'num_reviews': 2, 'playtime_forever': 33028, 'playtime_last_two_weeks': 3622, 'playtime_at_review': 32007, 'last_played': 1762283338}",english,game for the mentally challenged i love it,1762022554,1762022554,True,1,0,0.499206572771072388,0,False,False,False,False
208156405,"{'steamid': '76561199026066305', 'num_games_owned': 143, 'num_reviews': 18, 'playtime_forever': 7416, 'playtime_last_two_weeks': 1763, 'playtime_at_review': 7368, 'last_played': 1762227492}",schinese,匹配机制很好，当你被认定为忠实老玩家你就会被匹配进高端局给别人当垫子,1762022101,1762022101,False,4,0,0.554000914096832275,0,False,False,False,False
208156366,"{'steamid': '76561199067100901', 'num_games_owned': 33, 'num_reviews': 29, 'playtime_forever': 721, 'playtime_last_two_weeks': 230, 'playtime_at_review': 663, 'last_played': 1762177517}",polish,TUFF 67 MANGO,1762022074,1762022074,True,0,0,0.5,0,False,False,False,False
208155912,"{'steamid': '76561198869917238', 'num_games_owned': 205, 'num_reviews': 125, 'playtime_forever': 66, 'playtime_last_two_weeks': 0, 'playtime_at_review': 66, 'last_played': 1708109876}",english,"Nobody reads my reviews anyway.
I'll throw in a recipe for Varenyky.

Recipe for Potato Dumplings (Varenyky)
Ingredients:
For the dough:
Wheat flour – 500 g
Water – 200 ml
Egg – 1
Salt – 1 tsp
For the filling:
Potatoes – 1 kg
Onions – 2
Lard or butter – 50 g
Salt – to taste
Ground black pepper – to taste
Preparation steps:
Making the dough:
Sifting the flour: Sift the flour into a large bowl.
Making the dough: Add salt and the egg to the flour. Gradually pour in the water, constantly stirring. Knead the dough until it becomes smooth and elastic.
Resting the dough: Wrap the dough in plastic wrap or cover it with a towel and let it rest for 30 minutes.
Preparing the filling:
Boiling the potatoes: Peel the potatoes, cut them into large pieces, and boil until tender in salted water.
Preparing the onions: While the potatoes are boiling, finely chop the onions. Sauté the onions in lard or butter until golden brown.
Making the potato puree: Drain the potatoes and mash them. Add the sautéed onions, salt, and pepper to taste, and mix well.
Forming the dumplings:
Rolling out the dough: Roll out the dough into a thin sheet about 2-3 mm thick. Use a glass or cutter to cut out circles approximately 7-8 cm in diameter.
Forming the dumplings: Place a spoonful of potato filling on each circle of dough. Fold the dough in half and pinch the edges tightly to seal the dumplings.
Cooking the dumplings:
Boiling water: Bring a large pot of water to a boil, add salt.
Cooking the dumplings: Gently drop the dumplings into the boiling water, stirring carefully to prevent sticking. Cook until done (approximately 5-7 minutes after they float to the surface).
Serving:
Removing the dumplings: Remove the dumplings with a slotted spoon and place them on a plate.
Serving: Serve the dumplings hot, optionally drizzling with melted butter, sour cream, or sautéed onions.
Enjoy your meal!",1762021756,1762021756,True,2,0,0.52173912525177002,1,False,False,False,False
145861733,"{'steamid': '76561198923655388', 'num_games_owned': 0, 'num_reviews': 55, 'playtime_forever': 7294, 'playtime_last_two_weeks': 0, 'playtime_at_review': 7294, 'last_played': 1735221113}",english,"2026:
This game is so DEAD, that blizzard is releasing new heroes named after succesful games (Wukong) XDD. And even  their trashy seasons (Btw none of them actually had any good skins so far, even most of the mythic ones are trash) they do name after another game (Vampire Masquerade Bloodlines 2).

This game is full of bots that wear the newest skins on release just to make you think theyre popular. QP, Ranked, it doesnt matter, they use bots to cut the que times.

And last thing is the EOMM in this game, this got so bad, you actually need to pay money on a constant base so you dont get perma banned for using chat or voicechat. Majority of the playerbase turned everything that has to do with communication off (In a team game LOL). Simply because most of them are bots anyways and the other 10 percent just afraid to lose their accounts.

And because overwatch is basically DEAD they moved to steam and made it free to play (its easier to bot your playercount with steam bot accounts).

Yes, PVP gaming in 2026 sucks balls.",1694104654,1762021596,False,7,0,0.446416616439819336,0,False,False,False,False
208155429,"{'steamid': '76561197989050374', 'num_games_owned': 0, 'num_reviews': 7, 'playtime_forever': 669, 'playtime_last_two_weeks': 322, 'playtime_at_review': 347, 'last_played': 1762120295}",latam,"VOLVÍ a jugar OW2 luego de un par de años, el juego está excelente a como salió
vale la pena probarlo y dedicarle un par de hrs.
Dejen de trollear si son nuevos y aprendan a jugar para el equipo, no para las kills.",1762021434,1762021434,True,0,0,0.5,0,False,False,False,False
195166480,"{'steamid': '76561198137845418', 'num_games_owned': 0, 'num_reviews': 73, 'playtime_forever': 438, 'playtime_last_two_weeks': 0, 'playtime_at_review': 438, 'last_played': 1748004353}",english,"you know EXACTLY why i like this game, because im a degenerate of course! :D",1747592506,1762021351,True,0,0,0.5,0,False,False,False,False
144808251,"{'steamid': '76561198043799204', 'num_games_owned': 614, 'num_reviews': 20, 'playtime_forever': 13959, 'playtime_last_two_weeks': 0, 'playtime_at_review': 13959, 'last_played': 1756411894}",english,Garbage.,1692729350,1762019437,False,2,0,0.5,0,False,False,False,False
208152314,"{'steamid': '76561198057761726', 'num_games_owned': 0, 'num_reviews': 2, 'playtime_forever': 1065, 'playtime_last_two_weeks': 176, 'playtime_at_review': 937, 'last_played': 1762113498}",english,"it is a fun and thrilling game to play it has multiple carachters to play with diffrent abiities which i love
",1762019129,1762019129,True,0,0,0.5,0,False,False,False,False
148261335,"{'steamid': '76561198273251533', 'num_games_owned': 1003, 'num_reviews': 7, 'playtime_forever': 6491, 'playtime_last_two_weeks': 1238, 'playtime_at_review': 6491, 'deck_playtime_at_review': 13, 'last_played': 1762017550}",english,Some of the worst matchmaking in gaming. Highly unbalanced slop that’s literally meant to drain your wallet and ragebait you. Saying literally anything in match chat will get you banned. Even making one bad move will cause everyone to dogpile on you. Don’t touch this game by all means. It’s a shell of its former self and a toxic mess.,1697356035,1762017979,False,2,0,0.523809552192687988,0,False,False,False,False
208150680,"{'steamid': '76561199773125002', 'num_games_owned': 0, 'num_reviews': 6, 'playtime_forever': 1193, 'playtime_last_two_weeks': 0, 'playtime_at_review': 1193, 'last_played': 1759842141}",english,horrible absalute slop why do you get a penalty when you leave LIKE WHY keeped on getting killed and feels boring not recommand,1762017911,1762017920,False,0,1,0.5,0,False,False,False,False
172311074,"{'steamid': '76561198420462261', 'num_games_owned': 99, 'num_reviews': 21, 'playtime_forever': 10563, 'playtime_last_two_weeks': 499, 'playtime_at_review': 10447, 'last_played': 1762024732}",english,better than rivals lmao,1723894052,1762017719,True,0,0,0.471218287944793701,0,False,False,False,False
208150036,"{'steamid': '76561199795761418', 'num_games_owned': 0, 'num_reviews': 3, 'playtime_forever': 1834, 'playtime_last_two_weeks': 1834, 'playtime_at_review': 1227, 'last_played': 1762276648}",finnish,iha perseest jos ei onnistu siks peukku ylos ku onnistu,1762017460,1762017460,True,0,0,0.5,0,False,False,False,False
208150030,"{'steamid': '76561198158248181', 'num_games_owned': 0, 'num_reviews': 4, 'playtime_forever': 7574, 'playtime_last_two_weeks': 0, 'playtime_at_review': 7574, 'last_played': 1733621130}",english,"Dead game 
OG overwatch was better
0/10",1762017455,1762017455,False,1,0,0.5,0,False,False,False,False
208150005,"{'steamid': '76561198411444424', 'num_games_owned': 2257, 'num_reviews': 79, 'playtime_forever': 20070, 'playtime_last_two_weeks': 1241, 'playtime_at_review': 19581, 'last_played': 1762282561}",schinese,"sb游戏吃大粪吧
",1762017439,1762017439,False,2,0,0.523809552192687988,0,False,False,False,False
208149947,"{'steamid': '76561199131558078', 'num_games_owned': 0, 'num_reviews': 2, 'playtime_forever': 920, 'playtime_last_two_weeks': 210, 'playtime_at_review': 920, 'last_played': 1761880152}",brazilian,sim,1762017398,1762017398,True,0,0,0.5,0,False,False,False,False
199102467,"{'steamid': '76561198132082363', 'num_games_owned': 0, 'num_reviews': 15, 'playtime_forever': 76046, 'playtime_last_two_weeks': 1467, 'playtime_at_review': 76046, 'last_played': 1762016733}",english,"Overwatch 2 is finally dead , it's 95% bots now, I'm so glad that Blizzard failed  with this game and I hope their brand and Company fails miserably too and goes down the sewer. They treat their players so badly .. there are so many game developers more worthy who really care about heir player base. One of the lowest ranked games on Steam, the players have spoken and dissed this game, may it die a painful death and may Blizzard go the same way.",1751802758,1762017048,False,0,0,0.5,0,False,False,False,False
208149250,"{'steamid': '76561198802249082', 'num_games_owned': 212, 'num_reviews': 30, 'playtime_forever': 36, 'playtime_last_two_weeks': 36, 'playtime_at_review': 32, 'last_played': 1762017337}",russian,"Просто петушиная игра. Не даёт в аккаунт зайти. Выдаёт кучу ошибок по типу 403. В игру заходишь - требует аккаунт подтвердить при помощи смс . Заходишь на сайт, пытаясь подтвердить этот жалкий кусок кала - ""вы сделали слишком много попыток, идите сосите бибу"". Захожу игру - требует перезагрузку. ЗАХОЖУ СНОВА В ИГРУ - ТРЕБУЕТ ПОДТВЕРДИТЬ АККАУНТ ПРИ ПОМОЩИ СМС! ЧТО ЭТО ЗА КАЛИЩЕ?",1762016889,1762016889,False,0,0,0.5,0,False,False,False,False
208148016,"{'steamid': '76561198189362461', 'num_games_owned': 0, 'num_reviews': 5, 'playtime_forever': 453, 'playtime_last_two_weeks': 445, 'playtime_at_review': 342, 'last_played': 1762286514}",italian,almost 10 years and still playing it,1762016005,1762016005,True,0,0,0.5,0,False,False,False,False
208146621,"{'steamid': '76561198809461045', 'num_games_owned': 0, 'num_reviews': 17, 'playtime_forever': 14478, 'playtime_last_two_weeks': 1297, 'playtime_at_review': 14107, 'last_played': 1762270708}",russian,(,1762014943,1762014943,True,0,0,0.5,0,False,False,False,False
208145967,"{'steamid': '76561198194926207', 'num_games_owned': 0, 'num_reviews': 4, 'playtime_forever': 110, 'playtime_last_two_weeks': 0, 'playtime_at_review': 110, 'last_played': 1758737498}",koreana,"핵 부계정 양학 밖에 안남은 게임, 절대 하지마세요. 인생에 아깝습니다",1762014457,1762014457,False,1,0,0.507936537265777588,0,False,False,False,False
208145734,"{'steamid': '76561199807908352', 'num_games_owned': 0, 'num_reviews': 1, 'playtime_forever': 1791, 'playtime_last_two_weeks': 139, 'playtime_at_review': 1730, 'last_played': 1762051912}",koreana,"갓겜
",1762014292,1762014292,True,0,0,0.5,0,False,False,False,False
208145363,"{'steamid': '76561198396750373', 'num_games_owned': 0, 'num_reviews': 3, 'playtime_forever': 4552, 'playtime_last_two_weeks': 273, 'playtime_at_review': 4490, 'last_played': 1762097465}",koreana,너무 어렵네요,1762013990,1762013990,False,0,0,0.5,0,False,False,False,False
202933268,"{'steamid': '76561199524226064', 'num_games_owned': 12, 'num_reviews': 2, 'playtime_forever': 53947, 'playtime_last_two_weeks': 1324, 'playtime_at_review': 53747, 'last_played': 1762277274}",russian,Not bad after all,1756231997,1762013580,True,0,0,0.5,0,False,False,False,False
208143497,"{'steamid': '76561198345400755', 'num_games_owned': 0, 'num_reviews': 1, 'playtime_forever': 1153, 'playtime_last_two_weeks': 1153, 'playtime_at_review': 634, 'last_played': 1762265419}",koreana,"롤 하다가 오버워치 플레이 해봤는데 매칭이 이상함. 킬이나 데스같은 수치가 비슷한 사람끼리 붙여줘야 하는데 차이가 너무 심함. 아, 이건 깔끔하게 졌다. 라는 판이 10판중 한 판 나올까말까한 이상한 게임.압도적으로 지거나 압도적으로 이기거나해서 재미 없음. 롤은 어떻게 매칭이 그렇게 깔끔하고 재밌게 잡히는지 이런 게 기술인가 봄.

tried playing Overwatch after playing LOL, and the matchmaking feels really off…
They should be matching players with similar stats like kills and deaths, but the skill gap is huge.
Out of ten games, maybe one feels like “Yeah, that was a clean, fair loss. ""
Every other match is either a total stomp or a complete blowout, which makes it not fun at all.
I guess Riot really nailed the matchmaking system in LOL that must be what real tech looks like.",1762012694,1762013484,False,2,0,0.531013607978820801,0,False,True,False,False
208144586,"{'steamid': '76561199163472974', 'num_games_owned': 16, 'num_reviews': 2, 'playtime_forever': 3291, 'playtime_last_two_weeks': 0, 'playtime_at_review': 3291, 'last_played': 1756525684}",spanish,bueno pero mierda,1762013461,1762013461,True,0,0,0.5,0,False,False,False,False
208143827,"{'steamid': '76561198202720249', 'num_games_owned': 102, 'num_reviews': 8, 'playtime_forever': 1558, 'playtime_last_two_weeks': 1081, 'playtime_at_review': 1319, 'last_played': 1762134517}",finnish,.],1762012916,1762012916,True,0,0,0.5,0,False,False,False,False
203495434,"{'steamid': '76561198085974938', 'num_games_owned': 0, 'num_reviews': 4, 'playtime_forever': 17, 'playtime_last_two_weeks': 0, 'playtime_at_review': 17, 'last_played': 1699685377}",schinese,垃圾游戏。平衡性做的太差，匹配队友都是什么。没有新意，回归了也没人玩,1756985029,1762012430,False,0,0,0.5,0,False,False,False,False
171650619,"{'steamid': '76561198120828271', 'num_games_owned': 118, 'num_reviews': 16, 'playtime_forever': 9189, 'playtime_last_two_weeks': 909, 'playtime_at_review': 9189, 'last_played': 1762011400}",latam,tiene macacos,1723077048,1762011961,False,2,0,0.545454561710357666,0,False,False,False,False
193641576,"{'steamid': '76561199154384105', 'num_games_owned': 0, 'num_reviews': 7, 'playtime_forever': 3187, 'playtime_last_two_weeks': 379, 'playtime_at_review': 3121, 'last_played': 1762015239}",english,this game has taken years off of my life that i can never get back. i never want even my worse of enemies to EVER play something this bad heed my warning even tho i know im going to put more hours into this game,1745686244,1762011746,False,1,0,0.523809552192687988,0,False,False,False,False
208141986,"{'steamid': '76561199099713147', 'num_games_owned': 12, 'num_reviews': 1, 'playtime_forever': 993, 'playtime_last_two_weeks': 335, 'playtime_at_review': 993, 'last_played': 1761534818}",brazilian,Jogo muito bom com mecânicas novas e um estilo de jogo mais fluido com campeões diferentes para se divertir e jogar com os amigos,1762011591,1762011591,True,1,0,0.523809552192687988,0,False,False,False,False
208141967,"{'steamid': '76561198987414962', 'num_games_owned': 77, 'num_reviews': 11, 'playtime_forever': 1305, 'playtime_last_two_weeks': 1305, 'playtime_at_review': 661, 'last_played': 1762267338}",english,"shit game, didnt enjoy",1762011578,1762011578,False,0,0,0.5,0,False,False,False,False
208140940,"{'steamid': '76561199130775050', 'num_games_owned': 2, 'num_reviews': 5, 'playtime_forever': 170, 'playtime_last_two_weeks': 131, 'playtime_at_review': 38, 'last_played': 1762148057}",spanish,en steam casi no lo he jugado mas sin embargo en conola tengo mas de 100 dias en este juego y puedo decir que es demasiado bueno si eres al principio puede ser añgo confuso tantas habilidades pero creo que si tines algo de experiencia en juegos tampoco es que sea lo mas complicado del mundo pues todo es muy intuitivo pues a ver dime que hace un revolver XD o un arco sabes y creo que mucho del odio que se llevo el juego es por el terrible manejo que este tuvo en overwatch 1 pero a dia de hoy es un gran juego que si no te dejas guiar por lo primero que oyes te puede sorprender el unico pero que le pondria es en el precio de las cosas pero tampoco es que no puedas conseguir cosas solo jugando pues el pase casi casi te lo regalan jugando y en las loot box puedes encontrar skins de tienda exepto las de colab pero en cuastion al juego esta bastante balanceado y puedes jugar lo que se te de la gana sin afectar a tu equipo solo por usar X personaje y muchas de las reseñas aca son infundamentadas osea simplemente ponen que no lo recomiendan por decir osea hasta ahora no eh visto una critica real con fundamento hacia el juego que no sea algo random que les paso en una partida o algo que pasa en cualquier juego por que no puedes controlar al resto de gente por ejemplo vi muchas reseñas quejandose de los compañeros o enemigos por el matchmaking pero la relidad es que te empareja con los de tu rango y no puedes controlar como juegan los demas hay gente buena y mala en cualquier videojuego y sobre el matchmaking oseaa??? si no es como que seas bronce y te empareje con champions que si se puee pero el champion y el bronce tendrian que estar en grupo y aun asi el juego va a buscar emarejar a ese bronce junto a otro equipo que este haciendo lo mismo tendran una espera de partida larguisima pero el juego hace eso para hacer la partida lo mas justa posible,1762010841,1762010841,True,1,0,0.5,0,False,False,False,False
208140736,"{'steamid': '76561199087915329', 'num_games_owned': 23, 'num_reviews': 1, 'playtime_forever': 1397, 'playtime_last_two_weeks': 1382, 'playtime_at_review': 1260, 'last_played': 1762114185}",french,"On a beau le critiquer, le jeu est bien, les persos sont originaux, les maps incroyables avec pleins de détails, et le gameplay est plus ou moins intuitif.",1762010694,1762010694,True,3,0,0.50949627161026001,0,False,False,False,False
208140465,"{'steamid': '76561199528002306', 'num_games_owned': 0, 'num_reviews': 1, 'playtime_forever': 202, 'playtime_last_two_weeks': 202, 'playtime_at_review': 15, 'last_played': 1762283971}",spanish,"quiero inicar session para jugar hace 4 horas y no me deja, la pagina para tener seguridad es una mrd",1762010482,1762010482,False,0,0,0.5,0,False,False,False,False
208139557,"{'steamid': '76561199100642268', 'num_games_owned': 13, 'num_reviews': 1, 'playtime_forever': 52251, 'playtime_last_two_weeks': 1236, 'playtime_at_review': 52007, 'last_played': 1762189561}",latam,alch si esta bueno,1762009821,1762009821,True,1,0,0.523809552192687988,0,False,False,False,False
208139541,"{'steamid': '76561199660833660', 'num_games_owned': 33, 'num_reviews': 7, 'playtime_forever': 32073, 'playtime_last_two_weeks': 2094, 'playtime_at_review': 31674, 'last_played': 1762281674}",french,nul,1762009804,1762009804,False,0,0,0.476190477609634399,0,False,False,False,False
208138773,"{'steamid': '76561199369592079', 'num_games_owned': 82, 'num_reviews': 13, 'playtime_forever': 841, 'playtime_last_two_weeks': 756, 'playtime_at_review': 560, 'last_played': 1762112154}",english,Good,1762009245,1762009245,True,0,0,0.5,0,False,False,False,False
208138071,"{'steamid': '76561199047363413', 'num_games_owned': 88, 'num_reviews': 29, 'playtime_forever': 3825, 'playtime_last_two_weeks': 424, 'playtime_at_review': 3627, 'last_played': 1762020544}",english,hot women and robots,1762008709,1762008709,True,0,0,0.5,0,False,False,False,False
198359646,"{'steamid': '76561199072577198', 'num_games_owned': 0, 'num_reviews': 2, 'playtime_forever': 2141, 'playtime_last_two_weeks': 80, 'playtime_at_review': 2114, 'last_played': 1762009316}",english,woah,1751116150,1762007688,True,0,0,0.475687086582183838,0,False,False,False,False
208134146,"{'steamid': '76561198322071445', 'num_games_owned': 0, 'num_reviews': 37, 'playtime_forever': 242, 'playtime_last_two_weeks': 242, 'playtime_at_review': 173, 'last_played': 1762009272}",english,I have no my own option,1762005744,1762005744,False,0,2,0.5,0,False,False,False,False
208131523,"{'steamid': '76561198426141416', 'num_games_owned': 152, 'num_reviews': 33, 'playtime_forever': 1550, 'playtime_last_two_weeks': 1338, 'playtime_at_review': 897, 'last_played': 1762287238}",russian,Впервые вижу одетыми,1762003570,1762003570,True,0,1,0.5,0,False,False,False,False
208131495,"{'steamid': '76561199000469921', 'num_games_owned': 0, 'num_reviews': 1, 'playtime_forever': 3971, 'playtime_last_two_weeks': 551, 'playtime_at_review': 3769, 'last_played': 1762014200}",thai,เกมเซิฟอย่างเน่าไปเล่นวาโรเถอะ Go play volorant not this game,1762003544,1762003544,False,0,0,0.5,0,False,False,False,False
208131155,"{'steamid': '76561198446973406', 'num_games_owned': 79, 'num_reviews': 7, 'playtime_forever': 1490, 'playtime_last_two_weeks': 170, 'playtime_at_review': 1462, 'last_played': 1762007154}",brazilian,Depois que eu conheci Overwatch eu não sei mais nem o que são os jogos da Riot. Bem mais divertido e dinâmico e você não enjoa.,1762003256,1762003256,True,0,0,0.5,0,False,False,False,False
208130410,"{'steamid': '76561198800913553', 'num_games_owned': 35, 'num_reviews': 3, 'playtime_forever': 1793, 'playtime_last_two_weeks': 765, 'playtime_at_review': 1587, 'last_played': 1762282305}",english,fuck moira and mauga,1762002638,1762002638,False,0,0,0.5,0,False,False,False,False
208129987,"{'steamid': '76561199196637945', 'num_games_owned': 0, 'num_reviews': 3, 'playtime_forever': 23163, 'playtime_last_two_weeks': 111, 'playtime_at_review': 23051, 'last_played': 1762008852}",japanese,"初心者は向かないゲームなので過去作を知らない人はやらないほうがいいと思います。
一人でやってて面白かったことがないです。
",1762002268,1762002268,False,1,0,0.5,0,False,False,False,False
208129721,"{'steamid': '76561198027876081', 'num_games_owned': 139, 'num_reviews': 55, 'playtime_forever': 793, 'playtime_last_two_weeks': 793, 'playtime_at_review': 521, 'last_played': 1762287693}",hungarian,":)
",1762002030,1762002030,True,0,0,0.5,0,False,False,False,False
208129323,"{'steamid': '76561198248183078', 'num_games_owned': 0, 'num_reviews': 73, 'playtime_forever': 4857, 'playtime_last_two_weeks': 1344, 'playtime_at_review': 4439, 'last_played': 1762259320}",english,finally its playable,1762001708,1762001708,True,0,0,0.5,0,False,False,False,False
208128843,"{'steamid': '76561199192339605', 'num_games_owned': 107, 'num_reviews': 25, 'playtime_forever': 28, 'playtime_last_two_weeks': 28, 'playtime_at_review': 28, 'last_played': 1762001152}",schinese,账号登录真的是太好玩了，光是登录都玩了半小时呢~,1762001298,1762001298,False,1,0,0.5,0,False,False,False,False
143856005,"{'steamid': '76561198195187355', 'num_games_owned': 0, 'num_reviews': 16, 'playtime_forever': 19843, 'playtime_last_two_weeks': 25, 'playtime_at_review': 19843, 'last_played': 1761527415}",english,Ugh...,1691739235,1762000134,False,0,0,0.523809552192687988,0,False,False,False,False
208126886,"{'steamid': '76561198099001571', 'num_games_owned': 0, 'num_reviews': 11, 'playtime_forever': 11860, 'playtime_last_two_weeks': 0, 'playtime_at_review': 11860, 'last_played': 1716896649}",schinese,垃圾暴雪教玩家玩游戏 角斗领域 改成BO3 现在又改回去了 又臭又长 垃圾游戏,1761999571,1761999571,False,2,0,0.507575750350952148,0,False,False,False,False
208126678,"{'steamid': '76561199869902079', 'num_games_owned': 0, 'num_reviews': 1, 'playtime_forever': 10, 'playtime_last_two_weeks': 7, 'playtime_at_review': 10, 'last_played': 1761999363}",english,such trash game cant even play on steam dont know why its on here you gotta have a battlenet account then you gotta add sms whats next i gotta purchase a battle pass??,1761999387,1761999387,False,0,0,0.496183186769485474,0,False,False,False,False
208126333,"{'steamid': '76561198140122005', 'num_games_owned': 156, 'num_reviews': 18, 'playtime_forever': 70656, 'playtime_last_two_weeks': 189, 'playtime_at_review': 70466, 'deck_playtime_at_review': 390, 'last_played': 1762014957}",japanese,負けたら味方に文句を言うゲーム。フレンドとパーティー組めるなら楽しく遊べますが、ガチになると見境なく暴言が出てしまうので注意しましょう。,1761999070,1761999070,True,0,0,0.5,0,False,False,False,False
202844392,"{'steamid': '76561198361337361', 'num_games_owned': 0, 'num_reviews': 3, 'playtime_forever': 96004, 'playtime_last_two_weeks': 5059, 'playtime_at_review': 94710, 'last_played': 1762267047}",schinese,这就是我们的OW，输的憋屈，赢得不爽。,1756116367,1761998843,False,2,0,0.522365450859069824,0,False,False,False,False
208125925,"{'steamid': '76561199670395778', 'num_games_owned': 174, 'num_reviews': 3, 'playtime_forever': 2658, 'playtime_last_two_weeks': 712, 'playtime_at_review': 2658, 'last_played': 1761925806}",schinese,屎,1761998708,1761998708,False,1,0,0.5,0,False,False,False,False
173116501,"{'steamid': '76561199003203612', 'num_games_owned': 90, 'num_reviews': 8, 'playtime_forever': 17702, 'playtime_last_two_weeks': 1326, 'playtime_at_review': 17318, 'last_played': 1762286151}",english,goated,1724428802,1761998033,True,0,0,0.5,0,False,False,False,False
208125174,"{'steamid': '76561197978144178', 'num_games_owned': 205, 'num_reviews': 5, 'playtime_forever': 30, 'playtime_last_two_weeks': 30, 'playtime_at_review': 30, 'last_played': 1761997881}",english,"Horrible, I hate battlenet, why do I need to register ?
I used an old account and now is stuck asking for a SMS. 
Uninstalling",1761997972,1761997972,False,0,0,0.496183186769485474,0,False,False,False,False
208124978,"{'steamid': '76561199251579051', 'num_games_owned': 0, 'num_reviews': 1, 'playtime_forever': 1665, 'playtime_last_two_weeks': 162, 'playtime_at_review': 1553, 'last_played': 1762100015}",french,Le jeu est complet et ramène de bons souvenirs,1761997780,1761997780,True,0,0,0.476190477609634399,0,False,False,False,False
208124667,"{'steamid': '76561199024998113', 'num_games_owned': 0, 'num_reviews': 9, 'playtime_forever': 2095, 'playtime_last_two_weeks': 882, 'playtime_at_review': 1937, 'last_played': 1762274909}",english,fun fps game.,1761997494,1761997494,True,0,0,0.5,0,False,True,False,False
208124493,"{'steamid': '76561198888323742', 'num_games_owned': 24, 'num_reviews': 6, 'playtime_forever': 1171, 'playtime_last_two_weeks': 79, 'playtime_at_review': 1129, 'last_played': 1761999817}",english,GREAT,1761997313,1761997313,True,0,0,0.5,0,True,False,False,False
208124158,"{'steamid': '76561199471751150', 'num_games_owned': 26, 'num_reviews': 2, 'playtime_forever': 8, 'playtime_last_two_weeks': 8, 'playtime_at_review': 8, 'last_played': 1761996838}",schinese,fk u,1761996972,1761996972,False,1,0,0.5,0,False,False,False,False
145768776,"{'steamid': '76561198350595119', 'num_games_owned': 7, 'num_reviews': 4, 'playtime_forever': 43824, 'playtime_last_two_weeks': 1894, 'playtime_at_review': 43630, 'last_played': 1762264025}",english,elo games,1693987793,1761996446,False,0,0,0.5,0,False,False,False,False
208122356,"{'steamid': '76561199831554977', 'num_games_owned': 23, 'num_reviews': 3, 'playtime_forever': 463, 'playtime_last_two_weeks': 463, 'playtime_at_review': 357, 'last_played': 1762263998}",swedish,fun👍,1761995142,1761995142,True,0,0,0.5,0,False,False,False,False
208122329,"{'steamid': '76561198350787844', 'num_games_owned': 161, 'num_reviews': 24, 'playtime_forever': 5991, 'playtime_last_two_weeks': 3885, 'playtime_at_review': 5721, 'last_played': 1762281064}",russian,Никто никогда не вернется в первый Overwatch,1761995114,1761995114,False,0,0,0.5,0,False,False,False,False
143803365,"{'steamid': '76561198387364461', 'num_games_owned': 0, 'num_reviews': 30, 'playtime_forever': 2739, 'playtime_last_two_weeks': 0, 'playtime_at_review': 2739, 'last_played': 1748131392}",russian,кал,1691697470,1761994163,False,1,0,0.523809552192687988,0,False,False,False,False
208120278,"{'steamid': '76561198135521391', 'num_games_owned': 125, 'num_reviews': 6, 'playtime_forever': 5339, 'playtime_last_two_weeks': 33, 'playtime_at_review': 5339, 'last_played': 1761992367}",english,"Absolute dogshit got rid of all my cosmetics from ow1 kiriko is the worst designed hero in any game I've ever played and Aaron Keller should be fired just for the emotional distress I have suffered from this miserable game, my life has been forever cursed with the reminder of the many many hours of my life that I have put into this meat grinder of a so called ""video game"". Do not waste your time with this game or this company, Blizzard has failed fans in every way possible, I will never be supporting them again in the future and I hope you reading this will do the same.",1761992935,1761992935,False,0,0,0.5,0,False,False,False,False
208119634,"{'steamid': '76561199631221424', 'num_games_owned': 0, 'num_reviews': 10, 'playtime_forever': 3132, 'playtime_last_two_weeks': 2130, 'playtime_at_review': 2350, 'last_played': 1762287352}",french,"Vous crachez trop sur le jeu en vrai. Franchement, avant je n'aimais pas trop, j'étais jeune mais maintenant et avec le retour des box je kiffe vraiment. La commu dans l'ensemble est cool (sauf les random), pas mal de possibilités de modes de jeux, de gameplays, de perso bref le jeu est bien, surtout avec un duo.",1761992255,1761992284,True,0,0,0.5,0,False,False,False,False
147940968,"{'steamid': '76561199013911906', 'num_games_owned': 0, 'num_reviews': 2, 'playtime_forever': 15688, 'playtime_last_two_weeks': 47, 'playtime_at_review': 15688, 'last_played': 1761162256}",english,"dead game, i have been playing it since 2018, but now i quit. if you play this trash game, you will defininetely know what i mean",1696879758,1761992242,False,0,0,0.5,0,False,False,False,False
208119209,"{'steamid': '76561199520436050', 'num_games_owned': 3, 'num_reviews': 4, 'playtime_forever': 5459, 'playtime_last_two_weeks': 297, 'playtime_at_review': 5162, 'last_played': 1762200641}",french,c bien,1761991784,1761991784,True,0,0,0.5,0,False,False,False,False
207010100,"{'steamid': '76561198206502644', 'num_games_owned': 0, 'num_reviews': 1, 'playtime_forever': 22193, 'playtime_last_two_weeks': 2268, 'playtime_at_review': 19925, 'last_played': 1762241629}",english,fun,1760797241,1761991326,True,0,0,0.522088348865509033,0,False,False,False,False
208117419,"{'steamid': '76561198845264321', 'num_games_owned': 0, 'num_reviews': 1, 'playtime_forever': 3471, 'playtime_last_two_weeks': 92, 'playtime_at_review': 3471, 'last_played': 1761989752}",koreana,망게임,1761989812,1761989812,False,0,0,0.5,0,False,False,False,False
208116007,"{'steamid': '76561199095275468', 'num_games_owned': 0, 'num_reviews': 2, 'playtime_forever': 365, 'playtime_last_two_weeks': 0, 'playtime_at_review': 365, 'last_played': 1740231513}",schinese,sb游戏，数值不平衡，如果你想赢，那就用铁拳和探奇,1761988171,1761988171,False,1,0,0.47413790225982666,0,False,False,False,False
