recommendationid,author,language,review,timestamp_created,timestamp_updated,voted_up,votes_up,votes_funny,weighted_vote_score,comment_count,steam_purchase,received_for_free,written_during_early_access,primarily_steam_deck
208209970,"{'steamid': '76561198800737818', 'num_games_owned': 0, 'num_reviews': 2, 'playtime_forever': 4878, 'playtime_last_two_weeks': 3076, 'playtime_at_review': 3847, 'last_played': 1762215411}",portuguese,Muito bom,1762075466,1762075466,True,0,0,0.5,0,True,False,False,False
207800112,"{'steamid': '76561198802143725', 'num_games_owned': 0, 'num_reviews': 1, 'playtime_forever': 47911, 'playtime_last_two_weeks': 1810, 'playtime_at_review': 47347, 'last_played': 1762200074}",portuguese,perfect,1761667697,1761667697,True,0,0,0.5,0,True,False,False,False
207371822,"{'steamid': '76561199193026267', 'num_games_owned': 0, 'num_reviews': 1, 'playtime_forever': 8483, 'playtime_last_two_weeks': 0, 'playtime_at_review': 8483, 'last_played': 1760895120}",portuguese,"gostei, um novo vicio :>",1761210526,1761210526,True,0,0,0.5,0,True,True,False,False
207337147,"{'steamid': '76561198338661333', 'num_games_owned': 21, 'num_reviews': 8, 'playtime_forever': 3407, 'playtime_last_two_weeks': 189, 'playtime_at_review': 3366, 'last_played': 1761256425}",portuguese,brutal,1761163508,1761163508,True,0,0,0.5,0,True,False,False,False
207336546,"{'steamid': '76561198407819180', 'num_games_owned': 0, 'num_reviews': 1, 'playtime_forever': 2682, 'playtime_last_two_weeks': 989, 'playtime_at_review': 1897, 'last_played': 1762203680}",portuguese,Muito fixe e chill para passar o tempo,1761162975,1761162975,True,0,0,0.5,0,True,False,False,False
207207452,"{'steamid': '76561198965474689', 'num_games_owned': 20, 'num_reviews': 1, 'playtime_forever': 270, 'playtime_last_two_weeks': 0, 'playtime_at_review': 269, 'last_played': 1761007966}",portuguese,Um bom jogo para relaxar,1761007926,1761007926,True,0,0,0.5,0,True,False,False,False
206776471,"{'steamid': '76561199402392276', 'num_games_owned': 0, 'num_reviews': 1, 'playtime_forever': 16408, 'playtime_last_two_weeks': 1223, 'playtime_at_review': 14058, 'last_played': 1761579891}",portuguese,cozy e bom,1760528845,1760528845,True,0,0,0.5,0,True,False,False,False
206628707,"{'steamid': '76561198324296157', 'num_games_owned': 50, 'num_reviews': 18, 'playtime_forever': 771, 'playtime_last_two_weeks': 0, 'playtime_at_review': 602, 'last_played': 1760533537}",portuguese,"fiquei surpeendido , é bom para passar o tempo casual , só o preço é que não é o mais ajustável mas pronto tudo okay",1760358139,1760358139,True,0,0,0.5,0,True,False,False,False
206285901,"{'steamid': '76561199825324180', 'num_games_owned': 0, 'num_reviews': 2, 'playtime_forever': 3431, 'playtime_last_two_weeks': 0, 'playtime_at_review': 2665, 'last_played': 1760638840}",portuguese,"Simplesmente: COMPRA ESTA MARAVILHA AGORA! E serio o jogo  perfeito, lindo , magnifico, sem defeitos, inespilcavel, E MUITAS MAIS COISAS! Eu sempre adorei jogos de fazenda mas ate meus amigos que não gostam de jogo de fazenda adoraram o jogo! e perfeito! E SERIO EU NÃO ESTOU A BRINCAR ESSE JOGO E PERFEITO!",1760040094,1760040094,True,0,0,0.5,0,True,False,False,False
205636158,"{'steamid': '76561199234315057', 'num_games_owned': 41, 'num_reviews': 6, 'playtime_forever': 3599, 'playtime_last_two_weeks': 0, 'playtime_at_review': 3599, 'last_played': 1759342309}",portuguese,"legal
",1759342319,1759342319,True,0,0,0.5,0,True,False,False,False
205615720,"{'steamid': '76561199879973829', 'num_games_owned': 0, 'num_reviews': 1, 'playtime_forever': 1367, 'playtime_last_two_weeks': 32, 'playtime_at_review': 1178, 'last_played': 1761999863}",portuguese,muito top,1759324045,1759324045,True,0,0,0.5,0,True,False,False,False
205539468,"{'steamid': '76561198934180406', 'num_games_owned': 0, 'num_reviews': 2, 'playtime_forever': 579, 'playtime_last_two_weeks': 0, 'playtime_at_review': 242, 'last_played': 1759649266}",portuguese,The game is very cool!,1759236043,1759236043,True,0,0,0.5,0,True,False,False,False
205482698,"{'steamid': '76561198789621764', 'num_games_owned': 0, 'num_reviews': 1, 'playtime_forever': 12076, 'playtime_last_two_weeks': 116, 'playtime_at_review': 9561, 'last_played': 1761173527}",portuguese,10/10 no comments,1759163813,1759163813,True,0,0,0.5,0,True,False,False,False
205465598,"{'steamid': '76561198824385460', 'num_games_owned': 0, 'num_reviews': 2, 'playtime_forever': 8297, 'playtime_last_two_weeks': 0, 'playtime_at_review': 8240, 'last_played': 1760615412}",portuguese,O goat,1759145497,1759145497,True,0,0,0.5,0,True,False,False,False
205268759,"{'steamid': '76561199319543059', 'num_games_owned': 0, 'num_reviews': 1, 'playtime_forever': 4488, 'playtime_last_two_weeks': 1249, 'playtime_at_review': 1180, 'last_played': 1762217888}",portuguese,"É um jogo super relaxante, dá para ir ao nosso ritmo.

Pessoalmente adoro a música.",1758922056,1758922056,True,1,0,0.523809552192687988,0,True,False,False,False
205040382,"{'steamid': '76561198970330402', 'num_games_owned': 20, 'num_reviews': 1, 'playtime_forever': 14276, 'playtime_last_two_weeks': 564, 'playtime_at_review': 12824, 'last_played': 1761749187}",portuguese,foda,1758645632,1758645632,True,0,0,0.5,0,True,False,False,False
204842277,"{'steamid': '76561198072037887', 'num_games_owned': 0, 'num_reviews': 11, 'playtime_forever': 13094, 'playtime_last_two_weeks': 1, 'playtime_at_review': 13092, 'last_played': 1761349159}",portuguese,otimo,1758433075,1758433075,True,0,0,0.5,0,True,False,False,False
125784829,"{'steamid': '76561199247837439', 'num_games_owned': 0, 'num_reviews': 3, 'playtime_forever': 4673, 'playtime_last_two_weeks': 0, 'playtime_at_review': 4673, 'last_played': 1756286256}",portuguese,ok,1668902329,1758284225,True,0,0,0.5,0,True,False,False,False
204633650,"{'steamid': '76561198786255838', 'num_games_owned': 0, 'num_reviews': 1, 'playtime_forever': 4554, 'playtime_last_two_weeks': 0, 'playtime_at_review': 656, 'last_played': 1760871442}",portuguese,Jogo com algumas missões mas que podes  jogar sem ter a obrigatoriedade de as fazer. É um dos melhores cozy games que joguei nos ultimos tempos.,1758216707,1758216707,True,0,0,0.5,0,True,False,False,False
174199121,"{'steamid': '76561199507220999', 'num_games_owned': 55, 'num_reviews': 2, 'playtime_forever': 11329, 'playtime_last_two_weeks': 0, 'playtime_at_review': 11329, 'last_played': 1742682187}",portuguese,jogo bacano mas queria casar com o linus,1725447733,1758048090,True,1,0,0.504504501819610596,0,True,False,False,False
204484782,"{'steamid': '76561198446728553', 'num_games_owned': 0, 'num_reviews': 5, 'playtime_forever': 12789, 'playtime_last_two_weeks': 0, 'playtime_at_review': 12789, 'last_played': 1748815530}",portuguese,"Basicamente:

Ou você é o herói que salva a cidade.

Ou você vira o vilão corporativo que compra ração em promoção e ainda tem cupom de desconto.

Recomendo 10/10",1758037590,1758037590,True,0,2,0.5,0,True,False,False,False
204274904,"{'steamid': '76561199698358453', 'num_games_owned': 0, 'num_reviews': 1, 'playtime_forever': 5639, 'playtime_last_two_weeks': 0, 'playtime_at_review': 5520, 'last_played': 1757871733}",portuguese,Jogo perfeito para relaxar e aproveitar com amigos!,1757802476,1757802476,True,3,0,0.565217375755310059,0,True,False,False,False
204238418,"{'steamid': '76561199054242347', 'num_games_owned': 0, 'num_reviews': 4, 'playtime_forever': 6329, 'playtime_last_two_weeks': 6, 'playtime_at_review': 2457, 'last_played': 1762000110}",portuguese,fun,1757771073,1757771073,True,0,0,0.5,0,True,False,False,False
204124813,"{'steamid': '76561199270050576', 'num_games_owned': 0, 'num_reviews': 1, 'playtime_forever': 8382, 'playtime_last_two_weeks': 2674, 'playtime_at_review': 2050, 'last_played': 1762018062}",portuguese,:),1757642281,1757642281,True,0,0,0.5,0,True,False,False,False
203968318,"{'steamid': '76561199769834009', 'num_games_owned': 0, 'num_reviews': 1, 'playtime_forever': 3619, 'playtime_last_two_weeks': 0, 'playtime_at_review': 3574, 'last_played': 1757448263}",portuguese,.,1757446575,1757446575,True,0,0,0.5,0,True,False,False,False
44217044,"{'steamid': '76561198230140764', 'num_games_owned': 38, 'num_reviews': 12, 'playtime_forever': 36451, 'playtime_last_two_weeks': 0, 'playtime_at_review': 36451, 'last_played': 1757124330}",portuguese,Eu joguei isso mais do que eu deveria.,1534544063,1757124466,True,0,0,0.5,0,True,False,False,False
203606275,"{'steamid': '76561198978239389', 'num_games_owned': 0, 'num_reviews': 8, 'playtime_forever': 1445, 'playtime_last_two_weeks': 0, 'playtime_at_review': 1434, 'last_played': 1759406345}",portuguese,Só queria dizer que aqui diz apenas 24 horas pq eu uso o SMPI por conta dos mods de aparências que deixam o jogo ainda mais bonitinho do que já é. Atualmente tenho um save de 150 horas e ainda não consegui alcançar a perfeição. Obrigado 👍,1757081609,1757081609,True,1,0,0.5,0,True,False,False,False
203329151,"{'steamid': '76561198119635621', 'num_games_owned': 317, 'num_reviews': 37, 'playtime_forever': 5385, 'playtime_last_two_weeks': 0, 'playtime_at_review': 3842, 'last_played': 1758932570}",portuguese,"Congratulations, to Eric Barone, on the incredible work in Stardew Valley!

What began as a solo project has grown into a global phenomenon, touching the hearts of millions around the world. Your dedication, attention to detail, and clear passion for the world you built have resulted in a rich, comforting, and deeply immersive experience. Stardew Valley isn’t just about farming — it’s about community, balance, purpose, and most of all, finding beauty in life’s simplest moments.

It’s truly inspiring to see what one person, driven by passion and perseverance, can accomplish. Your work stands as a shining example of the power of independent creativity, and you’ve become a role model for developers, artists, and gamers everywhere.

Congratulations on this remarkable achievement — and thank you for creating such a special place that we can always return to.",1756743524,1756743524,True,2,0,0.523809552192687988,0,True,False,False,False
203290694,"{'steamid': '76561199212609669', 'num_games_owned': 0, 'num_reviews': 1, 'playtime_forever': 6132, 'playtime_last_two_weeks': 0, 'playtime_at_review': 5687, 'last_played': 1757787188}",portuguese,10/10,1756686709,1756686709,True,1,0,0.5,0,True,False,False,False
203153565,"{'steamid': '76561199592963033', 'num_games_owned': 0, 'num_reviews': 1, 'playtime_forever': 2325, 'playtime_last_two_weeks': 0, 'playtime_at_review': 2195, 'last_played': 1758242064}",portuguese, e muito bom pescar por 36 hrs,1756522674,1756522674,True,1,0,0.5,0,True,False,False,False
203147235,"{'steamid': '76561198089552152', 'num_games_owned': 58, 'num_reviews': 9, 'playtime_forever': 3089, 'playtime_last_two_weeks': 0, 'playtime_at_review': 3089, 'last_played': 1719086895}",portuguese,não joguei tanto mas considero bom jogar com amigos,1756513421,1756513421,True,2,0,0.523809552192687988,0,True,False,False,False
202939477,"{'steamid': '76561199862069417', 'num_games_owned': 0, 'num_reviews': 1, 'playtime_forever': 1652, 'playtime_last_two_weeks': 0, 'playtime_at_review': 1388, 'last_played': 1760474926}",portuguese,"Jogo extremamente relaxante, a trilha sonora é incrivel",1756238641,1756238641,True,2,0,0.523809552192687988,0,True,False,False,False
202889983,"{'steamid': '76561199055391803', 'num_games_owned': 0, 'num_reviews': 2, 'playtime_forever': 20167, 'playtime_last_two_weeks': 229, 'playtime_at_review': 19613, 'last_played': 1761950034}",portuguese,"Esse jogo literalmente me salvou da depressão na época da pandemia, eu recomendo fortemente para os que procuram um jogo casual para relaxar e passar um tempo. Tem npcs legais e é fácil de baixar mods!",1756172681,1756172681,True,1,1,0.5,0,True,False,False,False
202873655,"{'steamid': '76561199092379860', 'num_games_owned': 55, 'num_reviews': 1, 'playtime_forever': 19511, 'playtime_last_two_weeks': 0, 'playtime_at_review': 15664, 'last_played': 1760045074}",portuguese,"O jogo é muito bom, recomendo jogar.",1756150590,1756150590,True,0,0,0.5,0,True,False,False,False
137140617,"{'steamid': '76561199011619300', 'num_games_owned': 44, 'num_reviews': 22, 'playtime_forever': 12454, 'playtime_last_two_weeks': 0, 'playtime_at_review': 12109, 'last_played': 1758991717}",portuguese,"Morri na caverna e fui acordado por um mendigo, o mesmo que me roubou enquanto eu estava inconsciente.
- 10/10",1682204510,1756068310,True,0,0,0.5,0,True,False,False,False
202605094,"{'steamid': '76561198261160146', 'num_games_owned': 279, 'num_reviews': 4, 'playtime_forever': 22903, 'playtime_last_two_weeks': 56, 'playtime_at_review': 22840, 'last_played': 1761652568}",portuguese,legal,1755806435,1755806435,True,0,0,0.5,0,True,False,False,False
202545471,"{'steamid': '76561199886559101', 'num_games_owned': 0, 'num_reviews': 1, 'playtime_forever': 13770, 'playtime_last_two_weeks': 1168, 'playtime_at_review': 1634, 'last_played': 1762123747}",portuguese,adoro,1755724380,1755724380,True,0,0,0.5,0,True,False,False,False
202541771,"{'steamid': '76561197962296946', 'num_games_owned': 160, 'num_reviews': 26, 'playtime_forever': 439, 'playtime_last_two_weeks': 0, 'playtime_at_review': 439, 'last_played': 1755649569}",portuguese,This game is a work of art!,1755719970,1755719970,True,0,0,0.5,0,True,False,False,False
202534820,"{'steamid': '76561198201966922', 'num_games_owned': 34, 'num_reviews': 7, 'playtime_forever': 7013, 'playtime_last_two_weeks': 0, 'playtime_at_review': 6404, 'last_played': 1757198704}",portuguese,banger,1755712409,1755712409,True,0,0,0.5,0,True,False,False,False
202460791,"{'steamid': '76561198802762089', 'num_games_owned': 88, 'num_reviews': 35, 'playtime_forever': 1987, 'playtime_last_two_weeks': 0, 'playtime_at_review': 1965, 'last_played': 1755807861}",portuguese,10/10 game,1755617536,1755617536,True,0,0,0.5,0,True,False,False,False
202402218,"{'steamid': '76561199243176552', 'num_games_owned': 0, 'num_reviews': 2, 'playtime_forever': 17294, 'playtime_last_two_weeks': 0, 'playtime_at_review': 9223, 'last_played': 1759682636}",portuguese,.,1755537058,1755537058,True,0,0,0.5,0,True,False,False,False
168624780,"{'steamid': '76561199229929937', 'num_games_owned': 57, 'num_reviews': 10, 'playtime_forever': 5831, 'playtime_last_two_weeks': 0, 'playtime_at_review': 4758, 'last_played': 1760266787}",portuguese,cat,1719771047,1755192573,True,0,0,0.5,0,True,False,False,False
201993399,"{'steamid': '76561198968019266', 'num_games_owned': 0, 'num_reviews': 1, 'playtime_forever': 22399, 'playtime_last_two_weeks': 0, 'playtime_at_review': 18651, 'last_played': 1756429912}",portuguese,jogo perfeito,1755022552,1755022552,True,0,0,0.5,0,True,False,False,False
199363238,"{'steamid': '76561198142573973', 'num_games_owned': 0, 'num_reviews': 20, 'playtime_forever': 5181, 'playtime_last_two_weeks': 0, 'playtime_at_review': 5181, 'last_played': 1752955478}",portuguese,"One of the best games I've ever playd, Concerned ape you're a genius.",1752062014,1754998899,True,0,0,0.5,0,True,False,False,False
201889575,"{'steamid': '76561199343676180', 'num_games_owned': 0, 'num_reviews': 2, 'playtime_forever': 5260, 'playtime_last_two_weeks': 0, 'playtime_at_review': 3561, 'last_played': 1757288917}",portuguese,"jogo bom demais, ótimo para passar o tempo, não jogava um jogo durante tantas horas faz alguns anos",1754887486,1754887486,True,1,0,0.5,0,True,False,False,False
201879389,"{'steamid': '76561199521590328', 'num_games_owned': 0, 'num_reviews': 1, 'playtime_forever': 8177, 'playtime_last_two_weeks': 0, 'playtime_at_review': 3504, 'last_played': 1758313026}",portuguese,Melhor jogo que eu ja joguei na minha vida inteira,1754871477,1754871477,True,1,0,0.523809552192687988,0,True,False,False,False
201736229,"{'steamid': '76561199093485755', 'num_games_owned': 0, 'num_reviews': 4, 'playtime_forever': 10167, 'playtime_last_two_weeks': 0, 'playtime_at_review': 9970, 'last_played': 1754876833}",portuguese,"Jogo bom, divertido, ótimo passatempo e ritmo dinâmico. Ajuda na disciplina, mas não consigo pegar mulher casada. Exijo reembolso.",1754694792,1754694792,True,1,0,0.5,0,True,False,False,False
201566939,"{'steamid': '76561199584043849', 'num_games_owned': 32, 'num_reviews': 1, 'playtime_forever': 73731, 'playtime_last_two_weeks': 0, 'playtime_at_review': 73718, 'last_played': 1756131964}",portuguese,"É fácil de jogar, muito envolvente e relaxante. Começamos a jogar e, quando damos por isso, passaram-se horas. A banda sonora, os gráficos e o ambiente do jogo são perfeitos. É o tipo de jogo que nos prende de forma leve e agradável. Simplesmente viciante e especial.",1754484089,1754484089,True,0,0,0.5,0,True,False,False,False
201473957,"{'steamid': '76561199198574384', 'num_games_owned': 14, 'num_reviews': 2, 'playtime_forever': 882, 'playtime_last_two_weeks': 0, 'playtime_at_review': 643, 'last_played': 1760484868}",portuguese,Esse Jogo É Muito Bom Recomendo Muito !!!!,1754359108,1754359108,True,0,0,0.5,0,True,False,False,False
201010416,"{'steamid': '76561199754151072', 'num_games_owned': 0, 'num_reviews': 8, 'playtime_forever': 5007, 'playtime_last_two_weeks': 43, 'playtime_at_review': 2944, 'last_played': 1761387194}",portuguese,"Uma delicia simplesmente. jogava pirata mas comprei, infelizmente 1.6 ainda não deixa casar com a robin😭",1753814334,1753814334,True,0,1,0.5,0,True,False,False,False
200885340,"{'steamid': '76561199662252140', 'num_games_owned': 22, 'num_reviews': 2, 'playtime_forever': 2489, 'playtime_last_two_weeks': 0, 'playtime_at_review': 2479, 'last_played': 1760053277}",portuguese,"Comprei o jogo. Abri o jogo. Criei minha fazenda e meu personagem. Fiz um grande progresso. Vejo a carpinteira e me decido casar com ela. Junto recursos corro atras de tudo. peço ela em casamento. Sou rejeitado. Aprendo a pior lição desse jogo, não da para pegar as casadas. 10/10 comprem, bom pra cacete",1753669819,1753669819,True,0,2,0.5,0,True,False,False,False
94232729,"{'steamid': '76561198979034729', 'num_games_owned': 0, 'num_reviews': 5, 'playtime_forever': 25777, 'playtime_last_two_weeks': 138, 'playtime_at_review': 25027, 'last_played': 1762204843}",portuguese,"Amo minha esposa.(Haley) 
Melhor jogo da steam 10/10",1624474984,1753638250,True,0,0,0.5,0,True,False,False,False
200790953,"{'steamid': '76561199228647345', 'num_games_owned': 61, 'num_reviews': 10, 'playtime_forever': 8831, 'playtime_last_two_weeks': 0, 'playtime_at_review': 7661, 'last_played': 1760394547}",portuguese,Best game ever.,1753568666,1753568666,True,0,0,0.5,0,True,False,False,False
200776183,"{'steamid': '76561199867513704', 'num_games_owned': 0, 'num_reviews': 1, 'playtime_forever': 484, 'playtime_last_two_weeks': 0, 'playtime_at_review': 98, 'last_played': 1756237581}",portuguese,"Played this while listening to red dead redemption 2 Building House theme, amazing experience.",1753553617,1753553617,True,0,0,0.5,0,True,False,False,False
200596656,"{'steamid': '76561199873682753', 'num_games_owned': 0, 'num_reviews': 2, 'playtime_forever': 4375, 'playtime_last_two_weeks': 423, 'playtime_at_review': 1859, 'last_played': 1762115803}",portuguese,Melhor jogo de pixel,1753382940,1753382940,True,0,0,0.5,0,True,False,False,False
200418209,"{'steamid': '76561198347614132', 'num_games_owned': 146, 'num_reviews': 31, 'playtime_forever': 16938, 'playtime_last_two_weeks': 0, 'playtime_at_review': 3944, 'last_played': 1756084248}",portuguese,"Achava que era simulador de pesca e plantar batata, esse jogo é mt maluco vsf, 10/10",1753249419,1753249419,True,0,0,0.5,0,True,False,False,False
200392697,"{'steamid': '76561199142944913', 'num_games_owned': 16, 'num_reviews': 6, 'playtime_forever': 3881, 'playtime_last_two_weeks': 0, 'playtime_at_review': 2077, 'last_played': 1753731890}",portuguese,absolute cinema,1753214284,1753214284,True,0,0,0.5,0,True,False,False,False
200326751,"{'steamid': '76561198025645421', 'num_games_owned': 0, 'num_reviews': 31, 'playtime_forever': 6927, 'playtime_last_two_weeks': 0, 'playtime_at_review': 6920, 'last_played': 1753179749}",portuguese,,1753129952,1753129952,True,0,0,0.5,0,True,False,False,False
200321996,"{'steamid': '76561199564499397', 'num_games_owned': 0, 'num_reviews': 1, 'playtime_forever': 16480, 'playtime_last_two_weeks': 0, 'playtime_at_review': 16395, 'last_played': 1760894740}",portuguese,"10/10 game!!
it's the coziest game ever and i hope everyone can like it :) <33",1753124937,1753124937,True,0,0,0.5,0,True,False,False,False
200235929,"{'steamid': '76561199230495218', 'num_games_owned': 0, 'num_reviews': 1, 'playtime_forever': 18594, 'playtime_last_two_weeks': 0, 'playtime_at_review': 12813, 'last_played': 1757864120}",portuguese,i just love lil farming games that consume my soul in the best way possible.,1753022823,1753022823,True,0,0,0.5,0,True,False,False,False
199940340,"{'steamid': '76561199698365672', 'num_games_owned': 0, 'num_reviews': 1, 'playtime_forever': 16250, 'playtime_last_two_weeks': 0, 'playtime_at_review': 9892, 'last_played': 1754666528}",portuguese,I LOVE this game so much! So cozy and chill yet challenging. Just perfect....,1752676094,1752676094,True,0,0,0.5,0,True,False,False,False
199938265,"{'steamid': '76561199701370324', 'num_games_owned': 0, 'num_reviews': 3, 'playtime_forever': 4500, 'playtime_last_two_weeks': 4, 'playtime_at_review': 4421, 'last_played': 1761755961}",portuguese,"Muito viciante no bom sentido horas de gameplay muito boa e combate e modo multijogador bem feito 10/10
😁",1752674124,1752674124,True,0,0,0.5,0,True,False,False,False
68158655,"{'steamid': '76561198435369144', 'num_games_owned': 0, 'num_reviews': 5, 'playtime_forever': 3778, 'playtime_last_two_weeks': 0, 'playtime_at_review': 3778, 'last_played': 1747520429}",portuguese,Galinha,1588051648,1752595490,True,0,0,0.5,0,True,False,False,False
199775402,"{'steamid': '76561199239452088', 'num_games_owned': 0, 'num_reviews': 2, 'playtime_forever': 7414, 'playtime_last_two_weeks': 0, 'playtime_at_review': 4279, 'last_played': 1756836933}",portuguese,Muito chill 10/10,1752490079,1752490079,True,0,0,0.5,0,True,False,False,False
199707468,"{'steamid': '76561199137278041', 'num_games_owned': 0, 'num_reviews': 1, 'playtime_forever': 3902, 'playtime_last_two_weeks': 0, 'playtime_at_review': 3899, 'last_played': 1754603234}",portuguese,"really like that the game mixes your casual play with a bit of a grind and combat, really good game tbh.",1752413017,1752413017,True,0,0,0.5,0,True,False,False,False
199532974,"{'steamid': '76561198151853476', 'num_games_owned': 0, 'num_reviews': 6, 'playtime_forever': 4839, 'playtime_last_two_weeks': 0, 'playtime_at_review': 4839, 'last_played': 1752237453}",portuguese,10/10,1752237861,1752237861,True,1,0,0.523809552192687988,0,True,False,False,False
199524984,"{'steamid': '76561198871717625', 'num_games_owned': 36, 'num_reviews': 2, 'playtime_forever': 16760, 'playtime_last_two_weeks': 91, 'playtime_at_review': 13644, 'last_played': 1762208609}",portuguese,"Love this game, recommend 10/10",1752228971,1752228971,True,0,0,0.5,0,True,False,False,False
199405325,"{'steamid': '76561199126465467', 'num_games_owned': 0, 'num_reviews': 3, 'playtime_forever': 2096, 'playtime_last_two_weeks': 0, 'playtime_at_review': 2096, 'last_played': 1743677635}",portuguese,haley.,1752099291,1752099291,True,0,0,0.5,0,True,False,False,False
199364001,"{'steamid': '76561197991966720', 'num_games_owned': 259, 'num_reviews': 8, 'playtime_forever': 31313, 'playtime_last_two_weeks': 0, 'playtime_at_review': 31313, 'last_played': 1730742974}",portuguese,"I first got the game because someone said it was chill like Terraria, 
Little did I knew it would lead me into an unexpected adventure. And it did not just start with the gameplay, but when I learned the origin story of the game.

Stardew Valley is a love story, an unreachable dream of a solo developer, that was carried away by his hard working wife that inspired, supported and bellieved in him.

Stardew Valley is not just a game, It's a love statement.
It's about an inspired man mastering his own mind, and surpassing anything.
It's about a community that gives back to the ones that deserve, 
and I am proud of you all!
🧡🧡🧡
",1752062778,1752062778,True,0,0,0.5,0,True,False,False,False
199297336,"{'steamid': '76561199227741403', 'num_games_owned': 50, 'num_reviews': 15, 'playtime_forever': 2310, 'playtime_last_two_weeks': 0, 'playtime_at_review': 1969, 'last_played': 1756505112}",portuguese,"Planta, Colhe, Planta, Colhe, Planta, Colhe...

Perfeito",1751991269,1751991269,True,0,0,0.5,0,True,False,False,False
199132763,"{'steamid': '76561198978788089', 'num_games_owned': 0, 'num_reviews': 1, 'playtime_forever': 12326, 'playtime_last_two_weeks': 0, 'playtime_at_review': 11038, 'last_played': 1755555887}",portuguese,yes,1751825575,1751825575,True,0,0,0.5,0,True,False,False,False
199072509,"{'steamid': '76561198992178408', 'num_games_owned': 0, 'num_reviews': 15, 'playtime_forever': 25846, 'playtime_last_two_weeks': 0, 'playtime_at_review': 25846, 'last_played': 1748210529}",portuguese,bom,1751771204,1751771204,True,0,0,0.5,0,True,False,False,False
199022536,"{'steamid': '76561198357058026', 'num_games_owned': 0, 'num_reviews': 18, 'playtime_forever': 390, 'playtime_last_two_weeks': 0, 'playtime_at_review': 299, 'last_played': 1760044401}",portuguese,tome meu dinheiro,1751726728,1751726728,True,0,0,0.5,0,True,False,False,False
198967975,"{'steamid': '76561199849302293', 'num_games_owned': 0, 'num_reviews': 1, 'playtime_forever': 763, 'playtime_last_two_weeks': 0, 'playtime_at_review': 497, 'last_played': 1751756326}",portuguese,I've been loving this game!,1751669203,1751669203,True,0,0,0.5,0,True,False,False,False
198961858,"{'steamid': '76561198077144333', 'num_games_owned': 41, 'num_reviews': 4, 'playtime_forever': 789, 'playtime_last_two_weeks': 0, 'playtime_at_review': 649, 'last_played': 1751753657}",portuguese,Bom para quem quer jogar mais chill,1751663499,1751663499,True,0,0,0.5,0,True,False,False,False
198872180,"{'steamid': '76561198977701314', 'num_games_owned': 0, 'num_reviews': 2, 'playtime_forever': 3945, 'playtime_last_two_weeks': 0, 'playtime_at_review': 3240, 'deck_playtime_at_review': 2786, 'last_played': 1752452555}",portuguese,very good,1751582562,1751582562,True,0,0,0.5,0,True,False,False,True
198868630,"{'steamid': '76561199806506605', 'num_games_owned': 0, 'num_reviews': 1, 'playtime_forever': 7461, 'playtime_last_two_weeks': 532, 'playtime_at_review': 985, 'last_played': 1762099050}",portuguese,"jogo mais q perfeito, principalmente para relaxar",1751579240,1751579240,True,0,0,0.5,0,True,False,False,False
198779294,"{'steamid': '76561198989617239', 'num_games_owned': 96, 'num_reviews': 8, 'playtime_forever': 4900, 'playtime_last_two_weeks': 0, 'playtime_at_review': 859, 'last_played': 1760199889}",portuguese,good game,1751496608,1751496608,True,0,0,0.5,0,True,False,False,False
198565549,"{'steamid': '76561199584183190', 'num_games_owned': 0, 'num_reviews': 4, 'playtime_forever': 1097, 'playtime_last_two_weeks': 0, 'playtime_at_review': 321, 'last_played': 1760733736}",portuguese,jogo sensacional e bom pra passar o tempo,1751300186,1751300186,True,0,0,0.481283396482467651,0,True,False,False,False
198492643,"{'steamid': '76561198326948043', 'num_games_owned': 236, 'num_reviews': 89, 'playtime_forever': 1449, 'playtime_last_two_weeks': 0, 'playtime_at_review': 235, 'last_played': 1752827891}",portuguese,para distrair um pouco dos jogos normais é uma otima escolha,1751228135,1751228135,True,0,0,0.5,0,True,False,False,False
198437949,"{'steamid': '76561199830534146', 'num_games_owned': 0, 'num_reviews': 1, 'playtime_forever': 2113, 'playtime_last_two_weeks': 0, 'playtime_at_review': 642, 'last_played': 1758462070}",portuguese,o jogo é simplesmente lindo e incrivel super recomendo e é muito viciante,1751186517,1751186517,True,0,0,0.5,0,True,False,False,False
198206638,"{'steamid': '76561198855961855', 'num_games_owned': 19, 'num_reviews': 1, 'playtime_forever': 3913, 'playtime_last_two_weeks': 0, 'playtime_at_review': 3018, 'last_played': 1757551427}",portuguese,não casem com a de roxo,1750961726,1750961726,True,0,0,0.5,0,True,False,False,False
198063379,"{'steamid': '76561199795448083', 'num_games_owned': 84, 'num_reviews': 5, 'playtime_forever': 989, 'playtime_last_two_weeks': 18, 'playtime_at_review': 970, 'last_played': 1761686233}",portuguese,jogo insano demais,1750796746,1750796746,True,0,0,0.5,0,True,False,False,False
185547293,"{'steamid': '76561198408388703', 'num_games_owned': 53, 'num_reviews': 4, 'playtime_forever': 12184, 'playtime_last_two_weeks': 0, 'playtime_at_review': 7086, 'last_played': 1758463656}",portuguese,"Joga, na boa.",1736817018,1750645217,True,0,0,0.5,0,True,False,False,False
197918085,"{'steamid': '76561198382994881', 'num_games_owned': 0, 'num_reviews': 2, 'playtime_forever': 1113, 'playtime_last_two_weeks': 39, 'playtime_at_review': 619, 'last_played': 1761780833}",portuguese,É um jogo extremamente viciante e consegue entreter durante horas sem fim.,1750631739,1750631739,True,0,0,0.5,0,True,False,False,False
197888723,"{'steamid': '76561199104150700', 'num_games_owned': 0, 'num_reviews': 1, 'playtime_forever': 3292, 'playtime_last_two_weeks': 0, 'playtime_at_review': 566, 'last_played': 1755786215}",portuguese,"recomendo  imenso, tirando o facto de ser roubada por adormecer",1750606564,1750606564,True,0,0,0.5,0,True,False,False,False
197159714,"{'steamid': '76561198926784318', 'num_games_owned': 0, 'num_reviews': 1, 'playtime_forever': 5497, 'playtime_last_two_weeks': 0, 'playtime_at_review': 2822, 'last_played': 1751157182}",portuguese,"One of the best games i ever play, just love this type of pixel simulation games",1749845990,1749845990,True,0,0,0.5,0,True,False,False,False
197052215,"{'steamid': '76561199038099550', 'num_games_owned': 0, 'num_reviews': 1, 'playtime_forever': 4454, 'playtime_last_two_weeks': 0, 'playtime_at_review': 4318, 'last_played': 1760015510}",portuguese,MUITO BOM PRA JOGA COM AMIGOS Q FOFOOOOOOOOOOOO,1749739475,1749739475,True,0,0,0.5,0,True,False,False,False
196918919,"{'steamid': '76561199514942588', 'num_games_owned': 17, 'num_reviews': 18, 'playtime_forever': 1617, 'playtime_last_two_weeks': 682, 'playtime_at_review': 315, 'last_played': 1761877236}",portuguese,massa 👍,1749589350,1749589350,True,0,0,0.5,0,True,False,False,False
196738774,"{'steamid': '76561199556922563', 'num_games_owned': 0, 'num_reviews': 36, 'playtime_forever': 4992, 'playtime_last_two_weeks': 1, 'playtime_at_review': 4992, 'last_played': 1761676507}",portuguese,i luv dis geime:3,1749408087,1749408087,True,0,0,0.5,0,True,False,False,False
196161058,"{'steamid': '76561199474264453', 'num_games_owned': 0, 'num_reviews': 1, 'playtime_forever': 1584, 'playtime_last_two_weeks': 0, 'playtime_at_review': 1075, 'last_played': 1760730993}",portuguese,Jogo relaxante para se passar bem o tempo,1748787025,1748787025,True,0,0,0.5,0,True,False,False,False
196102481,"{'steamid': '76561199492499279', 'num_games_owned': 0, 'num_reviews': 1, 'playtime_forever': 1217, 'playtime_last_two_weeks': 0, 'playtime_at_review': 1119, 'last_played': 1759697185}",portuguese,"parece mau mas é bom
",1748724380,1748724380,True,0,0,0.5,0,True,False,False,False
195905574,"{'steamid': '76561199219153910', 'num_games_owned': 0, 'num_reviews': 2, 'playtime_forever': 2250, 'playtime_last_two_weeks': 0, 'playtime_at_review': 2250, 'last_played': 1748535577}",portuguese,é uma perfeição de jogo. impossível não gostar,1748535622,1748535622,True,0,0,0.5,0,True,False,False,False
155488988,"{'steamid': '76561199354021375', 'num_games_owned': 87, 'num_reviews': 6, 'playtime_forever': 9974, 'playtime_last_two_weeks': 0, 'playtime_at_review': 9907, 'last_played': 1754755204}",portuguese,"Se você gosta de jogos de gerenciamento, de fazenda e pixelart você deve comprar. O preço dele já é MARAVILHOSO para o conteúdo que ele entrega. Mas às vezes ele fica em promoção, e vc pode aproveitar. Vai passar MUITAS horas se divertindo com ele, isso eu garanto!

O melhor simulador de fazenda que já joguei. Além de ser simulador de fazenda e gerenciamento, tem uma pixelart INCRÍVEL, feita por apenas uma pessoa. Se quiser zerar, rende fácil umas 200h de jogo. Tirando o facto de que tem co-op.",1704644848,1748282077,True,0,0,0.5,0,True,False,False,False
195499223,"{'steamid': '76561198065228892', 'num_games_owned': 173, 'num_reviews': 15, 'playtime_forever': 1188, 'playtime_last_two_weeks': 92, 'playtime_at_review': 527, 'last_played': 1761038710}",portuguese,"Este jogo é muita bom. Para além de ser relaxante, tem uma boa história por de trás",1748033954,1748033954,True,0,0,0.5,0,True,False,False,False
195434631,"{'steamid': '76561199822351116', 'num_games_owned': 0, 'num_reviews': 1, 'playtime_forever': 229, 'playtime_last_two_weeks': 0, 'playtime_at_review': 72, 'last_played': 1748033078}",portuguese,jogo incrivel merecia e muito ter uma inteligencia artificial que faria você conversar com os bots como quiser,1747947471,1747947471,True,0,0,0.5,0,True,False,False,False
195221387,"{'steamid': '76561199472230427', 'num_games_owned': 54, 'num_reviews': 18, 'playtime_forever': 432, 'playtime_last_two_weeks': 0, 'playtime_at_review': 211, 'deck_playtime_at_review': 52, 'last_played': 1750197457}",portuguese,good,1747671389,1747671389,True,0,0,0.5,0,True,False,False,False
195091002,"{'steamid': '76561199440175652', 'num_games_owned': 0, 'num_reviews': 1, 'playtime_forever': 3302, 'playtime_last_two_weeks': 2, 'playtime_at_review': 185, 'last_played': 1761576659}",portuguese,com toda certeza um dos melhores jogos de fazenda,1747504403,1747504403,True,0,0,0.5,0,True,False,False,False
194683333,"{'steamid': '76561199273903064', 'num_games_owned': 0, 'num_reviews': 1, 'playtime_forever': 3379, 'playtime_last_two_weeks': 0, 'playtime_at_review': 2505, 'last_played': 1750008485}",portuguese,"Um jogo prazeiroso de se jogar, sempre com algo para fazer ..",1746968529,1746968529,True,0,0,0.5,0,True,False,False,False
194664036,"{'steamid': '76561199842200965', 'num_games_owned': 0, 'num_reviews': 1, 'playtime_forever': 224, 'playtime_last_two_weeks': 0, 'playtime_at_review': 17, 'last_played': 1748456817}",portuguese,bom demaise,1746946850,1746946850,True,0,0,0.5,0,True,True,False,False
194571342,"{'steamid': '76561198990194857', 'num_games_owned': 0, 'num_reviews': 7, 'playtime_forever': 16824, 'playtime_last_two_weeks': 0, 'playtime_at_review': 14109, 'last_played': 1750742635}",portuguese,O único defeito dessa praga é não poder ficar com a Caroline e a Robin,1746834759,1746834759,True,1,0,0.523809552192687988,0,True,False,False,False
194162796,"{'steamid': '76561198368373234', 'num_games_owned': 159, 'num_reviews': 6, 'playtime_forever': 5132, 'playtime_last_two_weeks': 0, 'playtime_at_review': 4779, 'last_played': 1751375250}",portuguese,Good Game,1746310584,1746310584,True,0,0,0.481927722692489624,0,True,False,False,False
193714413,"{'steamid': '76561198114636774', 'num_games_owned': 80, 'num_reviews': 27, 'playtime_forever': 2196, 'playtime_last_two_weeks': 0, 'playtime_at_review': 2196, 'last_played': 1673147760}",portuguese,"Tenho saudades de jogar esse jogo, muito satisfatório e desafiante, ainda mais quando se joga com uma pessoa que você gosta, fica ainda mais divertido...",1745768038,1745768038,True,0,0,0.5,0,True,False,False,False
193680353,"{'steamid': '76561199095899366', 'num_games_owned': 0, 'num_reviews': 2, 'playtime_forever': 9188, 'playtime_last_two_weeks': 0, 'playtime_at_review': 9188, 'last_played': 1744589703}",portuguese,Jogasso,1745728652,1745728652,True,2,0,0.545454561710357666,0,True,False,False,False
109749964,"{'steamid': '76561198816067992', 'num_games_owned': 116, 'num_reviews': 31, 'playtime_forever': 7840, 'playtime_last_two_weeks': 0, 'playtime_at_review': 7840, 'last_played': 1668545446}",portuguese,"Em Stardew Valley, eu só queria cuidar da minha fazenda e viver em paz, mas quem realmente destruiu meus planos foi o Lula! Ele apareceu prometendo picanha e cerveja, mas assim que comecei a plantar, me cobrou 118% de ICMS sobre tudo o que eu vendia. O Haddad entrou como chefe de impostos rurais e me taxou por cada galinha que eu tinha no galinheiro, cobrando IPTU sobre a área dos galinheiros e da fazenda! Ele ainda fez um imposto extra sobre a sombra das árvores que eu plantei. A Receita Federal mandou uma carta dizendo que eu tinha que pagar imposto de renda sobre cada pepino que eu colhia. A Rede Globo fez uma matéria dizendo que minha plantação de cenouras estava ‘inflacionando o mercado agrícola’, e o Alexandre de Moraes apareceu em forma de fiscal rural e me multou por 'falta de conformidade com as leis de construção rural', mesmo sendo meu galinheiro em zona rural!",1644275370,1745684217,True,0,0,0.5,0,True,False,False,False
193601723,"{'steamid': '76561199155399506', 'num_games_owned': 0, 'num_reviews': 7, 'playtime_forever': 3456, 'playtime_last_two_weeks': 0, 'playtime_at_review': 3302, 'last_played': 1760589904}",portuguese,Quero morar na roça agora,1745642908,1745642908,True,0,0,0.5,0,True,False,False,False
193543784,"{'steamid': '76561199375656153', 'num_games_owned': 21, 'num_reviews': 1, 'playtime_forever': 6682, 'playtime_last_two_weeks': 0, 'playtime_at_review': 6590, 'last_played': 1759441145}",portuguese,very lovely,1745579134,1745579134,True,1,0,0.523809552192687988,0,True,False,False,False
193444435,"{'steamid': '76561199170879725', 'num_games_owned': 0, 'num_reviews': 1, 'playtime_forever': 4202, 'playtime_last_two_weeks': 0, 'playtime_at_review': 1775, 'last_played': 1753402843}",portuguese,"Bom demais! 
",1745452325,1745452325,True,0,0,0.5,0,True,False,False,False
193434527,"{'steamid': '76561198825949683', 'num_games_owned': 85, 'num_reviews': 7, 'playtime_forever': 10674, 'playtime_last_two_weeks': 0, 'playtime_at_review': 9335, 'last_played': 1760660315}",portuguese,"Relaxante, exceto nas cavernas com um treco voador te seguindo",1745440065,1745440065,True,0,0,0.5,0,True,False,False,False
129540126,"{'steamid': '76561199059188014', 'num_games_owned': 104, 'num_reviews': 14, 'playtime_forever': 27000, 'playtime_last_two_weeks': 0, 'playtime_at_review': 20803, 'last_played': 1760560512}",portuguese,my fav game ever!,1672254534,1745254769,True,1,1,0.5,0,True,False,False,False
193045672,"{'steamid': '76561199741525149', 'num_games_owned': 0, 'num_reviews': 1, 'playtime_forever': 17252, 'playtime_last_two_weeks': 0, 'playtime_at_review': 12545, 'last_played': 1753557379}",portuguese,curti,1745005168,1745005168,True,0,0,0.5,0,True,False,False,False
193032951,"{'steamid': '76561199213494715', 'num_games_owned': 0, 'num_reviews': 3, 'playtime_forever': 17499, 'playtime_last_two_weeks': 0, 'playtime_at_review': 17025, 'last_played': 1760290452}",portuguese,"Joguei este jogo,sai do jogo,entrei outra vez viciei me , joguei 200 horas para depois conseguir uma casa a minha net falha e perco todo o meu progresso
melhor jogo que ja joguei (nao é ironia)",1744994499,1744994499,True,0,0,0.5,0,True,False,False,False
192970882,"{'steamid': '76561199789176536', 'num_games_owned': 0, 'num_reviews': 1, 'playtime_forever': 67, 'playtime_last_two_weeks': 0, 'playtime_at_review': 63, 'last_played': 1750623573}",portuguese,Jogo legal,1744924014,1744924014,True,1,0,0.523809552192687988,0,True,False,False,False
192801612,"{'steamid': '76561199434773704', 'num_games_owned': 17, 'num_reviews': 5, 'playtime_forever': 5073, 'playtime_last_two_weeks': 0, 'playtime_at_review': 4524, 'last_played': 1756420310}",portuguese,VIDA DOS SONHOS,1744727896,1744727896,True,0,0,0.5,0,True,False,False,False
192734625,"{'steamid': '76561198336205807', 'num_games_owned': 0, 'num_reviews': 27, 'playtime_forever': 628, 'playtime_last_two_weeks': 0, 'playtime_at_review': 628, 'last_played': 1720231711}",portuguese,trai todo mundo mesmo e quero que se foda,1744640217,1744640217,True,0,0,0.5,0,True,False,False,False
192452800,"{'steamid': '76561199778541792', 'num_games_owned': 0, 'num_reviews': 1, 'playtime_forever': 4192, 'playtime_last_two_weeks': 0, 'playtime_at_review': 1683, 'last_played': 1753291571}",portuguese,otimoo,1744314413,1744314413,True,0,0,0.5,0,True,False,False,False
65628021,"{'steamid': '76561198275768680', 'num_games_owned': 81, 'num_reviews': 11, 'playtime_forever': 4301, 'playtime_last_two_weeks': 0, 'playtime_at_review': 4301, 'last_played': 1743890918}",portuguese,"Acorda de manha rega plantação, da comida pra galinha, corta grama, da pro cavalo, alimenta os outros bichos, faz 30 geleais, fala com um bando de esquisito na cidade, minere, entrega pedra no museu...

Coisa pra caramba pra fazer, CLT de agrónomo muito bom.

E Pierre tu é corno!!",1584969837,1744241051,True,0,0,0.5,0,True,False,False,False
140698458,"{'steamid': '76561199226214848', 'num_games_owned': 61, 'num_reviews': 6, 'playtime_forever': 26928, 'playtime_last_two_weeks': 56, 'playtime_at_review': 25196, 'last_played': 1762097312}",portuguese,"Não tem muito o que falar, é Stardew Valley, gostoso, faz a vida parecer boa :)

o problema é que vicia",1687729129,1744171847,True,0,0,0.5,0,True,False,False,False
177225491,"{'steamid': '76561199191770754', 'num_games_owned': 0, 'num_reviews': 5, 'playtime_forever': 4615, 'playtime_last_two_weeks': 7, 'playtime_at_review': 1152, 'last_played': 1761328876}",portuguese,"Um jogo relaxante e que não te força a fazer nada em um tempo determinado, tudo no seu tempo.
É um jogo bastante fofo e calmo. Recomendo!",1729189407,1743961392,True,1,0,0.523809552192687988,0,True,False,False,False
192005068,"{'steamid': '76561199048585098', 'num_games_owned': 9, 'num_reviews': 2, 'playtime_forever': 18796, 'playtime_last_two_weeks': 170, 'playtime_at_review': 1447, 'last_played': 1761259181}",portuguese,nicol,1743816744,1743816744,True,0,0,0.5,0,True,False,False,False
191721036,"{'steamid': '76561198023965773', 'num_games_owned': 13, 'num_reviews': 4, 'playtime_forever': 18926, 'playtime_last_two_weeks': 316, 'playtime_at_review': 3346, 'last_played': 1762029483}",portuguese,"É um jogo que da para relaxar, e podes jogar com amigos.",1743512051,1743512051,True,0,0,0.5,0,True,False,False,False
191225880,"{'steamid': '76561198391707585', 'num_games_owned': 28, 'num_reviews': 1, 'playtime_forever': 2522, 'playtime_last_two_weeks': 0, 'playtime_at_review': 2522, 'last_played': 1718802510}",portuguese,"Minha segunda conta nesse jogo, perdi horas e horas da minha vida nisso apenas fazendo barris e vinho. Claramente um jogo feito para os portugueses deste mundo 10/10",1742998113,1742998113,True,1,0,0.523809552192687988,0,True,False,False,False
191167609,"{'steamid': '76561199808365435', 'num_games_owned': 6, 'num_reviews': 1, 'playtime_forever': 4135, 'playtime_last_two_weeks': 0, 'playtime_at_review': 1335, 'last_played': 1760872233}",portuguese,viciate,1742925568,1742925568,True,0,0,0.5,0,True,False,False,False
191138716,"{'steamid': '76561199420407705', 'num_games_owned': 0, 'num_reviews': 1, 'playtime_forever': 8064, 'playtime_last_two_weeks': 0, 'playtime_at_review': 2086, 'last_played': 1757165433}",portuguese,Muito bom,1742897109,1742897109,True,0,0,0.5,0,True,False,False,False
191078447,"{'steamid': '76561199375405935', 'num_games_owned': 0, 'num_reviews': 13, 'playtime_forever': 1016, 'playtime_last_two_weeks': 0, 'playtime_at_review': 1008, 'last_played': 1742991591}",portuguese,Eu queria casar me com a Caroline mas vcs n deixam ( n gostam das minha prendas( carvão e pedras)) e uma colega minha quer se casar com Feiticeiro.,1742829452,1742829452,True,0,0,0.5,0,True,False,False,False
190986000,"{'steamid': '76561198829265097', 'num_games_owned': 0, 'num_reviews': 1, 'playtime_forever': 10151, 'playtime_last_two_weeks': 0, 'playtime_at_review': 10009, 'last_played': 1742748287}",portuguese,"bom jogo para jogar com amigos
",1742735555,1742735555,True,0,0,0.5,0,True,False,False,False
190664641,"{'steamid': '76561199244381790', 'num_games_owned': 0, 'num_reviews': 12, 'playtime_forever': 366, 'playtime_last_two_weeks': 0, 'playtime_at_review': 365, 'last_played': 1742425673}",portuguese,fazenda fodastica,1742425210,1742425210,True,0,0,0.5,0,True,False,False,False
190200579,"{'steamid': '76561198310393566', 'num_games_owned': 0, 'num_reviews': 1, 'playtime_forever': 392714, 'playtime_last_two_weeks': 3729, 'playtime_at_review': 333534, 'last_played': 1762211119}",portuguese,"I want to pay for DLCs.
Shut up and take my money!",1741987489,1741987489,True,0,0,0.5,0,True,False,False,False
190052489,"{'steamid': '76561199095200873', 'num_games_owned': 39, 'num_reviews': 4, 'playtime_forever': 9171, 'playtime_last_two_weeks': 0, 'playtime_at_review': 6042, 'last_played': 1758869320}",portuguese,Jogo bom pra relaxar,1741820423,1741820423,True,0,0,0.5,0,True,False,False,False
189823132,"{'steamid': '76561199056653717', 'num_games_owned': 0, 'num_reviews': 1, 'playtime_forever': 9120, 'playtime_last_two_weeks': 0, 'playtime_at_review': 379, 'last_played': 1757208334}",portuguese,"Não tem jeito, o jogo mais cozy de todos os tempos",1741553979,1741553979,True,0,0,0.5,0,True,False,False,False
189718535,"{'steamid': '76561198003989484', 'num_games_owned': 0, 'num_reviews': 15, 'playtime_forever': 935, 'playtime_last_two_weeks': 0, 'playtime_at_review': 876, 'last_played': 1749598432}",portuguese,"Um jogo simplesmente maravilhoso!

",1741464738,1741464738,True,0,0,0.5,0,True,False,False,False
130530809,"{'steamid': '76561199111631232', 'num_games_owned': 0, 'num_reviews': 12, 'playtime_forever': 16776, 'playtime_last_two_weeks': 0, 'playtime_at_review': 16027, 'last_played': 1748715479}",portuguese,"Um simulador de trabalho mas mt pior. Toda a gente depende de ti e cada dia é uma speedrun para fazer tudo possivel e aproveitar cada segundo, para no final nem ter feito tudo oq queria fazer e para melhorar tem aquela caverna de merda q se mores reseta o nivel e o crlh olha eu nao entendo por que caralhos este jogo é dito como ""relaxante"" 
Recomendo Muito
(Por alguma razao o meu jogo esta bugado e nao da para casar com a Robin e ainda por cima aparece q ela esta casada com aquele tal de Demetrius, espero q resolvam logo)",1673303375,1741374724,True,0,0,0.5,0,True,False,False,False
189397377,"{'steamid': '76561199099424090', 'num_games_owned': 0, 'num_reviews': 7, 'playtime_forever': 9938, 'playtime_last_two_weeks': 0, 'playtime_at_review': 9901, 'last_played': 1755993446}",portuguese,Melhor jogo possível,1741134109,1741134109,True,0,0,0.5,0,True,False,False,False
189234698,"{'steamid': '76561198844335071', 'num_games_owned': 15, 'num_reviews': 6, 'playtime_forever': 7604, 'playtime_last_two_weeks': 0, 'playtime_at_review': 3182, 'last_played': 1745720172}",portuguese,"Love this game, there's so much to do",1740972147,1740972147,True,0,0,0.5,0,True,False,False,False
189098467,"{'steamid': '76561198336851440', 'num_games_owned': 0, 'num_reviews': 14, 'playtime_forever': 391, 'playtime_last_two_weeks': 0, 'playtime_at_review': 377, 'last_played': 1748372896}",portuguese,B O M,1740859868,1740859868,True,0,0,0.5,0,True,False,False,False
188999805,"{'steamid': '76561199682359135', 'num_games_owned': 0, 'num_reviews': 1, 'playtime_forever': 2835, 'playtime_last_two_weeks': 0, 'playtime_at_review': 2163, 'last_played': 1759443857}",portuguese,"gastei mais de 10 horas nas cavernas e a haley e uma fdp mas de resto e td bom
",1740783542,1740783542,True,0,0,0.495495498180389404,0,True,False,False,False
188748015,"{'steamid': '76561198148413854', 'num_games_owned': 100, 'num_reviews': 21, 'playtime_forever': 2002, 'playtime_last_two_weeks': 0, 'playtime_at_review': 1927, 'last_played': 1751386996}",portuguese,ok,1740511739,1740511739,True,0,0,0.5,0,True,False,False,False
188569453,"{'steamid': '76561198929994653', 'num_games_owned': 0, 'num_reviews': 18, 'playtime_forever': 3986, 'playtime_last_two_weeks': 0, 'playtime_at_review': 1461, 'last_played': 1754963099}",portuguese,A very cool and fun videogame,1740308030,1740308030,True,0,0,0.5,0,True,False,False,False
188514675,"{'steamid': '76561199643769689', 'num_games_owned': 3, 'num_reviews': 1, 'playtime_forever': 1461, 'playtime_last_two_weeks': 0, 'playtime_at_review': 618, 'last_played': 1757290912}",portuguese,"incrivel
",1740247587,1740247587,True,0,0,0.5,0,True,True,False,False
188036053,"{'steamid': '76561199625364635', 'num_games_owned': 0, 'num_reviews': 9, 'playtime_forever': 2336, 'playtime_last_two_weeks': 0, 'playtime_at_review': 1777, 'last_played': 1744818577}",portuguese,"Bem bom mas se parares de jogar n tem volta, vais ter iniciar outro safe, pq se parares por mt tempo fica chato e n sabes o q fazer.",1739704513,1739704513,True,0,0,0.495495498180389404,0,True,False,False,False
187969621,"{'steamid': '76561199140910715', 'num_games_owned': 0, 'num_reviews': 2, 'playtime_forever': 37941, 'playtime_last_two_weeks': 0, 'playtime_at_review': 37824, 'last_played': 1755130379}",portuguese,"Adorei o jogo.Muito relaxante.
",1739633981,1739633981,True,0,0,0.495495498180389404,0,True,False,False,False
187963727,"{'steamid': '76561198120395938', 'num_games_owned': 0, 'num_reviews': 1, 'playtime_forever': 4170, 'playtime_last_two_weeks': 303, 'playtime_at_review': 2883, 'last_played': 1762016183}",portuguese,"Super fun, relaxing and a blast if you have a group of friends to play with! It's been my go-to cozy game since last year and I can't get tired of it!",1739628884,1739628884,True,0,0,0.495495498180389404,0,True,False,False,False
143794973,"{'steamid': '76561199350337286', 'num_games_owned': 0, 'num_reviews': 3, 'playtime_forever': 6567, 'playtime_last_two_weeks': 178, 'playtime_at_review': 5890, 'last_played': 1761353248}",portuguese,uma gracinha!,1691689989,1739402280,True,0,0,0.5,0,True,False,False,False
187741918,"{'steamid': '76561198379764059', 'num_games_owned': 25, 'num_reviews': 1, 'playtime_forever': 26987, 'playtime_last_two_weeks': 0, 'playtime_at_review': 25967, 'last_played': 1756205036}",portuguese,"Melhor jogo de sempre
Além de ganhar dinheiro a vender lixo alguém gosta de mim.",1739333947,1739333947,True,2,1,0.52173912525177002,0,True,False,False,False
187522189,"{'steamid': '76561199144835212', 'num_games_owned': 0, 'num_reviews': 1, 'playtime_forever': 3099, 'playtime_last_two_weeks': 106, 'playtime_at_review': 2507, 'last_played': 1761440042}",portuguese,muiyo bom,1739073691,1739073691,True,0,0,0.5,0,True,False,False,False
187493904,"{'steamid': '76561199166745016', 'num_games_owned': 157, 'num_reviews': 33, 'playtime_forever': 2317, 'playtime_last_two_weeks': 0, 'playtime_at_review': 334, 'last_played': 1753917676}",portuguese,"sim, eu acho muito fixe e eu recomendo a todas as pessoas do universo que gostam de ser fazendeiros e agricultores, parabéns aos criadores deste jogo por fazerem uma obra de arte tão bonita. Obrigado muito mesmo, parabéns para os criadores deste jogo vocês mudaram minha perspectiva de ser um fazendeiro, obrigado, mesmo muito.",1739043832,1739043832,True,1,0,0.519313335418701172,1,True,False,False,False
187340627,"{'steamid': '76561199159757792', 'num_games_owned': 0, 'num_reviews': 6, 'playtime_forever': 10857, 'playtime_last_two_weeks': 147, 'playtime_at_review': 7750, 'last_played': 1761522110}",portuguese,Minha vida no jogo é melhor do que a vida real. Sou feliz e rica agora.,1738887190,1738887190,True,0,0,0.495495498180389404,0,True,False,False,False
187263513,"{'steamid': '76561198810232606', 'num_games_owned': 122, 'num_reviews': 35, 'playtime_forever': 2934, 'playtime_last_two_weeks': 0, 'playtime_at_review': 2687, 'last_played': 1739243151}",portuguese,ye,1738806866,1738806866,True,0,0,0.5,0,True,False,False,False
187262492,"{'steamid': '76561199070858661', 'num_games_owned': 19, 'num_reviews': 1, 'playtime_forever': 6652, 'playtime_last_two_weeks': 0, 'playtime_at_review': 5958, 'last_played': 1752026272}",portuguese,"fico mais preocupado em trabalhar aqui do que no emprego de vdd, vc foge das amarras do capitalismo pra fazer tudo pelos outros e trabalhar o triplo que trabalhava na cidade, absurdo de bom nota dez",1738805497,1738805497,True,0,0,0.495495498180389404,0,True,False,False,False
187179104,"{'steamid': '76561199468993468', 'num_games_owned': 0, 'num_reviews': 1, 'playtime_forever': 248, 'playtime_last_two_weeks': 0, 'playtime_at_review': 236, 'last_played': 1738711542}",portuguese,"fazenda, pesca, riqueza(sinto um vazio no meu peito e passo horas pensando no pq nada faz sentido)",1738707262,1738707262,True,0,0,0.495495498180389404,0,True,False,False,False
187110475,"{'steamid': '76561199121076868', 'num_games_owned': 8, 'num_reviews': 1, 'playtime_forever': 6499, 'playtime_last_two_weeks': 0, 'playtime_at_review': 5479, 'last_played': 1748293168}",portuguese,foda,1738627584,1738627584,True,0,0,0.5,0,True,False,False,False
186815732,"{'steamid': '76561199037975522', 'num_games_owned': 0, 'num_reviews': 16, 'playtime_forever': 9153, 'playtime_last_two_weeks': 0, 'playtime_at_review': 9153, 'last_played': 1711306012}",portuguese,Jogo muito bom. Infelizmente não dá para andar com mulheres casadas.,1738323805,1738323805,True,0,0,0.5,0,True,False,False,False
186767728,"{'steamid': '76561199579484207', 'num_games_owned': 6, 'num_reviews': 2, 'playtime_forever': 2981, 'playtime_last_two_weeks': 0, 'playtime_at_review': 968, 'last_played': 1756316595}",portuguese,jogo muito bom recomendo jogar para quem nao tem vida social,1738265173,1738265173,True,0,0,0.5,0,True,False,False,False
186697319,"{'steamid': '76561199547843824', 'num_games_owned': 0, 'num_reviews': 3, 'playtime_forever': 7791, 'playtime_last_two_weeks': 0, 'playtime_at_review': 6344, 'last_played': 1739910988}",portuguese,é bão,1738179676,1738179676,True,0,0,0.5,0,True,False,False,False
186639643,"{'steamid': '76561199559303968', 'num_games_owned': 0, 'num_reviews': 1, 'playtime_forever': 7426, 'playtime_last_two_weeks': 0, 'playtime_at_review': 2296, 'last_played': 1754677092}",portuguese,o jogo é muito divertido e estimula uma vida autonoma e cheia de disciplina para o futuro,1738108223,1738108223,True,0,0,0.5,0,True,False,False,False
186635470,"{'steamid': '76561198803156295', 'num_games_owned': 25, 'num_reviews': 6, 'playtime_forever': 7502, 'playtime_last_two_weeks': 0, 'playtime_at_review': 5358, 'last_played': 1756943203}",portuguese,Best game ever to relax,1738103271,1738103271,True,0,0,0.5,0,True,False,False,False
186546155,"{'steamid': '76561199016145924', 'num_games_owned': 0, 'num_reviews': 2, 'playtime_forever': 4940, 'playtime_last_two_weeks': 0, 'playtime_at_review': 2503, 'last_played': 1760014888}",portuguese,gostoso,1737998323,1737998323,True,0,0,0.5,0,True,False,False,False
116576940,"{'steamid': '76561198362428330', 'num_games_owned': 125, 'num_reviews': 7, 'playtime_forever': 8959, 'playtime_last_two_weeks': 0, 'playtime_at_review': 8801, 'last_played': 1749781673}",portuguese,"se vcs se casarem com a abigail, se preparem para serem zuados de cornos permanentemente, tirando isso é um jogão :D",1654525068,1737936005,True,0,0,0.476190477609634399,0,True,False,False,False
186422058,"{'steamid': '76561198450301803', 'num_games_owned': 67, 'num_reviews': 1, 'playtime_forever': 5126, 'playtime_last_two_weeks': 0, 'playtime_at_review': 936, 'last_played': 1759004455}",portuguese,Muito bom,1737858234,1737858234,True,0,0,0.5,0,True,False,False,False
184220496,"{'steamid': '76561199008298978', 'num_games_owned': 0, 'num_reviews': 3, 'playtime_forever': 48375, 'playtime_last_two_weeks': 0, 'playtime_at_review': 37941, 'last_played': 1758131178}",portuguese,"Melhor jogo da vida, vale a pena para quem gosta de história e de ser mais o prefeito da vila que o próprio prefeito.",1735566934,1737808100,True,0,0,0.5,0,True,False,False,False
155226632,"{'steamid': '76561198968922087', 'num_games_owned': 31, 'num_reviews': 6, 'playtime_forever': 8216, 'playtime_last_two_weeks': 149, 'playtime_at_review': 7733, 'last_played': 1761703906}",portuguese,"Esse jogo não é a favor da poligamia.

[spoiler] PS: Depois de um certo tempo você entende o porque... [/spoiler]",1704375965,1737768445,True,0,0,0.5,0,True,False,False,False
186313880,"{'steamid': '76561198309390666', 'num_games_owned': 62, 'num_reviews': 7, 'playtime_forever': 9526, 'playtime_last_two_weeks': 0, 'playtime_at_review': 1264, 'last_played': 1753816022}",portuguese,"Stardew Valley is an easy going RPG game that's very relaxing and fun. I'm not very into farming-like games but it made me curious, specially because of the cute pixelated style and funny hidden gems it has to offer.
After playing it for 20h+ (even thought im literally just in the first year) I think stardew valley is a very cool game that I will definately keep playing. Here's a resumed list of the main things I would like to enhance from it (incase you're curious and wanna try it out:)
-Cute farming and mining experiences
-Nice exploration content 
-NPC Character development, including funny and dramatic scenes
-Ur able to PLATONICALLY marry the sewers man
-goofy mouse that sells hats
-Wizard with a hard divorce
-Many unlockable areas with secret and valueable trinkets
-Tools do not break!! (yiippeeers)
-Game makes u have a slightly ok bedtime (2 am)
-Cute in-game npc interactable events and fairs
-LOTS of secrets and easter eggs
-very adorable little joyful apple creatures 
-JUNIMO PLUSHIE
-Neverending content
-A nice amount of diverse furniture

Overall, its a pretty easy going game that keeps u attached for a long time, and that u can always come back to anytime. :)",1737744228,1737744228,True,1,0,0.523809552192687988,0,True,False,False,False
67649124,"{'steamid': '76561198448209022', 'num_games_owned': 0, 'num_reviews': 17, 'playtime_forever': 38983, 'playtime_last_two_weeks': 0, 'playtime_at_review': 34201, 'last_played': 1753294982}",portuguese,mid,1587330483,1737548863,True,1,0,0.503105580806732178,0,True,False,False,False
186119697,"{'steamid': '76561198865269117', 'num_games_owned': 23, 'num_reviews': 5, 'playtime_forever': 49958, 'playtime_last_two_weeks': 0, 'playtime_at_review': 49649, 'last_played': 1757401136}",portuguese,to MILIONARIO mermaooooo,1737504361,1737504361,True,0,1,0.5,0,True,False,False,False
186118723,"{'steamid': '76561199280171860', 'num_games_owned': 6, 'num_reviews': 6, 'playtime_forever': 488, 'playtime_last_two_weeks': 0, 'playtime_at_review': 282, 'last_played': 1747698152}",portuguese,Esse jogo é muito bom. Muito viciante também! A forma em que interagimos com os personagens também é boa!,1737503018,1737503018,True,0,0,0.5,0,True,False,False,False
186093144,"{'steamid': '76561199436276935', 'num_games_owned': 0, 'num_reviews': 2, 'playtime_forever': 1781, 'playtime_last_two_weeks': 0, 'playtime_at_review': 991, 'last_played': 1752462979}",portuguese,"Ótimo jogo, passa horas jogando fácil!!",1737475207,1737475207,True,0,0,0.5,0,True,False,False,False
185666223,"{'steamid': '76561199436822447', 'num_games_owned': 2, 'num_reviews': 1, 'playtime_forever': 3110, 'playtime_last_two_weeks': 0, 'playtime_at_review': 1896, 'last_played': 1748579963}",portuguese,esse jogo mudou minha vida EU TE AMO SHANE,1736970436,1736970436,True,1,0,0.523809552192687988,0,True,False,False,False
185603103,"{'steamid': '76561199147930117', 'num_games_owned': 0, 'num_reviews': 2, 'playtime_forever': 11663, 'playtime_last_two_weeks': 0, 'playtime_at_review': 5086, 'last_played': 1738848728}",portuguese,Simplesmente perfeito!,1736887644,1736887644,True,1,0,0.523809552192687988,0,True,False,False,False
185592639,"{'steamid': '76561199116393627', 'num_games_owned': 61, 'num_reviews': 4, 'playtime_forever': 8764, 'playtime_last_two_weeks': 0, 'playtime_at_review': 5128, 'last_played': 1758992412}",portuguese,Jogo perfeito para relaxar,1736876752,1736876752,True,2,0,0.545454561710357666,0,True,False,False,False
185294981,"{'steamid': '76561199350013384', 'num_games_owned': 0, 'num_reviews': 1, 'playtime_forever': 11417, 'playtime_last_two_weeks': 0, 'playtime_at_review': 7879, 'last_played': 1760347354}",portuguese,"Super cozy and relaxing game. No vast tutorial, but the mechanics are easy to understand. Would buy over and over again if needed.
New fav game, for sure.",1736546519,1736546519,True,0,0,0.5,0,True,False,False,False
141051803,"{'steamid': '76561199434241160', 'num_games_owned': 0, 'num_reviews': 3, 'playtime_forever': 6788, 'playtime_last_two_weeks': 0, 'playtime_at_review': 3051, 'last_played': 1760559230}",portuguese,"
",1688219250,1736528977,True,0,0,0.5,0,True,False,False,False
185271009,"{'steamid': '76561198177249985', 'num_games_owned': 292, 'num_reviews': 61, 'playtime_forever': 468, 'playtime_last_two_weeks': 0, 'playtime_at_review': 436, 'last_played': 1760887887}",portuguese,Jogo feito com carinho.,1736526992,1736526992,True,0,0,0.5,0,True,False,False,False
185190228,"{'steamid': '76561199102718789', 'num_games_owned': 20, 'num_reviews': 1, 'playtime_forever': 3520, 'playtime_last_two_weeks': 0, 'playtime_at_review': 3417, 'last_played': 1756240686}",portuguese,bom jogo,1736437990,1736437990,True,0,0,0.5,0,True,False,False,False
185184911,"{'steamid': '76561199536050134', 'num_games_owned': 0, 'num_reviews': 9, 'playtime_forever': 7579, 'playtime_last_two_weeks': 0, 'playtime_at_review': 2503, 'last_played': 1759082330}",portuguese,é bom até eu gostei muito do jogo e tenho a certeza que vou ter mais horas de jogo por a frente,1736432759,1736432759,True,0,0,0.5,0,True,False,False,False
132446520,"{'steamid': '76561199476495706', 'num_games_owned': 0, 'num_reviews': 9, 'playtime_forever': 5403, 'playtime_last_two_weeks': 0, 'playtime_at_review': 4792, 'last_played': 1738848142}",portuguese,"muito bom, otimo jogo para relaxar,jogar multplayer e melhor ainda",1675901361,1736428731,True,1,0,0.523809552192687988,0,True,False,False,False
185155672,"{'steamid': '76561198328296243', 'num_games_owned': 35, 'num_reviews': 3, 'playtime_forever': 5551, 'playtime_last_two_weeks': 0, 'playtime_at_review': 4266, 'last_played': 1757184562}",portuguese,muito top vale muito,1736392479,1736392479,True,0,0,0.5,0,True,False,False,False
184977149,"{'steamid': '76561199161782562', 'num_games_owned': 0, 'num_reviews': 4, 'playtime_forever': 8020, 'playtime_last_two_weeks': 0, 'playtime_at_review': 1397, 'last_played': 1757201707}",portuguese,e bao so,1736209157,1736209157,True,0,0,0.5,0,True,False,False,False
184958583,"{'steamid': '76561199751182178', 'num_games_owned': 0, 'num_reviews': 1, 'playtime_forever': 15532, 'playtime_last_two_weeks': 0, 'playtime_at_review': 9466, 'last_played': 1756678802}",portuguese,muito bom adoro cuidar da minha fazendinha :))),1736193155,1736193155,True,0,0,0.5,0,True,False,False,False
184874640,"{'steamid': '76561198206565424', 'num_games_owned': 63, 'num_reviews': 18, 'playtime_forever': 6024, 'playtime_last_two_weeks': 0, 'playtime_at_review': 4558, 'last_played': 1758124569}",portuguese,cool,1736113097,1736113097,True,0,0,0.5,0,True,False,False,False
184704688,"{'steamid': '76561198450164435', 'num_games_owned': 24, 'num_reviews': 4, 'playtime_forever': 19160, 'playtime_last_two_weeks': 0, 'playtime_at_review': 18867, 'last_played': 1751401357}",portuguese,"Melhor jogo de farm que já joguei! Linda identidade visual, ótimas mecânicas de minigames e personagens perfeitos! PS: te amo Leah",1735962766,1735962766,True,0,0,0.5,0,True,False,False,False
184699663,"{'steamid': '76561198831974548', 'num_games_owned': 0, 'num_reviews': 3, 'playtime_forever': 20425, 'playtime_last_two_weeks': 0, 'playtime_at_review': 20417, 'last_played': 1750988580}",portuguese,EU QUERO VIVER NESTE JOGO,1735957623,1735957623,True,1,0,0.523809552192687988,0,True,False,False,False
184674600,"{'steamid': '76561199373279108', 'num_games_owned': 321, 'num_reviews': 3, 'playtime_forever': 120, 'playtime_last_two_weeks': 0, 'playtime_at_review': 120, 'last_played': 1732124300}",portuguese,"Just take my money, im going to close my eyes, take it now.
 Do it faster.
Totally worth it.",1735935622,1735935622,True,0,0,0.5,0,True,False,False,False
184655001,"{'steamid': '76561198209440733', 'num_games_owned': 180, 'num_reviews': 13, 'playtime_forever': 3820, 'playtime_last_two_weeks': 0, 'playtime_at_review': 1497, 'last_played': 1739070628}",portuguese,viciante,1735921345,1735921345,True,0,0,0.5,0,True,False,False,False
184555650,"{'steamid': '76561199002118803', 'num_games_owned': 0, 'num_reviews': 23, 'playtime_forever': 5531, 'playtime_last_two_weeks': 0, 'playtime_at_review': 5521, 'last_played': 1753224436}",portuguese,"adoro esse jogo, facilmente um dos melhores que já joguei, excepcional, a gameplay, os personagens são muito bem construídos na história de cada um, as mecânicas, como organizar a fazenda, as estações, tudo nesse jogo é muito bom, se você gosta de jogos com exploração, cuidar, de fazendinha obvio kekwkewke, pode comprar sem medo, eu que nem gostava muito do gênero amei o jogo, imagina se você gosta, vai babar no game",1735843500,1735843500,True,0,0,0.5,0,True,False,False,False
184424688,"{'steamid': '76561199588531321', 'num_games_owned': 0, 'num_reviews': 1, 'playtime_forever': 937, 'playtime_last_two_weeks': 0, 'playtime_at_review': 287, 'last_played': 1742682027}",portuguese,"Bom jogo, bastante divertido",1735734809,1735734809,True,1,0,0.523809552192687988,0,True,False,False,False
184416759,"{'steamid': '76561199564907473', 'num_games_owned': 0, 'num_reviews': 1, 'playtime_forever': 12978, 'playtime_last_two_weeks': 0, 'playtime_at_review': 6212, 'last_played': 1760202539}",portuguese,MELHOR JOGO DE SEMPRE,1735727590,1735727590,True,0,0,0.5,0,True,False,False,False
184371085,"{'steamid': '76561199538455275', 'num_games_owned': 14, 'num_reviews': 4, 'playtime_forever': 3369, 'playtime_last_two_weeks': 0, 'playtime_at_review': 3300, 'last_played': 1752776162}",portuguese,"meu avô me deu fazenda podre reformei ela e fiz um monte de capitalismo envolvendo em bebidas alcoólicas que não tinha permissão de fabricação :D 
e foi assim que montei meu império de bebidas alcoólicas. S2",1735682829,1735682829,True,0,0,0.5,0,True,False,False,False
184169769,"{'steamid': '76561199153307378', 'num_games_owned': 0, 'num_reviews': 1, 'playtime_forever': 11960, 'playtime_last_two_weeks': 0, 'playtime_at_review': 11941, 'last_played': 1757115374}",portuguese,poggers,1735518714,1735518714,True,0,0,0.5,0,True,False,False,False
184030475,"{'steamid': '76561199468527225', 'num_games_owned': 0, 'num_reviews': 2, 'playtime_forever': 451, 'playtime_last_two_weeks': 0, 'playtime_at_review': 426, 'last_played': 1736276041}",portuguese,Não dá pra pegar mulher casa 👎👎👎,1735420664,1735420664,True,0,0,0.5,0,True,False,False,False
184025331,"{'steamid': '76561199482082759', 'num_games_owned': 0, 'num_reviews': 1, 'playtime_forever': 2100, 'playtime_last_two_weeks': 0, 'playtime_at_review': 686, 'last_played': 1758319207}",portuguese,vale muito a pena é melhor ainda quando joga com alguem ksksks,1735417100,1735417100,True,0,0,0.5,0,True,False,False,False
184018639,"{'steamid': '76561199186865451', 'num_games_owned': 0, 'num_reviews': 6, 'playtime_forever': 14983, 'playtime_last_two_weeks': 0, 'playtime_at_review': 9898, 'last_played': 1759842583}",portuguese,.,1735412768,1735412768,True,0,0,0.5,0,True,False,False,False
183946604,"{'steamid': '76561199658550926', 'num_games_owned': 0, 'num_reviews': 1, 'playtime_forever': 3083, 'playtime_last_two_weeks': 0, 'playtime_at_review': 285, 'last_played': 1759357199}",portuguese,"Recomendo, muito bom para pessoas descontraídas , é um jogo bem calmo",1735357333,1735357333,True,0,0,0.5,0,True,False,False,False
183832401,"{'steamid': '76561199215153208', 'num_games_owned': 0, 'num_reviews': 38, 'playtime_forever': 310, 'playtime_last_two_weeks': 0, 'playtime_at_review': 82, 'last_played': 1748218749}",portuguese,jogo legal de fazendinha,1735265591,1735265591,True,0,0,0.5,0,True,False,False,False
183763250,"{'steamid': '76561199074739059', 'num_games_owned': 46, 'num_reviews': 8, 'playtime_forever': 652, 'playtime_last_two_weeks': 0, 'playtime_at_review': 286, 'last_played': 1738460381}",portuguese,".
",1735227630,1735227630,True,0,0,0.5,0,True,False,False,False
183708330,"{'steamid': '76561199744308185', 'num_games_owned': 3, 'num_reviews': 1, 'playtime_forever': 7041, 'playtime_last_two_weeks': 0, 'playtime_at_review': 157, 'last_played': 1760987688}",portuguese,"Very funny and complete game, made with love and not greed",1735177616,1735217044,True,0,0,0.5,0,True,False,False,False
183472836,"{'steamid': '76561198849422294', 'num_games_owned': 0, 'num_reviews': 1, 'playtime_forever': 3901, 'playtime_last_two_weeks': 0, 'playtime_at_review': 3751, 'last_played': 1744563434}",portuguese,"Mm brabo o jogo, 10/10, o Lewis que me pare de chatear a cabeça",1734957361,1734957361,True,1,0,0.523809552192687988,0,True,False,False,False
183278396,"{'steamid': '76561199791419233', 'num_games_owned': 8, 'num_reviews': 1, 'playtime_forever': 1738, 'playtime_last_two_weeks': 0, 'playtime_at_review': 297, 'last_played': 1743283480}",portuguese,"Recompensa muito comprar este jogo, recomendo para quem gosta de jogos aconchegantes para jogar num dia de outono/inverno. Um jogo bem pacifico, onde também pode-se escolher em que ""modo"" queremos jogar. Assim que o comprei passei horas seguidas a jogar, me entreteu de tal forma que não via o tempo passar.",1734783350,1734783350,True,0,0,0.5,0,True,False,False,False
74494241,"{'steamid': '76561198806084230', 'num_games_owned': 176, 'num_reviews': 151, 'playtime_forever': 26179, 'playtime_last_two_weeks': 0, 'playtime_at_review': 23866, 'last_played': 1757005519}",portuguese,marnie is microwavemaxxing,1597738554,1734780469,True,1,0,0.509803950786590576,0,True,False,False,False
183062386,"{'steamid': '76561199319128425', 'num_games_owned': 0, 'num_reviews': 3, 'playtime_forever': 14332, 'playtime_last_two_weeks': 21, 'playtime_at_review': 651, 'last_played': 1761009607}",portuguese,É muito viciante.,1734550212,1734550212,True,0,0,0.5,0,True,False,False,False
182820959,"{'steamid': '76561198279381583', 'num_games_owned': 113, 'num_reviews': 1, 'playtime_forever': 11945, 'playtime_last_two_weeks': 0, 'playtime_at_review': 11578, 'last_played': 1741220128}",portuguese,best,1734274358,1734274358,True,0,0,0.5,0,True,False,False,False
182673808,"{'steamid': '76561198253155920', 'num_games_owned': 38, 'num_reviews': 1, 'playtime_forever': 3645, 'playtime_last_two_weeks': 0, 'playtime_at_review': 3496, 'last_played': 1750113161}",portuguese,"Great game, unique and good to chill with friends. Mods make it even better.",1734124257,1734124257,True,0,0,0.5,0,True,False,False,False
182571097,"{'steamid': '76561199096695077', 'num_games_owned': 59, 'num_reviews': 3, 'playtime_forever': 28878, 'playtime_last_two_weeks': 0, 'playtime_at_review': 28845, 'last_played': 1734276225}",portuguese,"10/10 sugiro uma expansão que adicione os conflitos da região norte do país como grileiros,trocação com o MST e a rota do narcotráfico parecido com a ilha gengibre",1734012923,1734012923,True,0,2,0.5,0,True,False,False,False
128254669,"{'steamid': '76561199189219832', 'num_games_owned': 0, 'num_reviews': 1, 'playtime_forever': 23703, 'playtime_last_two_weeks': 0, 'playtime_at_review': 21169, 'last_played': 1760375692}",portuguese,mt bunitu mt bunitu(adoro gozar e chupar sanitas<3),1670628553,1733767596,True,2,0,0.545454561710357666,0,True,False,False,False
88756434,"{'steamid': '76561199068069258', 'num_games_owned': 0, 'num_reviews': 21, 'playtime_forever': 772, 'playtime_last_two_weeks': 0, 'playtime_at_review': 761, 'last_played': 1753495335}",portuguese,"existem escolhas cruéis na vida... mas a escolha mais difícil de se fazer para um homem; é perguntar se ele quer uma caverna de morcegos ou de cogumelos, em sua fazenda.
que frustante.",1616234623,1733691137,True,0,0,0.5,0,True,False,False,False
181988729,"{'steamid': '76561199397082394', 'num_games_owned': 0, 'num_reviews': 1, 'playtime_forever': 16558, 'playtime_last_two_weeks': 0, 'playtime_at_review': 16319, 'last_played': 1736374761}",portuguese,Jogasso filho,1733437112,1733437112,True,0,0,0.5,0,True,False,False,False
181904583,"{'steamid': '76561199075116450', 'num_games_owned': 0, 'num_reviews': 2, 'playtime_forever': 2960, 'playtime_last_two_weeks': 0, 'playtime_at_review': 254, 'last_played': 1755898755}",portuguese,"tudo, jogo maravilhoso",1733343202,1733343202,True,0,0,0.5,0,True,False,False,False
181895281,"{'steamid': '76561198406042983', 'num_games_owned': 0, 'num_reviews': 11, 'playtime_forever': 6748, 'playtime_last_two_weeks': 0, 'playtime_at_review': 6690, 'last_played': 1757437932}",portuguese,"It's a good game if you want to relax (while there are some situations were the game can be stressful, am looking at you clock when i'm mining).

Though some interactions could be improved, this game is still being updated so is something that can change with time.

Do things on your own time and not stressing because you're on year 6 or 7 and still haven't completed the community center! Do things your way!",1733335150,1733335333,True,0,0,0.5,0,True,False,False,False
181865751,"{'steamid': '76561198037972884', 'num_games_owned': 139, 'num_reviews': 12, 'playtime_forever': 4839, 'playtime_last_two_weeks': 0, 'playtime_at_review': 4813, 'last_played': 1733329285}",portuguese,É uma cópia descarada do Harvest Moon de SNES só que um pouco inferior.,1733327521,1733327521,True,0,0,0.476190477609634399,0,True,False,False,False
181853726,"{'steamid': '76561198841751645', 'num_games_owned': 0, 'num_reviews': 4, 'playtime_forever': 4251, 'playtime_last_two_weeks': 0, 'playtime_at_review': 4251, 'last_played': 1733322940}",portuguese,Ótimo.,1733322966,1733322966,True,0,0,0.5,0,True,False,False,False
181760602,"{'steamid': '76561199202188109', 'num_games_owned': 0, 'num_reviews': 4, 'playtime_forever': 18571, 'playtime_last_two_weeks': 0, 'playtime_at_review': 16862, 'last_played': 1748904616}",portuguese,still waiting for Robin's divorce...,1733273156,1733308187,True,0,0,0.5,0,True,False,False,False
181781196,"{'steamid': '76561199023891115', 'num_games_owned': 36, 'num_reviews': 4, 'playtime_forever': 160, 'playtime_last_two_weeks': 0, 'playtime_at_review': 159, 'last_played': 1733286175}",portuguese,"divertidinho mas começo lento demaaaaaaaaaaaaais
",1733286073,1733286073,True,0,0,0.5,0,True,False,False,False
181750555,"{'steamid': '76561198174008950', 'num_games_owned': 0, 'num_reviews': 1, 'playtime_forever': 15, 'playtime_last_two_weeks': 0, 'playtime_at_review': 15, 'last_played': 1711144210}",portuguese,This game is very good,1733267349,1733267349,True,0,0,0.5,0,True,False,False,False
181729791,"{'steamid': '76561199065671130', 'num_games_owned': 42, 'num_reviews': 13, 'playtime_forever': 5042, 'playtime_last_two_weeks': 0, 'playtime_at_review': 5024, 'last_played': 1734979989}",portuguese,"Jogo muito interessante e bom para passar o tempo.
Durante minha jogatina aprendi muitas coisas.",1733258095,1733258095,True,1,0,0.523809552192687988,0,True,False,False,False
181728348,"{'steamid': '76561198854003552', 'num_games_owned': 0, 'num_reviews': 10, 'playtime_forever': 7139, 'playtime_last_two_weeks': 0, 'playtime_at_review': 2856, 'last_played': 1742506495}",portuguese,One of the best games to play with a loved one. Very cute and with many itens to play for a long time!,1733257528,1733257528,True,0,0,0.5,0,True,False,False,False
181669982,"{'steamid': '76561198451974224', 'num_games_owned': 0, 'num_reviews': 4, 'playtime_forever': 7524, 'playtime_last_two_weeks': 0, 'playtime_at_review': 7184, 'last_played': 1736647288}",portuguese,Bom pra quem não tem uma vida.,1733234235,1733234235,True,0,0,0.5,0,True,False,False,False
181621876,"{'steamid': '76561199511669879', 'num_games_owned': 32, 'num_reviews': 1, 'playtime_forever': 17721, 'playtime_last_two_weeks': 0, 'playtime_at_review': 8466, 'last_played': 1759340498}",portuguese,"isso é pior que droga

recomendo!",1733203768,1733203768,True,1,0,0.5,0,True,False,False,False
80367462,"{'steamid': '76561198289668612', 'num_games_owned': 0, 'num_reviews': 4, 'playtime_forever': 19388, 'playtime_last_two_weeks': 17, 'playtime_at_review': 19326, 'last_played': 1762105828}",portuguese,Um jogo extremamente satisfatório e relaxante. E continua a acrescentar conteúdos novos frequentemente.,1606408627,1733190388,True,0,0,0.5,0,True,False,False,False
32869914,"{'steamid': '76561198127685625', 'num_games_owned': 112, 'num_reviews': 1, 'playtime_forever': 49272, 'playtime_last_two_weeks': 11, 'playtime_at_review': 45781, 'last_played': 1762014973}",portuguese,"  Stardew Valley, uma obra que desconhecia, não deitava muita fé, ate dar uma chance graças a um Youtuber que assistia. Meu deus que jogo bommm não tem como não se envolver no jogo mesmo que ele tenha gráficos simples que não são o que o pessoal mais novo gosta mas sinceramente é aconchegaste demais, é todo bonitinho redondinho vibrante parece que cada pixel foi feito com carinho não sei explicar.
  A trilha sonora é uma obra-prima. Eu não sei quantas vezes fiquei só parado no jogo ouvindo a música ,parece que ela te abraça, te tranquiliza é algo diferente, tão diferente quanto a historia, simples no começo, mas vai crescendo e ficando cheia de detalhes  graças as personagem e as suas manias.
Como se o jogo base não fosse o suficiente ele tem uma gama de mods que transformam o jogo numa experiência praticamente infinita. Queres que o teu cavalo tenha o rosto de npcs só para o meme? Tem mod para isso. Quer casar com a Robin? (que é o sonho de grande parte dos novos jogadores) TEM MOD PARA ISSO. A comunidade do jogo é surreal. Sempre tem gente disposta a dar dicas, compartilhar mods / ideias etc. é lindo.

No fim, Stardew Valley não é só um jogo. É todo um mundo extremamente envolvente e prefeito para descontraíres sozinho ou com amigos.
Recomendo mas muito para quem ainda não experimentou!",1498586087,1733188478,True,0,0,0.5,0,True,False,False,False
181594419,"{'steamid': '76561198811570348', 'num_games_owned': 0, 'num_reviews': 3, 'playtime_forever': 1054, 'playtime_last_two_weeks': 0, 'playtime_at_review': 1054, 'last_played': 1733185469}",portuguese,very gud,1733185497,1733185497,True,0,0,0.5,0,True,False,False,False
181592625,"{'steamid': '76561198086743267', 'num_games_owned': 0, 'num_reviews': 3, 'playtime_forever': 4831, 'playtime_last_two_weeks': 0, 'playtime_at_review': 4830, 'last_played': 1733184491}",portuguese,"Jogo bastante relaxante, perfeito para quem apenas quer descontrair!",1733184379,1733184379,True,0,0,0.5,0,True,False,False,False
159334812,"{'steamid': '76561199151665950', 'num_games_owned': 0, 'num_reviews': 1, 'playtime_forever': 10378, 'playtime_last_two_weeks': 0, 'playtime_at_review': 10377, 'last_played': 1733183618}",portuguese,"o jogo é bom, vale a pena.",1708965799,1733183358,True,0,0,0.5,0,True,False,False,False
181578098,"{'steamid': '76561198879576291', 'num_games_owned': 0, 'num_reviews': 9, 'playtime_forever': 12339, 'playtime_last_two_weeks': 2876, 'playtime_at_review': 5702, 'last_played': 1762046305}",portuguese,Very good and cozy!,1733176289,1733176289,True,0,0,0.5,0,True,False,False,False
181563786,"{'steamid': '76561199227744396', 'num_games_owned': 0, 'num_reviews': 3, 'playtime_forever': 19723, 'playtime_last_two_weeks': 0, 'playtime_at_review': 14875, 'last_played': 1751226096}",portuguese,mt bom,1733169806,1733169806,True,0,0,0.5,0,True,False,False,False
181554030,"{'steamid': '76561198064344499', 'num_games_owned': 651, 'num_reviews': 2, 'playtime_forever': 46, 'playtime_last_two_weeks': 0, 'playtime_at_review': 46, 'last_played': 1733165464}",portuguese,Relaxing with a good  cosy artstyle.,1733165571,1733165571,True,0,0,0.5,0,True,False,False,False
181516432,"{'steamid': '76561198139926269', 'num_games_owned': 113, 'num_reviews': 6, 'playtime_forever': 5639, 'playtime_last_two_weeks': 0, 'playtime_at_review': 3944, 'last_played': 1759077291}",portuguese,Meu sonho de vida em forma de um jogo maravilhoso e sem falhas.,1733151096,1733151096,True,0,0,0.5,0,True,False,False,False
181515169,"{'steamid': '76561198883020054', 'num_games_owned': 261, 'num_reviews': 12, 'playtime_forever': 2572, 'playtime_last_two_weeks': 0, 'playtime_at_review': 2216, 'last_played': 1753181363}",portuguese,Cute game to relax and pass the time.,1733150581,1733150581,True,0,0,0.5,0,True,False,False,False
181513927,"{'steamid': '76561198401847208', 'num_games_owned': 132, 'num_reviews': 6, 'playtime_forever': 5694, 'playtime_last_two_weeks': 0, 'playtime_at_review': 5435, 'last_played': 1757895207}",portuguese,"Jogo muito legal para passar tempo, chamar amigos para criar uma fazenda enquanto um pesca, um minera, um não faz porra nenhuma e um só gasta dinheiro é um jeito muito legal de criar um vínculo excepcional entre seus amigos. Se o vanilla não for suficiente, tem uma vasta quantidade de modificações para aplicar no jogo, o tornando mais divertido ainda.",1733150029,1733150029,True,0,0,0.5,0,True,False,False,False
181509136,"{'steamid': '76561199390247740', 'num_games_owned': 0, 'num_reviews': 8, 'playtime_forever': 1810, 'playtime_last_two_weeks': 0, 'playtime_at_review': 175, 'last_played': 1757605940}",portuguese,Vou descrever o jogo com uma palavra: Perfeição,1733147942,1733147942,True,0,0,0.5,0,True,False,False,False
181488213,"{'steamid': '76561198107887724', 'num_games_owned': 0, 'num_reviews': 4, 'playtime_forever': 3298, 'playtime_last_two_weeks': 0, 'playtime_at_review': 1760, 'last_played': 1746397082}",portuguese,"Muito bom para ou só desligar e ir cuidar da sua fazendinha, ou se vc é o maluco das tabelas, dar tryhard com os excels e maximizar lucros.",1733137228,1733137228,True,0,0,0.5,0,True,False,False,False
181433061,"{'steamid': '76561198307424750', 'num_games_owned': 56, 'num_reviews': 11, 'playtime_forever': 54664, 'playtime_last_two_weeks': 0, 'playtime_at_review': 48243, 'last_played': 1759114259}",portuguese,eu gosto,1733102690,1733102690,True,0,0,0.5,0,True,False,False,False
181347064,"{'steamid': '76561198309456258', 'num_games_owned': 0, 'num_reviews': 5, 'playtime_forever': 10973, 'playtime_last_two_weeks': 0, 'playtime_at_review': 10571, 'last_played': 1741909050}",portuguese,"Simplesmente perfeito. Ainda mais pra mim que um dos jogos favoritos desde sempre foi Harvest Moon, não tinha como eu não gostar, recomendo TOTALMENTE",1733070584,1733070584,True,0,0,0.5,0,True,False,False,False
181335063,"{'steamid': '76561198394325038', 'num_games_owned': 0, 'num_reviews': 2, 'playtime_forever': 7058, 'playtime_last_two_weeks': 318, 'playtime_at_review': 4515, 'last_played': 1761602378}",portuguese,top,1733066783,1733066783,True,0,0,0.5,0,True,False,False,False
181225276,"{'steamid': '76561198168548603', 'num_games_owned': 0, 'num_reviews': 2, 'playtime_forever': 12653, 'playtime_last_two_weeks': 0, 'playtime_at_review': 12653, 'last_played': 1733025292}",portuguese,Saudades do que não vivi com a Robin.,1733025387,1733025560,True,0,0,0.5,0,True,False,False,False
181223303,"{'steamid': '76561198161060241', 'num_games_owned': 138, 'num_reviews': 5, 'playtime_forever': 148, 'playtime_last_two_weeks': 0, 'playtime_at_review': 148, 'last_played': 1733024346}",portuguese,joguin bom,1733024471,1733024471,True,0,0,0.5,0,True,False,False,False
181202429,"{'steamid': '76561199241147338', 'num_games_owned': 0, 'num_reviews': 1, 'playtime_forever': 2780, 'playtime_last_two_weeks': 0, 'playtime_at_review': 2031, 'last_played': 1758225066}",portuguese,Simplesmente a fazenda,1733015245,1733015245,True,1,0,0.523809552192687988,0,True,False,False,False
181201996,"{'steamid': '76561198822896682', 'num_games_owned': 0, 'num_reviews': 4, 'playtime_forever': 6645, 'playtime_last_two_weeks': 0, 'playtime_at_review': 5717, 'last_played': 1742257316}",portuguese,Nice :),1733015050,1733015050,True,0,0,0.5,0,True,False,False,False
181201168,"{'steamid': '76561199041854610', 'num_games_owned': 30, 'num_reviews': 6, 'playtime_forever': 7639, 'playtime_last_two_weeks': 0, 'playtime_at_review': 7327, 'last_played': 1739738566}",portuguese,Play it just play :D,1733014713,1733014713,True,0,0,0.5,0,True,False,False,False
181192357,"{'steamid': '76561198067223492', 'num_games_owned': 343, 'num_reviews': 2, 'playtime_forever': 10564, 'playtime_last_two_weeks': 0, 'playtime_at_review': 10564, 'last_played': 1733011328}",portuguese,Simplesmente Bom,1733011484,1733011484,True,0,0,0.5,0,True,False,False,False
181185597,"{'steamid': '76561199167528354', 'num_games_owned': 0, 'num_reviews': 1, 'playtime_forever': 14551, 'playtime_last_two_weeks': 307, 'playtime_at_review': 7977, 'last_played': 1762133492}",portuguese,"maravilloso, seria un 11/10 se Robin fuera soltera",1733008681,1733008681,True,0,0,0.5,0,True,True,False,False
181143633,"{'steamid': '76561199053525644', 'num_games_owned': 73, 'num_reviews': 5, 'playtime_forever': 7583, 'playtime_last_two_weeks': 0, 'playtime_at_review': 6929, 'last_played': 1760917433}",portuguese,É bom para relaxar,1732996021,1732996021,True,0,0,0.5,0,True,False,False,False
126466849,"{'steamid': '76561198194144206', 'num_games_owned': 115, 'num_reviews': 9, 'playtime_forever': 5789, 'playtime_last_two_weeks': 0, 'playtime_at_review': 5788, 'last_played': 1733594753}",portuguese,"Relaxante e divertido :DD
",1669238872,1732995094,True,0,0,0.5,0,True,False,False,False
180929949,"{'steamid': '76561198867561084', 'num_games_owned': 96, 'num_reviews': 4, 'playtime_forever': 8422, 'playtime_last_two_weeks': 342, 'playtime_at_review': 7846, 'last_played': 1761866194}",portuguese,jogo de fazenda? ta mais pra um tente nao se apsixonar por personagem 2d,1732931365,1732983920,True,0,0,0.5,0,True,False,False,False
103807996,"{'steamid': '76561198173972441', 'num_games_owned': 0, 'num_reviews': 4, 'playtime_forever': 24709, 'playtime_last_two_weeks': 0, 'playtime_at_review': 15004, 'last_played': 1756358736}",portuguese,esse jogo aqui e incrivel nao tem oque falar dinhero mais bem gasto da minha vida esse jogo nao tem como nunca vai morrer,1637848480,1732983494,True,0,0,0.5,0,True,False,False,False
181058622,"{'steamid': '76561198082300032', 'num_games_owned': 82, 'num_reviews': 3, 'playtime_forever': 3139, 'playtime_last_two_weeks': 0, 'playtime_at_review': 3134, 'last_played': 1746038903}",portuguese,"Stardew Valley é um jogo que combina simplicidade e profundidade de uma maneira única. Sua jogabilidade acessível, personagens carismáticos e mundo detalhado fazem dele uma experiência envolvente e gratificante. O equilíbrio entre a exploração, o gerenciamento e a construção de relacionamentos proporciona uma experiência atemporal e cativante. O impacto cultural que o jogo teve, especialmente no cenário indie, só reforça sua relevância e a forma como ele conseguiu tocar tantos jogadores ao redor do mundo. Se você procura um jogo que mistura aventura, criatividade e calma, Stardew Valley é uma excelente escolha.",1732975612,1732975612,True,2,0,0.545454561710357666,0,True,False,False,False
59156977,"{'steamid': '76561198109867673', 'num_games_owned': 165, 'num_reviews': 7, 'playtime_forever': 9777, 'playtime_last_two_weeks': 0, 'playtime_at_review': 9777, 'last_played': 1732974520}",portuguese,Very much good!!,1575394289,1732974600,True,0,0,0.5,0,True,False,False,False
181034530,"{'steamid': '76561198176610145', 'num_games_owned': 89, 'num_reviews': 2, 'playtime_forever': 19246, 'playtime_last_two_weeks': 0, 'playtime_at_review': 13988, 'last_played': 1741656741}",portuguese,There is something for everyone,1732968973,1732968973,True,0,0,0.5,0,True,False,False,False
181021861,"{'steamid': '76561198098427064', 'num_games_owned': 92, 'num_reviews': 3, 'playtime_forever': 9681, 'playtime_last_two_weeks': 0, 'playtime_at_review': 8869, 'last_played': 1737577448}",portuguese,Chillest game,1732965117,1732965117,True,0,0,0.5,0,True,False,False,False
50564764,"{'steamid': '76561198293464033', 'num_games_owned': 178, 'num_reviews': 36, 'playtime_forever': 19409, 'playtime_last_two_weeks': 0, 'playtime_at_review': 19274, 'last_played': 1734496138}",portuguese,jogo dura poco,1557444538,1732936308,True,0,0,0.5,0,True,False,False,False
74538901,"{'steamid': '76561198374589546', 'num_games_owned': 73, 'num_reviews': 6, 'playtime_forever': 29310, 'playtime_last_two_weeks': 0, 'playtime_at_review': 28749, 'last_played': 1756018684}",portuguese,"um dos meus jogos perferidos,
 o criador tem criado novas atualizaçoes e tem melhorado sempre",1597805982,1732928949,True,0,0,0.5,0,True,False,False,False
180922800,"{'steamid': '76561199594918786', 'num_games_owned': 0, 'num_reviews': 2, 'playtime_forever': 3911, 'playtime_last_two_weeks': 0, 'playtime_at_review': 1098, 'last_played': 1760627279}",portuguese,very good very cutsie,1732928478,1732928478,True,0,0,0.5,0,True,False,False,False
103611566,"{'steamid': '76561198219697779', 'num_games_owned': 63, 'num_reviews': 3, 'playtime_forever': 16272, 'playtime_last_two_weeks': 0, 'playtime_at_review': 15769, 'last_played': 1757814821}",portuguese,com certeza um dos jogos já feitos.,1637803964,1732926049,True,0,0,0.5,0,True,False,False,False
143612079,"{'steamid': '76561199235862343', 'num_games_owned': 52, 'num_reviews': 14, 'playtime_forever': 19199, 'playtime_last_two_weeks': 0, 'playtime_at_review': 18564, 'last_played': 1755552992}",portuguese,mulher casada.,1691440575,1732923517,True,1,1,0.523809552192687988,0,True,False,False,False
180896953,"{'steamid': '76561199070371619', 'num_games_owned': 0, 'num_reviews': 1, 'playtime_forever': 1529, 'playtime_last_two_weeks': 64, 'playtime_at_review': 1440, 'last_played': 1761697956}",portuguese,confortável :),1732919104,1732919104,True,0,0,0.5,0,True,False,False,False
180895078,"{'steamid': '76561198848814842', 'num_games_owned': 64, 'num_reviews': 10, 'playtime_forever': 8948, 'playtime_last_two_weeks': 1115, 'playtime_at_review': 2904, 'last_played': 1762217754}",portuguese,Nice!,1732918464,1732918464,True,0,0,0.5,0,True,False,False,False
180883805,"{'steamid': '76561198305407019', 'num_games_owned': 0, 'num_reviews': 21, 'playtime_forever': 15210, 'playtime_last_two_weeks': 0, 'playtime_at_review': 12662, 'last_played': 1757793005}",portuguese,"Um dos melhores jogos que comprei este ano, muito relaxante com várias coisas para fazer. Estou muito feliz em o ter comprado",1732914910,1732914910,True,1,0,0.523809552192687988,0,True,False,False,False
180880883,"{'steamid': '76561199058259957', 'num_games_owned': 0, 'num_reviews': 1, 'playtime_forever': 6219, 'playtime_last_two_weeks': 0, 'playtime_at_review': 5690, 'last_played': 1759579420}",portuguese,"O Jogo tem gráficos lindos, e é prefeito para jogar com amigos ou sozinho! ✨",1732914055,1732914055,True,0,0,0.5,0,True,False,False,False
67662875,"{'steamid': '76561198259726586', 'num_games_owned': 127, 'num_reviews': 16, 'playtime_forever': 18784, 'playtime_last_two_weeks': 0, 'playtime_at_review': 18254, 'last_played': 1739227255}",portuguese,"Nossa... game sensacional. Tem um clima tão relaxante, tu joga e nem vê o tempo passar, além de poder aproveitar a experiência de ser um fazendeiro, como prestar atenção às estações certas para plantio, regar todos os dias, fazer espantalhos para espantar corvos, também é possível interagir socialmente com os NPCs, que possuem ótimos diálogos inclusive. Recomendo demais, sem arrependimentos...

(EDIT: Ainda sem arrependimentos - 27/11/2024)",1587351984,1732908751,True,1,0,0.5,0,True,False,False,False
180838786,"{'steamid': '76561199019727232', 'num_games_owned': 0, 'num_reviews': 3, 'playtime_forever': 806, 'playtime_last_two_weeks': 189, 'playtime_at_review': 467, 'last_played': 1761476947}",portuguese,Loved This Game,1732903033,1732903033,True,0,0,0.5,0,True,False,False,False
180810585,"{'steamid': '76561199037331389', 'num_games_owned': 118, 'num_reviews': 12, 'playtime_forever': 16392, 'playtime_last_two_weeks': 854, 'playtime_at_review': 13220, 'last_played': 1761483323}",portuguese,!,1732896517,1732896517,True,0,0,0.5,0,True,False,False,False
180764934,"{'steamid': '76561199426601974', 'num_games_owned': 50, 'num_reviews': 1, 'playtime_forever': 2350, 'playtime_last_two_weeks': 0, 'playtime_at_review': 1995, 'last_played': 1757337880}",portuguese,Melhor jogo para quem quer ser agricultor com os amigos!!,1732885866,1732885866,True,0,0,0.5,0,True,False,False,False
180764106,"{'steamid': '76561198321244921', 'num_games_owned': 0, 'num_reviews': 10, 'playtime_forever': 4399, 'playtime_last_two_weeks': 0, 'playtime_at_review': 2649, 'last_played': 1749588905}",portuguese,Absolute cinema,1732885652,1732885652,True,0,0,0.5,0,True,False,False,False
180746543,"{'steamid': '76561198056842273', 'num_games_owned': 0, 'num_reviews': 5, 'playtime_forever': 7097, 'playtime_last_two_weeks': 0, 'playtime_at_review': 7089, 'last_played': 1749381004}",portuguese,Relaxing and fun,1732880815,1732880815,True,0,0,0.5,0,True,False,False,False
180715766,"{'steamid': '76561198994875175', 'num_games_owned': 60, 'num_reviews': 4, 'playtime_forever': 1828, 'playtime_last_two_weeks': 0, 'playtime_at_review': 1002, 'last_played': 1755066160}",portuguese,MUITO BOM!!!,1732871531,1732871786,True,1,0,0.523809552192687988,0,True,False,False,False
180668184,"{'steamid': '76561198037485761', 'num_games_owned': 0, 'num_reviews': 14, 'playtime_forever': 48, 'playtime_last_two_weeks': 0, 'playtime_at_review': 48, 'last_played': 1732852690}",portuguese,Top,1732852722,1732852722,True,0,0,0.5,0,True,False,False,False
180631549,"{'steamid': '76561199172618927', 'num_games_owned': 84, 'num_reviews': 6, 'playtime_forever': 3729, 'playtime_last_two_weeks': 0, 'playtime_at_review': 3559, 'last_played': 1760309840}",portuguese,"Best chill game ever, complex but good for grinding and just relax",1732838873,1732838873,True,0,0,0.5,0,True,False,False,False
120448700,"{'steamid': '76561198966589817', 'num_games_owned': 226, 'num_reviews': 27, 'playtime_forever': 2944, 'playtime_last_two_weeks': 0, 'playtime_at_review': 2944, 'last_played': 1672965950}",portuguese,"Excelente, Jogo Perfeito para passar o tempo e relaxar!",1660232512,1732838020,True,0,0,0.5,0,True,False,False,False
180611596,"{'steamid': '76561198341547561', 'num_games_owned': 42, 'num_reviews': 9, 'playtime_forever': 35257, 'playtime_last_two_weeks': 0, 'playtime_at_review': 26145, 'last_played': 1758714421}",portuguese,"Good, play it",1732832376,1732832376,True,0,0,0.5,0,True,False,False,False
177152955,"{'steamid': '76561198093683301', 'num_games_owned': 0, 'num_reviews': 28, 'playtime_forever': 1813, 'playtime_last_two_weeks': 179, 'playtime_at_review': 1268, 'last_played': 1762211712}",portuguese,The most cozy game I've ever played.,1729084834,1732831407,True,0,0,0.5,0,True,False,False,False
180597113,"{'steamid': '76561198295353781', 'num_games_owned': 324, 'num_reviews': 11, 'playtime_forever': 166, 'playtime_last_two_weeks': 0, 'playtime_at_review': 147, 'last_played': 1757203169}",portuguese,"Que jogo bom, relaxante, com uma trilha sonora muito boa
",1732828609,1732828609,True,0,0,0.5,0,True,False,False,False
180595967,"{'steamid': '76561198081878611', 'num_games_owned': 109, 'num_reviews': 7, 'playtime_forever': 11648, 'playtime_last_two_weeks': 613, 'playtime_at_review': 6823, 'last_played': 1762027318}",portuguese,Jogo muito bem feito e super divertido.,1732828341,1732828341,True,0,0,0.5,0,True,False,False,False
126405554,"{'steamid': '76561198009184299', 'num_games_owned': 1596, 'num_reviews': 6, 'playtime_forever': 17937, 'playtime_last_two_weeks': 460, 'playtime_at_review': 1583, 'last_played': 1761246037}",portuguese,Excelente jogo tendo em conta o número de developers.,1669223875,1732826689,True,0,0,0.5,0,True,False,False,False
180584518,"{'steamid': '76561198967679468', 'num_games_owned': 0, 'num_reviews': 3, 'playtime_forever': 12198, 'playtime_last_two_weeks': 0, 'playtime_at_review': 12076, 'last_played': 1736206821}",portuguese,O peso da enxada parece mais leve que o da caneta.,1732825793,1732825793,True,0,0,0.5,0,True,False,False,False
166851014,"{'steamid': '76561198014571754', 'num_games_owned': 0, 'num_reviews': 4, 'playtime_forever': 491, 'playtime_last_two_weeks': 0, 'playtime_at_review': 456, 'last_played': 1758459032}",portuguese,"I've always loved Pokemon games for Gameboy, and this game reminds me of my childhood days, due to its graphics and also a little bit of its gameplay. When I found the game on the Steam market, I was immediately curious, also because it is supported for Mac. I only played for 5 hours but I can say that it is super fun and you don't notice how much time passes.

Love this game!",1717745715,1732824020,True,0,0,0.5,0,True,False,False,False
180563900,"{'steamid': '76561199142048542', 'num_games_owned': 44, 'num_reviews': 3, 'playtime_forever': 27937, 'playtime_last_two_weeks': 0, 'playtime_at_review': 20791, 'last_played': 1760035316}",portuguese,one of the best games ever made,1732821646,1732821646,True,1,0,0.523809552192687988,0,True,False,False,False
125991412,"{'steamid': '76561198092366824', 'num_games_owned': 0, 'num_reviews': 6, 'playtime_forever': 10683, 'playtime_last_two_weeks': 0, 'playtime_at_review': 10220, 'last_played': 1756060166}",portuguese,"Very relaxing, fun, skillfull game. Very good very nice.",1669145177,1732821432,True,0,0,0.5,0,True,False,False,False
126816922,"{'steamid': '76561197975098409', 'num_games_owned': 283, 'num_reviews': 40, 'playtime_forever': 15334, 'playtime_last_two_weeks': 0, 'playtime_at_review': 13221, 'last_played': 1757430476}",portuguese,"i fckin hate pierre

OPEN ON WEDNESDAYS",1669385845,1732820715,True,0,0,0.5,0,True,False,False,False
48811049,"{'steamid': '76561198850145514', 'num_games_owned': 0, 'num_reviews': 3, 'playtime_forever': 11065, 'playtime_last_two_weeks': 0, 'playtime_at_review': 11064, 'last_played': 1732815190}",portuguese,"passado anos, ainda é um dos meus favoritos",1549498782,1732815114,True,0,0,0.5,0,True,False,False,False
180504894,"{'steamid': '76561198072143598', 'num_games_owned': 92, 'num_reviews': 6, 'playtime_forever': 21188, 'playtime_last_two_weeks': 0, 'playtime_at_review': 20866, 'last_played': 1758249423}",portuguese,I love this game so much 10/10,1732811921,1732811921,True,0,0,0.5,0,True,False,False,False
126103140,"{'steamid': '76561198153914552', 'num_games_owned': 114, 'num_reviews': 7, 'playtime_forever': 2433, 'playtime_last_two_weeks': 0, 'playtime_at_review': 2433, 'last_played': 1687354300}",portuguese,"I love this game with all my heart! ♥♥
Thank you for this masterpiece.",1669160937,1732811730,True,1,0,0.510572969913482666,0,True,False,False,False
180468633,"{'steamid': '76561198062049860', 'num_games_owned': 0, 'num_reviews': 2, 'playtime_forever': 15384, 'playtime_last_two_weeks': 724, 'playtime_at_review': 8735, 'last_played': 1762200055}",portuguese,Este jogo é perfeito.,1732806731,1732806731,True,0,0,0.5,0,True,False,False,False
180460234,"{'steamid': '76561198825840630', 'num_games_owned': 123, 'num_reviews': 17, 'playtime_forever': 5932, 'playtime_last_two_weeks': 0, 'playtime_at_review': 506, 'last_played': 1752774416}",portuguese,I love this game,1732805561,1732805561,True,0,0,0.5,0,True,False,False,False
180445197,"{'steamid': '76561198992461134', 'num_games_owned': 184, 'num_reviews': 7, 'playtime_forever': 8455, 'playtime_last_two_weeks': 0, 'playtime_at_review': 8455, 'last_played': 1732803487}",portuguese,quem quer namorar com o agricultor,1732803542,1732803542,True,0,0,0.5,0,True,False,False,False
180410588,"{'steamid': '76561198829460560', 'num_games_owned': 280, 'num_reviews': 15, 'playtime_forever': 36061, 'playtime_last_two_weeks': 112, 'playtime_at_review': 27092, 'last_played': 1761015035}",portuguese,"Joguei pouco, mas do pouco que joguei eu amei!",1732798691,1732798691,True,0,0,0.5,0,True,False,False,False
40203256,"{'steamid': '76561198058952319', 'num_games_owned': 106, 'num_reviews': 19, 'playtime_forever': 19257, 'playtime_last_two_weeks': 513, 'playtime_at_review': 15663, 'deck_playtime_at_review': 720, 'last_played': 1762166409}",portuguese,"Recomendadíssimo. É visualmente vibrante e belo, embora os gráficos possam não ser do agrado a todos, além de divertido. É um daqueles jogos em que podem fazer de tudo. Requer paciência, boa gestão e muito trabalho. Têm os benefícios de Harvest Moon, mas, a meu ver, o jogo estende-se para lá disso. Têm cenário para explorar, os aldeões da cidade para conhecer melhor e as suas histórias, mistérios para resolver. Ou então vai-se para a mina e mata-se tudo o que houver para matar enquanto se procura aqueles sweets ores para os melhores equipamentos.

Sem esquecer que os eventos do jogo são simplesmente lindos e dá sempre mais variedade ao jogo com os seus mini-games. Simplesmente recomendo para quem gosta de passar um bom bocado. Já perdi horas a jogar simplesmente porque me abstrai tanto que nem dava conta do tempo passar!

Brutal! Incrível

Edit: Still going strong, the best!",1518983524,1732797816,True,0,0,0.5,0,True,False,False,False
180385505,"{'steamid': '76561198372769548', 'num_games_owned': 116, 'num_reviews': 5, 'playtime_forever': 4355, 'playtime_last_two_weeks': 0, 'playtime_at_review': 4355, 'last_played': 1711412273}",portuguese,"Incrível, tem sido atualizado e melhorado ao longo dos anos.
Jogabilidade muito boa, historia muito boa e horas e horas de diversão.",1732794834,1732794834,True,0,0,0.5,0,True,False,False,False
180367282,"{'steamid': '76561197979957815', 'num_games_owned': 235, 'num_reviews': 7, 'playtime_forever': 761, 'playtime_last_two_weeks': 0, 'playtime_at_review': 760, 'last_played': 1732791935}",portuguese,Jogo muito bom e relaxante,1732791890,1732791890,True,0,0,0.5,0,True,False,False,False
180341207,"{'steamid': '76561198178951281', 'num_games_owned': 0, 'num_reviews': 5, 'playtime_forever': 355, 'playtime_last_two_weeks': 0, 'playtime_at_review': 342, 'last_played': 1757160330}",portuguese,Really relaxing game.,1732787505,1732787505,True,0,0,0.5,0,True,False,False,False
179575518,"{'steamid': '76561197983370349', 'num_games_owned': 91, 'num_reviews': 5, 'playtime_forever': 1758, 'playtime_last_two_weeks': 0, 'playtime_at_review': 1758, 'deck_playtime_at_review': 1454, 'last_played': 1732061455}",portuguese,o meu jogo de eleição quando estou na cama com o Deck a espera que o sono chegue,1732288532,1732787328,True,0,0,0.5,0,True,False,False,True
180311235,"{'steamid': '76561198103440416', 'num_games_owned': 81, 'num_reviews': 10, 'playtime_forever': 4299, 'playtime_last_two_weeks': 0, 'playtime_at_review': 3133, 'last_played': 1753705663}",portuguese,Muito bom! :),1732782025,1732782025,True,0,0,0.5,0,True,False,False,False
64170416,"{'steamid': '76561198804258854', 'num_games_owned': 73, 'num_reviews': 8, 'playtime_forever': 35000, 'playtime_last_two_weeks': 0, 'playtime_at_review': 33934, 'last_played': 1750633513}",portuguese,"Comecei o save, me apaixonei por uma carpinteira, descobri que ela era casada. Dor. Sofrimento. Angústia. Depressão. Descobri que existe um mod onde é possível se casar com ela. Felicidade.
10/10",1582763619,1732771687,True,0,0,0.5,0,True,False,False,False
180231342,"{'steamid': '76561198806817059', 'num_games_owned': 0, 'num_reviews': 6, 'playtime_forever': 1077, 'playtime_last_two_weeks': 0, 'playtime_at_review': 1071, 'last_played': 1742707375}",portuguese,muito bom!!,1732767377,1732767377,True,0,0,0.5,0,True,False,False,False
180205417,"{'steamid': '76561199073034860', 'num_games_owned': 0, 'num_reviews': 4, 'playtime_forever': 14288, 'playtime_last_two_weeks': 0, 'playtime_at_review': 5439, 'last_played': 1757001071}",portuguese,não da pra pegar mulher casada,1732762715,1732762715,True,0,0,0.5,0,True,False,False,False
180174572,"{'steamid': '76561198189009305', 'num_games_owned': 232, 'num_reviews': 20, 'playtime_forever': 3415, 'playtime_last_two_weeks': 0, 'playtime_at_review': 3395, 'last_played': 1734282449}",portuguese,é bao,1732757225,1732757225,True,0,0,0.5,0,True,False,False,False
102155683,"{'steamid': '76561198110020374', 'num_games_owned': 0, 'num_reviews': 7, 'playtime_forever': 21971, 'playtime_last_two_weeks': 0, 'playtime_at_review': 21971, 'last_played': 1732756519}",portuguese,Topíssimo!,1635953044,1732756550,True,0,0,0.5,0,True,False,False,False
180155407,"{'steamid': '76561198868873196', 'num_games_owned': 189, 'num_reviews': 5, 'playtime_forever': 1979, 'playtime_last_two_weeks': 0, 'playtime_at_review': 1889, 'last_played': 1738354252}",portuguese,"love it
",1732753772,1732753772,True,0,0,0.5,0,True,False,False,False
55557802,"{'steamid': '76561198403011069', 'num_games_owned': 179, 'num_reviews': 27, 'playtime_forever': 16624, 'playtime_last_two_weeks': 0, 'playtime_at_review': 7756, 'last_played': 1753165565}",portuguese,Jogo muito bom para aqueles que curtem os jogos da franquia Harvest Moon (principalmente o back to nature do PS1) o Stardew Valley traz essa notalgia muito foda que é muito divertido de jogar eu amei o jogo recomendo. D+ <3,1570829636,1732753436,True,0,1,0.5,0,True,False,False,False
180152605,"{'steamid': '76561198076565244', 'num_games_owned': 0, 'num_reviews': 12, 'playtime_forever': 76, 'playtime_last_two_weeks': 0, 'playtime_at_review': 34, 'last_played': 1753549072}",portuguese,Relax game :),1732753262,1732753262,True,0,0,0.5,0,True,False,False,False
39960009,"{'steamid': '76561198368491280', 'num_games_owned': 0, 'num_reviews': 5, 'playtime_forever': 62499, 'playtime_last_two_weeks': 0, 'playtime_at_review': 52179, 'last_played': 1759623930}",portuguese,Uma experiência calmante para o jogador que já cansou-se de jogar AAA games e quer algo mais simples e ao mesmo tempo aconchegante.,1518204082,1732749953,True,0,0,0.5,0,True,False,False,False
180132476,"{'steamid': '76561198314026742', 'num_games_owned': 111, 'num_reviews': 1, 'playtime_forever': 1312, 'playtime_last_two_weeks': 0, 'playtime_at_review': 1207, 'last_played': 1746992824}",portuguese,Colheita feliz,1732749725,1732749725,True,1,0,0.523809552192687988,0,True,False,False,False
180121991,"{'steamid': '76561198806462833', 'num_games_owned': 446, 'num_reviews': 35, 'playtime_forever': 15985, 'playtime_last_two_weeks': 0, 'playtime_at_review': 15984, 'last_played': 1732748136}",portuguese,foda,1732748131,1732748131,True,0,0,0.5,0,True,False,False,False
150647477,"{'steamid': '76561198894719079', 'num_games_owned': 0, 'num_reviews': 13, 'playtime_forever': 7706, 'playtime_last_two_weeks': 0, 'playtime_at_review': 7402, 'last_played': 1758496784}",portuguese,:)   ZA,1700597142,1732747182,True,0,0,0.5,0,True,False,False,False
180110438,"{'steamid': '76561198152856761', 'num_games_owned': 139, 'num_reviews': 10, 'playtime_forever': 6917, 'playtime_last_two_weeks': 175, 'playtime_at_review': 4089, 'last_played': 1762128078}",portuguese,"It either is one of the most relaxing games you will ever play or one of the most stressful.
Either ways I recommend it to anyone",1732746489,1732746489,True,0,1,0.5,0,True,False,False,False
141716601,"{'steamid': '76561198130788207', 'num_games_owned': 0, 'num_reviews': 9, 'playtime_forever': 14203, 'playtime_last_two_weeks': 0, 'playtime_at_review': 13945, 'last_played': 1740862537}",portuguese,"um dos melhores jogos que já joguei.

Apos um ano, continua sendo um dos melhores que eu ainda já joguei",1688941022,1732746061,True,1,0,0.523809552192687988,1,True,False,False,False
180092133,"{'steamid': '76561198161772651', 'num_games_owned': 70, 'num_reviews': 3, 'playtime_forever': 384, 'playtime_last_two_weeks': 0, 'playtime_at_review': 269, 'last_played': 1733865774}",portuguese,Amazing,1732744139,1732744139,True,0,0,0.5,0,True,False,False,False
180074111,"{'steamid': '76561198325404407', 'num_games_owned': 0, 'num_reviews': 8, 'playtime_forever': 40545, 'playtime_last_two_weeks': 0, 'playtime_at_review': 35830, 'last_played': 1757719049}",portuguese,:3,1732742039,1732742039,True,0,0,0.5,0,True,False,False,False
180028195,"{'steamid': '76561199063360997', 'num_games_owned': 49, 'num_reviews': 1, 'playtime_forever': 1874, 'playtime_last_two_weeks': 0, 'playtime_at_review': 1849, 'last_played': 1749909340}",portuguese,Otimo para relaxar e passar o tempo.,1732737421,1732737421,True,0,0,0.5,0,True,False,False,False
54223292,"{'steamid': '76561198846826289', 'num_games_owned': 406, 'num_reviews': 2, 'playtime_forever': 32778, 'playtime_last_two_weeks': 0, 'playtime_at_review': 32403, 'last_played': 1758415931}",portuguese,esse jogo é incrível.,1563777370,1732736789,True,7,0,0.584905683994293213,0,True,False,False,False
151214567,"{'steamid': '76561198078021880', 'num_games_owned': 223, 'num_reviews': 8, 'playtime_forever': 6846, 'playtime_last_two_weeks': 0, 'playtime_at_review': 6616, 'last_played': 1750987562}",portuguese,"joguin relaxante e quando o vicio vem ele vem forte
ps baxa mod q fica top",1700704687,1732736601,True,0,0,0.5,0,True,False,False,False
180004019,"{'steamid': '76561199133882440', 'num_games_owned': 161, 'num_reviews': 22, 'playtime_forever': 10986, 'playtime_last_two_weeks': 0, 'playtime_at_review': 9555, 'last_played': 1744315845}",portuguese,estou aqui só para a medalha de nomear jogos,1732735452,1732735452,True,1,0,0.523809552192687988,0,True,False,False,False
179995795,"{'steamid': '76561198114689813', 'num_games_owned': 0, 'num_reviews': 20, 'playtime_forever': 1553, 'playtime_last_two_weeks': 7, 'playtime_at_review': 1546, 'last_played': 1761346039}",portuguese,Very Nice,1732734821,1732734821,True,0,0,0.5,0,True,False,False,False
179992520,"{'steamid': '76561199068510241', 'num_games_owned': 0, 'num_reviews': 3, 'playtime_forever': 2511, 'playtime_last_two_weeks': 61, 'playtime_at_review': 1835, 'last_played': 1761494334}",portuguese,dá para passar um tempo,1732734579,1732734579,True,0,0,0.5,0,True,False,False,False
179990062,"{'steamid': '76561199004146868', 'num_games_owned': 282, 'num_reviews': 19, 'playtime_forever': 3113, 'playtime_last_two_weeks': 0, 'playtime_at_review': 3042, 'last_played': 1757777882}",portuguese,O desenvolvedor deste jogo merece todo o sucesso que ele está tendo.,1732734399,1732734399,True,0,0,0.5,0,True,False,False,False
70406878,"{'steamid': '76561197996640246', 'num_games_owned': 0, 'num_reviews': 4, 'playtime_forever': 26837, 'playtime_last_two_weeks': 0, 'playtime_at_review': 25221, 'last_played': 1743845257}",portuguese,"Entertaining and awesome game to play either with friends or alone, large content and a great way to spend time. Just think the game could have more achievements to keep the players busy!",1591475869,1732733993,True,1,0,0.523809552192687988,0,True,False,False,False
161615300,"{'steamid': '76561199066454325', 'num_games_owned': 192, 'num_reviews': 13, 'playtime_forever': 2478, 'playtime_last_two_weeks': 0, 'playtime_at_review': 1820, 'last_played': 1753112327}",portuguese,"que banger senhores, que banger!",1711581143,1732733435,True,12,0,0.661240637302398682,0,True,False,False,False
136537899,"{'steamid': '76561199364029215', 'num_games_owned': 75, 'num_reviews': 17, 'playtime_forever': 5313, 'playtime_last_two_weeks': 0, 'playtime_at_review': 5311, 'last_played': 1733067470}",portuguese,"O jogo no qual estamos presentes é maravilhoso, feito com carinho e amor, têm diversos detalhes que dão mais vida ao jogo, é muito mais do que ""apenas um jogo de fazenda"".
 Para começar com chave de ouro, vamos falar dos gráficos, ou seja, as pixeis arte, que são maravilhosas, eu não tive nenhum problema em relação à pixel arte do jogo, logo diria que é óptima, surpreende muito para quem não está habituado a pixel arte de qualidade e emerssivas, como por exemplo minha excelência.
 Sinceramente o sistema de luta deixou me a desejar, esse é um dos poucos erros deste jogo! Pois eu senti e sinto dificuldade na mesma, pois para acertar um golpe na direita tu tens que virar o teu personagem para a direita, ou seja, não vira ""automaticamente"" o que leva a ter uma demora para responder e logo sofres um golpe que dependendo de qual caverna você está metade do seu HP derrete. 
 A música... ah... a música, simplesmente magnifica, quem discorda claramente não têm um sistema auditivo desenvolvido o suficiente para ler a bela melodia.
 A Lore é trilhada e criada por ti mesmo, tu escolhes o que vais fazer, pois existem 6 candidatos de cada sexo que você pode namorar e casar o que leva a diversos finais, além de tudo a cada determinado ponto de amizade que você consegue com um morador surge uma cutscene, que aprofunda o seu conhecimento sobre aquele personagem. (Menos a Haley)
 Agora vou falar de uma parte extremamente importante, se poderá rodar em uma torradeira ou se é exclusivo para geladeiras da Samsung de ultima geração... por incrível que pareça o jogo é extremamente leve, assim entregando uma experiência épica sem ser necessário uma bela Geladeira da Samsung de nova Geração, mas sim, apenas de uma batata, ou laranja, se você preferir.


(Se eu fui útil ou engraçado, que acho difícil, eu ficaria lisonjeado se me entregasse um prémio, sabe como é)",1681238853,1732731439,True,0,0,0.5,0,True,False,False,False
179940779,"{'steamid': '76561198369817095', 'num_games_owned': 124, 'num_reviews': 8, 'playtime_forever': 21898, 'playtime_last_two_weeks': 0, 'playtime_at_review': 21692, 'last_played': 1755098439}",portuguese,🫶🫶🫶🫶,1732731393,1732731393,True,1,0,0.523809552192687988,0,True,False,False,False
150805376,"{'steamid': '76561198964915903', 'num_games_owned': 547, 'num_reviews': 5, 'playtime_forever': 36232, 'playtime_last_two_weeks': 0, 'playtime_at_review': 33548, 'last_played': 1751217562}",portuguese,"Jogo relaxante e com infinitas hora de gameplay, e quando enjoar é só colocar mods  e temos mais muitas horas pela frente",1700620560,1732731251,True,0,0,0.5,0,True,False,False,False
152424926,"{'steamid': '76561198438658586', 'num_games_owned': 73, 'num_reviews': 1, 'playtime_forever': 4051, 'playtime_last_two_weeks': 0, 'playtime_at_review': 4051, 'last_played': 1732730415}",portuguese,Simulador do Alentejo,1701184235,1732730358,True,0,0,0.5,0,True,False,False,False
170840601,"{'steamid': '76561199529987894', 'num_games_owned': 0, 'num_reviews': 6, 'playtime_forever': 18297, 'playtime_last_two_weeks': 0, 'playtime_at_review': 17469, 'last_played': 1750283374}",portuguese,"melhor jogo q joguei de sempre, estas foram as melhores 290 horas da minha vida recomendo para qualquer pessoa.",1722038093,1732729559,True,3,1,0.565217375755310059,0,True,False,False,False
155661620,"{'steamid': '76561198996160662', 'num_games_owned': 116, 'num_reviews': 6, 'playtime_forever': 9486, 'playtime_last_two_weeks': 0, 'playtime_at_review': 9106, 'last_played': 1753402032}",portuguese,fazenda bom,1704852586,1732729207,True,0,1,0.5,0,True,False,False,False
179809898,"{'steamid': '76561199202648172', 'num_games_owned': 35, 'num_reviews': 2, 'playtime_forever': 758, 'playtime_last_two_weeks': 0, 'playtime_at_review': 8, 'last_played': 1752184134}",portuguese,eu quero mulher casadaaaaaaa,1732565947,1732565947,True,2,0,0.545454561710357666,0,True,False,False,False
179440145,"{'steamid': '76561198993501561', 'num_games_owned': 0, 'num_reviews': 1, 'playtime_forever': 4682, 'playtime_last_two_weeks': 0, 'playtime_at_review': 4144, 'last_played': 1747580995}",portuguese,É bem doce,1732123817,1732123817,True,0,0,0.5,0,True,False,False,False
179386483,"{'steamid': '76561199413321752', 'num_games_owned': 14, 'num_reviews': 2, 'playtime_forever': 9106, 'playtime_last_two_weeks': 0, 'playtime_at_review': 4194, 'last_played': 1760032376}",portuguese,"você perde sua vida social, mas recomendo.",1732046672,1732046672,True,0,0,0.5,0,True,False,False,False
179275326,"{'steamid': '76561199274365657', 'num_games_owned': 0, 'num_reviews': 1, 'playtime_forever': 3581, 'playtime_last_two_weeks': 0, 'playtime_at_review': 2717, 'last_played': 1757902439}",portuguese," esse jogo  esta me tirando noites de sono

10/10",1731894560,1731894560,True,0,0,0.5,0,True,True,False,False
150791868,"{'steamid': '76561199540187298', 'num_games_owned': 21, 'num_reviews': 1, 'playtime_forever': 11338, 'playtime_last_two_weeks': 0, 'playtime_at_review': 8895, 'last_played': 1747349526}",portuguese,pescar devia ser crime,1700617880,1731891698,True,0,0,0.5,0,True,False,False,False
179223408,"{'steamid': '76561199124095426', 'num_games_owned': 0, 'num_reviews': 2, 'playtime_forever': 7449, 'playtime_last_two_weeks': 0, 'playtime_at_review': 2308, 'last_played': 1755527770}",portuguese,"I pirated this game but it was so good I needed to buy it, that should tell you how good the game is",1731840349,1731840349,True,1,0,0.523809552192687988,0,True,False,False,False
179092004,"{'steamid': '76561198318333136', 'num_games_owned': 0, 'num_reviews': 30, 'playtime_forever': 7587, 'playtime_last_two_weeks': 174, 'playtime_at_review': 6776, 'last_played': 1762217838}",portuguese,"Um dos jogos mais legais q ja joguei, embora seja com graficos simples, tem uma historia legal, personagens bons e jogabilidades legal, ta no meu top 10 jogos sem duvidas. 10/10",1731706582,1731706582,True,1,0,0.5,0,True,False,False,False
178654388,"{'steamid': '76561199306784597', 'num_games_owned': 0, 'num_reviews': 1, 'playtime_forever': 855, 'playtime_last_two_weeks': 0, 'playtime_at_review': 666, 'last_played': 1744999623}",portuguese,Best chill game in the world,1731116958,1731116958,True,0,0,0.5,0,True,False,False,False
178590648,"{'steamid': '76561198145378948', 'num_games_owned': 0, 'num_reviews': 7, 'playtime_forever': 6619, 'playtime_last_two_weeks': 0, 'playtime_at_review': 6023, 'last_played': 1751353822}",portuguese,"Perfect chill game for Lazy nights. Perfect with friends. Perfect Single player.
Dunno what to say more 10/10",1731026216,1731026216,True,0,0,0.5,0,True,False,False,False
178337335,"{'steamid': '76561199467753438', 'num_games_owned': 0, 'num_reviews': 7, 'playtime_forever': 5089, 'playtime_last_two_weeks': 0, 'playtime_at_review': 4304, 'last_played': 1743353924}",portuguese,"Simplesmente melhor jogo de fazenda, artes lindas pra crl, 300 mil vezes melhor que vida real principalmente se for jogado com música, o jogo é 99,9% perfeito, tem mineração, tem plantação, tem luta, tem minigames, tem cavalo, tem história de pescadores, SIMPLESMENTE PERFEITO, fui uma pessoa bem melhor dps de comprar este jogo, única coisa que reclamo desse jogo é que não dá pra namorar casadas, facilmente namoraria a Robin mas a Leah tbm serve vai.


joja vtmnc.",1730661319,1730661319,True,0,0,0.5,0,True,False,False,False
177799896,"{'steamid': '76561199201197998', 'num_games_owned': 0, 'num_reviews': 1, 'playtime_forever': 45094, 'playtime_last_two_weeks': 0, 'playtime_at_review': 42846, 'last_played': 1740846922}",portuguese,"Muito bom, como adoro jogos de fazenda para mim é maravilhoso!",1729971208,1729971208,True,0,0,0.5,0,True,True,False,False
177550046,"{'steamid': '76561199465852289', 'num_games_owned': 0, 'num_reviews': 9, 'playtime_forever': 883, 'playtime_last_two_weeks': 0, 'playtime_at_review': 305, 'last_played': 1758908846}",portuguese,é muito bom,1729632130,1729632130,True,0,0,0.5,0,True,False,False,False
177530334,"{'steamid': '76561199159127783', 'num_games_owned': 0, 'num_reviews': 5, 'playtime_forever': 33383, 'playtime_last_two_weeks': 0, 'playtime_at_review': 17568, 'last_played': 1753557688}",portuguese,"My favorite game of all times.
",1729611711,1729611711,True,0,0,0.5,0,True,False,False,False
177435857,"{'steamid': '76561198430158103', 'num_games_owned': 22, 'num_reviews': 4, 'playtime_forever': 11392, 'playtime_last_two_weeks': 1047, 'playtime_at_review': 9447, 'last_played': 1762199099}",portuguese,Não da pra casar com a Robin,1729464910,1729464910,True,0,0,0.5,0,True,False,False,False
177431989,"{'steamid': '76561199496417039', 'num_games_owned': 0, 'num_reviews': 1, 'playtime_forever': 2353, 'playtime_last_two_weeks': 0, 'playtime_at_review': 1128, 'last_played': 1735402294}",portuguese,"AMEI, MELHOR COMPRA DA MINHA VIDA
WORTH EVERY PENNY",1729459417,1729459417,True,0,1,0.5,0,True,False,False,False
177403908,"{'steamid': '76561199678222233', 'num_games_owned': 0, 'num_reviews': 1, 'playtime_forever': 4877, 'playtime_last_two_weeks': 1083, 'playtime_at_review': 720, 'last_played': 1762103815}",portuguese,Amo Farmsssss,1729430764,1729430764,True,0,0,0.5,0,True,False,False,False
177269636,"{'steamid': '76561199172691008', 'num_games_owned': 0, 'num_reviews': 5, 'playtime_forever': 3800, 'playtime_last_two_weeks': 0, 'playtime_at_review': 684, 'last_played': 1760719641}",portuguese,FANTASTIC,1729259925,1729259925,True,0,0,0.5,0,True,False,False,False
177056494,"{'steamid': '76561199574108910', 'num_games_owned': 18, 'num_reviews': 15, 'playtime_forever': 794, 'playtime_last_two_weeks': 0, 'playtime_at_review': 794, 'last_played': 1715738880}",portuguese,"fiquei pescando durante 13 horas, adorei",1728934005,1728934005,True,0,0,0.5,0,True,False,False,False
177008204,"{'steamid': '76561199511313734', 'num_games_owned': 10, 'num_reviews': 1, 'playtime_forever': 2936, 'playtime_last_two_weeks': 0, 'playtime_at_review': 411, 'last_played': 1731859858}",portuguese,"Muito Bom, Recomendo-",1728864490,1728864490,True,0,0,0.5,0,True,False,False,False
176977280,"{'steamid': '76561199027803184', 'num_games_owned': 0, 'num_reviews': 3, 'playtime_forever': 1669, 'playtime_last_two_weeks': 0, 'playtime_at_review': 1298, 'last_played': 1757282621}",portuguese,Muito bom podia ter DLC,1728832478,1728832478,True,0,0,0.5,0,True,False,False,False
176941419,"{'steamid': '76561199446583151', 'num_games_owned': 0, 'num_reviews': 3, 'playtime_forever': 14982, 'playtime_last_two_weeks': 0, 'playtime_at_review': 10526, 'last_played': 1746309798}",portuguese,"Stardew Valley é um dos jogos mais cativantes e bem-sucedidos dos últimos anos, especialmente no gênero dos simuladores de fazenda. Um dos principais motivos de sua popularidade está na sua capacidade de oferecer uma experiência imersiva e relaxante, combinando aspectos de administração de uma fazenda com interações sociais e exploração. Ao iniciar o jogo, o jogador herda uma fazenda abandonada e, a partir daí, tem a liberdade de moldá-la ao seu gosto, cultivando plantas, criando animais, minerando, pescando e se relacionando com os moradores da vila.

Uma das qualidades mais notáveis de Stardew Valley é a flexibilidade que oferece. Diferente de outros jogos, onde há uma pressão constante para atingir metas, aqui o jogador pode avançar no seu próprio ritmo. Seja dedicando-se a tornar a fazenda lucrativa, explorando as minas em busca de recursos, ou simplesmente passando o tempo conhecendo os habitantes locais, não há uma única maneira ""correta"" de jogar. Isso torna o jogo acessível para diferentes tipos de jogadores, desde os que preferem uma abordagem mais estratégica até aqueles que buscam apenas relaxar e desfrutar da tranquilidade do ambiente rural.

Outro ponto positivo é o aspecto social do jogo. A pequena vila de Pelican Town é repleta de personagens únicos, cada um com sua própria história, personalidade e rotinas diárias. Interagir com esses personagens adiciona profundidade à experiência de jogo, criando laços afetivos entre o jogador e os moradores. A possibilidade de formar amizades, relacionamentos românticos e até se casar com um dos habitantes traz uma camada adicional de envolvimento emocional, o que é raro em jogos desse estilo.

Além disso, Stardew Valley oferece uma sensação de progresso constante. Com o passar das estações, o jogador desbloqueia novos cultivos, eventos e até mesmo áreas a serem exploradas. O ciclo de crescimento das plantações, combinado com as mudanças sazonais e as festividades da vila, mantém o jogador engajado e sempre ansioso pelo que virá a seguir. Esse ciclo também é reforçado pelo sistema de recompensas, que incentiva o jogador a completar tarefas e atingir metas pessoais, sem, no entanto, ser punitivo.

Outro ponto importante é a estética do jogo. O visual em pixel art, apesar de simples, é incrivelmente detalhado e colorido, transmitindo uma sensação de nostalgia para aqueles que jogaram clássicos dos videogames. A trilha sonora suave e calmante complementa perfeitamente o ambiente relaxante, tornando a experiência ainda mais agradável. A combinação desses elementos cria uma atmosfera aconchegante e acolhedora, ideal para quem busca uma fuga do ritmo acelerado da vida real.

Por fim, Stardew Valley também tem um apelo especial por ser uma obra de um único desenvolvedor, Eric Barone. O fato de que o jogo foi inteiramente criado por uma única pessoa impressiona e reforça o valor da dedicação e do trabalho árduo. Barone não apenas desenvolveu o jogo, mas continua a atualizá-lo, adicionando novos conteúdos e melhorias, o que mantém a comunidade de jogadores engajada.

Em resumo, Stardew Valley é mais do que um simples simulador de fazenda; é uma experiência rica, relaxante e envolvente. A combinação de liberdade de escolha, interação social, progresso constante e estética agradável faz dele uma escolha excelente tanto para jogadores casuais quanto para aqueles que buscam algo mais profundo e imersivo.

100% chatgpt",1728791073,1728791073,True,0,0,0.5,0,True,False,False,False
176891275,"{'steamid': '76561198862586592', 'num_games_owned': 0, 'num_reviews': 1, 'playtime_forever': 22524, 'playtime_last_two_weeks': 0, 'playtime_at_review': 1967, 'last_played': 1744989400}",portuguese,Jogo que dá para acalamar,1728738085,1728738085,True,0,0,0.5,0,True,False,False,False
176772648,"{'steamid': '76561199091745980', 'num_games_owned': 0, 'num_reviews': 2, 'playtime_forever': 4899, 'playtime_last_two_weeks': 0, 'playtime_at_review': 493, 'last_played': 1759874795}",portuguese,Otimo para passar o tempo e ficar de boa,1728585084,1728585084,True,0,0,0.5,0,True,False,False,False
176745274,"{'steamid': '76561198850295849', 'num_games_owned': 47, 'num_reviews': 3, 'playtime_forever': 6580, 'playtime_last_two_weeks': 17, 'playtime_at_review': 5838, 'last_played': 1761745124}",portuguese,"Ihhh...
Imaculada senhora dos pastéis
Faz com que o vinho não se acabe nos tunéis
E que água ardente seja cada vez mais forte
Juro e jurarei beberei até à morte
Quando eu morrer não quero choros nem gritos
Ao pé de mim quero cinco, cinco litros
Vai, vai acima, vai acima e vai abaixo
Vai, vai ao centro...
Vai ao centro e bota abaixo",1728551471,1728551471,True,1,1,0.523809552192687988,0,True,False,False,False
85228042,"{'steamid': '76561199125398734', 'num_games_owned': 0, 'num_reviews': 4, 'playtime_forever': 12045, 'playtime_last_two_weeks': 0, 'playtime_at_review': 11415, 'last_played': 1757118102}",portuguese,"O jogo é bem bom no geral.caso você tenha tido um dia ruim esse jogo é um calmante,mas se você for pegar pra zerar completamente alguns objetivos podem ser meio confusos e uma hora o jogo fica bem repetitivo.é um otimo jogo com otimos personagens e uma trilha sonora bem legalzinha e eu recomendo bastante.",1611437652,1728517880,True,0,0,0.5,0,True,False,False,False
176694947,"{'steamid': '76561199489572434', 'num_games_owned': 0, 'num_reviews': 1, 'playtime_forever': 42310, 'playtime_last_two_weeks': 701, 'playtime_at_review': 20858, 'last_played': 1762187828}",portuguese,很好的农民模拟器使我的三倍浓缩咖啡旋转，喜欢沙盒经营类可无脑冲,1728481234,1728481234,True,0,0,0.5,0,True,False,False,False
176656089,"{'steamid': '76561198132827887', 'num_games_owned': 57, 'num_reviews': 7, 'playtime_forever': 8290, 'playtime_last_two_weeks': 0, 'playtime_at_review': 7183, 'last_played': 1749039233}",portuguese,"Stardew Valley is my comfort game. I love everything—farming, fishing, or talking to the villagers. It’s such a relaxing experience, and I always come back when I need a break. There’s something so peaceful about the game that it’s the perfect escape when I need a break. 10/10",1728420275,1728420275,True,0,0,0.5,0,True,False,False,False
176598435,"{'steamid': '76561199046767017', 'num_games_owned': 30, 'num_reviews': 1, 'playtime_forever': 524, 'playtime_last_two_weeks': 0, 'playtime_at_review': 121, 'last_played': 1734810693}",portuguese,"Very relaxing game, not a single miss from the soundtrack to the actual gameplay. The characters are insteresting and likeable, not to mention how pleasant the scenario is. A perfect cozy game to play with friends, really enjoy playing it with gumie, we made a lot of memories in it! And many more to come :)",1728349288,1728349288,True,1,0,0.523809552192687988,0,True,False,False,False
176536196,"{'steamid': '76561199493667393', 'num_games_owned': 8, 'num_reviews': 4, 'playtime_forever': 492, 'playtime_last_two_weeks': 0, 'playtime_at_review': 453, 'last_played': 1736428534}",portuguese,"é massinha
",1728265721,1728265721,True,0,0,0.5,0,True,False,False,False
176531291,"{'steamid': '76561198122352127', 'num_games_owned': 0, 'num_reviews': 38, 'playtime_forever': 4956, 'playtime_last_two_weeks': 0, 'playtime_at_review': 3857, 'last_played': 1728690728}",portuguese,RELAXANTE,1728258380,1728258380,True,0,0,0.5,0,True,False,False,False
176520801,"{'steamid': '76561199103879835', 'num_games_owned': 13, 'num_reviews': 7, 'playtime_forever': 3152, 'playtime_last_two_weeks': 0, 'playtime_at_review': 3152, 'last_played': 1727338622}",portuguese,i have touched more grass here then in real life,1728245610,1728245610,True,0,0,0.5,0,True,False,False,False
139155561,"{'steamid': '76561199149274075', 'num_games_owned': 56, 'num_reviews': 5, 'playtime_forever': 2771, 'playtime_last_two_weeks': 0, 'playtime_at_review': 2581, 'last_played': 1757205546}",portuguese,É perfeito.,1685281936,1728153074,True,0,0,0.5,0,True,False,False,False
176321372,"{'steamid': '76561199657131109', 'num_games_owned': 0, 'num_reviews': 1, 'playtime_forever': 4641, 'playtime_last_two_weeks': 134, 'playtime_at_review': 2685, 'last_played': 1761266628}",portuguese,Joguinho muito relaxante e divertido.,1728005016,1728005016,True,0,0,0.5,0,True,False,False,False
176283514,"{'steamid': '76561198991697373', 'num_games_owned': 27, 'num_reviews': 2, 'playtime_forever': 4372, 'playtime_last_two_weeks': 13, 'playtime_at_review': 3425, 'last_played': 1761156314}",portuguese,"meu único objetivo no jogo era pegar mulher casada, porra lek não dá.",1727959798,1727959798,True,2,0,0.545454561710357666,0,True,False,False,False
176088790,"{'steamid': '76561198012509756', 'num_games_owned': 0, 'num_reviews': 1, 'playtime_forever': 7150, 'playtime_last_two_weeks': 0, 'playtime_at_review': 1969, 'last_played': 1759332638}",portuguese,Muito chill. Sempre tem coisas novas para fazer e aprender c:,1727701816,1727701816,True,0,0,0.5,0,True,False,False,False
175590306,"{'steamid': '76561199004798218', 'num_games_owned': 0, 'num_reviews': 1, 'playtime_forever': 15586, 'playtime_last_two_weeks': 0, 'playtime_at_review': 7074, 'last_played': 1739912243}",portuguese,"Esse jogo me lembrou muito o Havest moon que marcou muito pra mim, claro que ainda melhor e por existir a possibilidade de jogar online com os amigos é perfeito!!!",1727065971,1727065971,True,0,0,0.5,0,True,False,False,False
175568765,"{'steamid': '76561199207203931', 'num_games_owned': 27, 'num_reviews': 11, 'playtime_forever': 9437, 'playtime_last_two_weeks': 0, 'playtime_at_review': 4703, 'last_played': 1752957622}",portuguese,ficou rico = completou o jogo,1727035776,1727035776,True,0,0,0.5,0,True,False,False,False
175567109,"{'steamid': '76561198178336262', 'num_games_owned': 0, 'num_reviews': 5, 'playtime_forever': 3027, 'playtime_last_two_weeks': 0, 'playtime_at_review': 2618, 'last_played': 1735658894}",portuguese,"Super relaxante, perco várias horas jogando",1727034100,1727034100,True,0,0,0.5,0,True,False,False,False
175418112,"{'steamid': '76561199526346589', 'num_games_owned': 0, 'num_reviews': 2, 'playtime_forever': 2451, 'playtime_last_two_weeks': 0, 'playtime_at_review': 2191, 'last_played': 1745522550}",portuguese,"mt bom o jogo, paraboes criadores",1726884765,1726884765,True,0,0,0.5,0,True,False,False,False
175291624,"{'steamid': '76561198401956300', 'num_games_owned': 39, 'num_reviews': 18, 'playtime_forever': 5898, 'playtime_last_two_weeks': 0, 'playtime_at_review': 5462, 'last_played': 1732434618}",portuguese,te amo sebastian,1726735659,1726735659,True,0,0,0.5,0,True,False,False,False
175269663,"{'steamid': '76561198849032287', 'num_games_owned': 0, 'num_reviews': 22, 'playtime_forever': 79304, 'playtime_last_two_weeks': 0, 'playtime_at_review': 59482, 'last_played': 1757389723}",portuguese,Muito bom,1726698758,1726698758,True,0,0,0.5,0,True,False,False,False
175191427,"{'steamid': '76561199109626981', 'num_games_owned': 17, 'num_reviews': 8, 'playtime_forever': 2154, 'playtime_last_two_weeks': 0, 'playtime_at_review': 1785, 'last_played': 1728207190}",portuguese,very goog,1726595501,1726595501,True,0,0,0.5,0,True,False,False,False
175085257,"{'steamid': '76561199778677514', 'num_games_owned': 0, 'num_reviews': 1, 'playtime_forever': 7093, 'playtime_last_two_weeks': 0, 'playtime_at_review': 505, 'last_played': 1736248125}",portuguese,Muito bom mano,1726477048,1726477048,True,0,0,0.5,0,True,False,False,False
174972720,"{'steamid': '76561199121566386', 'num_games_owned': 0, 'num_reviews': 1, 'playtime_forever': 3302, 'playtime_last_two_weeks': 0, 'playtime_at_review': 854, 'last_played': 1758502657}",portuguese,BUE BOM,1726351468,1726351468,True,0,0,0.5,0,True,False,False,False
174834721,"{'steamid': '76561199231924989', 'num_games_owned': 60, 'num_reviews': 6, 'playtime_forever': 30010, 'playtime_last_two_weeks': 0, 'playtime_at_review': 22541, 'last_played': 1756008485}",portuguese,tem maconha,1726192676,1726192676,True,2,0,0.545454561710357666,0,True,False,False,False
174800408,"{'steamid': '76561199278714019', 'num_games_owned': 3, 'num_reviews': 1, 'playtime_forever': 13593, 'playtime_last_two_weeks': 0, 'playtime_at_review': 462, 'last_played': 1757805023}",portuguese,muito bom!!!,1726151801,1726151801,True,0,0,0.5,0,True,False,False,False
174793015,"{'steamid': '76561199275144482', 'num_games_owned': 0, 'num_reviews': 1, 'playtime_forever': 3621, 'playtime_last_two_weeks': 0, 'playtime_at_review': 243, 'last_played': 1753710921}",portuguese,"muito relaxante,boa historia,fácil de compreender como se joga e é muito divertido",1726144702,1726144702,True,0,0,0.5,0,True,False,False,False
174694169,"{'steamid': '76561199099068968', 'num_games_owned': 0, 'num_reviews': 6, 'playtime_forever': 10825, 'playtime_last_two_weeks': 0, 'playtime_at_review': 1376, 'last_played': 1759536656}",portuguese,Empolgante!,1726004129,1726004129,True,0,0,0.5,0,True,False,False,False
173667538,"{'steamid': '76561199063640093', 'num_games_owned': 0, 'num_reviews': 9, 'playtime_forever': 3591, 'playtime_last_two_weeks': 0, 'playtime_at_review': 1084, 'last_played': 1758058972}",portuguese,"One of the best cozy and farm game I played in my life, I recomend playing with someone. 5 stars.",1724890875,1725926563,True,0,0,0.5,0,True,False,False,False
174563287,"{'steamid': '76561199189023073', 'num_games_owned': 0, 'num_reviews': 1, 'playtime_forever': 578, 'playtime_last_two_weeks': 0, 'playtime_at_review': 568, 'last_played': 1738970251}",portuguese,"muito fixe
",1725837312,1725837312,True,0,0,0.5,0,True,False,False,False
174543295,"{'steamid': '76561199181266852', 'num_games_owned': 0, 'num_reviews': 2, 'playtime_forever': 52664, 'playtime_last_two_weeks': 1551, 'playtime_at_review': 29983, 'last_played': 1762211632}",portuguese,the bestest,1725815816,1725815816,True,1,0,0.523809552192687988,0,True,False,False,False
174540906,"{'steamid': '76561198142338562', 'num_games_owned': 0, 'num_reviews': 5, 'playtime_forever': 1047, 'playtime_last_two_weeks': 1, 'playtime_at_review': 902, 'last_played': 1761582111}",portuguese,"The best cozy game ever. Since the graphics, sound track and back story.",1725813794,1725813794,True,0,0,0.5,0,True,False,False,False
174480744,"{'steamid': '76561198105172164', 'num_games_owned': 0, 'num_reviews': 1, 'playtime_forever': 13826, 'playtime_last_two_weeks': 0, 'playtime_at_review': 7237, 'last_played': 1752156311}",portuguese,"I can't seem to get bored of this game! Cozy, exciting, calm, full of mystery and regular days, to me it truly scratches the itch of feeling I have my shit together. My favourite game right now (and probably forever)",1725752442,1725752442,True,0,0,0.5,0,True,False,False,False
174390583,"{'steamid': '76561199523343473', 'num_games_owned': 0, 'num_reviews': 1, 'playtime_forever': 12625, 'playtime_last_two_weeks': 0, 'playtime_at_review': 2137, 'last_played': 1759513828}",portuguese,"Além de ser um jogo incrível, e´meu jogo favorito. Se for tua primeira vez ou uma das primeiras vezes jogando, você vai adorar e vai jogar muito, mas, agora, se você já jogou varias vezes antes e é um pro-player nesse jogo, você vai enjoar até que rápido. Mesmo assim, continuo jogando e continua sendo meu jogo favorito. Me desculpem meus erros de português!",1725659589,1725659589,True,0,0,0.5,0,True,False,False,False
174223595,"{'steamid': '76561197997718484', 'num_games_owned': 981, 'num_reviews': 45, 'playtime_forever': 4970, 'playtime_last_two_weeks': 0, 'playtime_at_review': 833, 'last_played': 1738718165}",portuguese,"Jogo bem mais divertido do que parece! 
Vale muito a pena , com amigos ainda é mais engraçado!
",1725470984,1725470984,True,0,0,0.5,0,True,False,False,False
174000594,"{'steamid': '76561198752104547', 'num_games_owned': 13, 'num_reviews': 9, 'playtime_forever': 19680, 'playtime_last_two_weeks': 288, 'playtime_at_review': 5121, 'last_played': 1762125740}",portuguese,Yes,1725206832,1725206832,True,0,0,0.5,0,True,False,False,False
173845495,"{'steamid': '76561199197614848', 'num_games_owned': 0, 'num_reviews': 8, 'playtime_forever': 2403, 'playtime_last_two_weeks': 0, 'playtime_at_review': 1058, 'last_played': 1748981372}",portuguese,jogo pica,1725059290,1725059290,True,0,0,0.5,0,True,False,False,False
173577404,"{'steamid': '76561198080510137', 'num_games_owned': 27, 'num_reviews': 3, 'playtime_forever': 4681, 'playtime_last_two_weeks': 0, 'playtime_at_review': 4452, 'last_played': 1724817777}",portuguese,Good,1724801474,1724801474,True,0,0,0.5,0,True,False,False,False
173570389,"{'steamid': '76561199130613871', 'num_games_owned': 31, 'num_reviews': 2, 'playtime_forever': 15137, 'playtime_last_two_weeks': 0, 'playtime_at_review': 10046, 'last_played': 1756351884}",portuguese,jogo muito bom,1724792547,1724792547,True,1,0,0.523809552192687988,0,True,False,False,False
173565544,"{'steamid': '76561199179426480', 'num_games_owned': 0, 'num_reviews': 2, 'playtime_forever': 2460, 'playtime_last_two_weeks': 0, 'playtime_at_review': 452, 'last_played': 1752103092}",portuguese,amei 😞,1724787623,1724787623,True,0,0,0.5,0,True,False,False,False
173270652,"{'steamid': '76561199588023749', 'num_games_owned': 0, 'num_reviews': 16, 'playtime_forever': 4894, 'playtime_last_two_weeks': 102, 'playtime_at_review': 3854, 'last_played': 1761613060}",portuguese,"carambolas=milhoes de carambolas=comprar um pirulito la na venda
fruta antiga= geleia riqueza
porcos=trufa=dinheiro",1724538226,1724538226,True,1,0,0.52173912525177002,0,True,False,False,False
173268606,"{'steamid': '76561199261578404', 'num_games_owned': 0, 'num_reviews': 14, 'playtime_forever': 255, 'playtime_last_two_weeks': 0, 'playtime_at_review': 69, 'last_played': 1741038527}",portuguese,w game but,1724536026,1724536026,True,0,0,0.5,0,True,False,False,False
173024649,"{'steamid': '76561198873752379', 'num_games_owned': 0, 'num_reviews': 2, 'playtime_forever': 150, 'playtime_last_two_weeks': 0, 'playtime_at_review': 5, 'last_played': 1759700645}",portuguese,muito bom 👍,1724360679,1724360679,True,0,0,0.5,0,True,False,False,False
173023800,"{'steamid': '76561199150842176', 'num_games_owned': 0, 'num_reviews': 1, 'playtime_forever': 10381, 'playtime_last_two_weeks': 0, 'playtime_at_review': 5956, 'last_played': 1749406706}",portuguese,"Um jogo intenso que nunca mais acalma, nunca fica aborrecido! Adoro
",1724359850,1724359850,True,0,0,0.5,0,True,False,False,False
172986917,"{'steamid': '76561198299529604', 'num_games_owned': 0, 'num_reviews': 1, 'playtime_forever': 24515, 'playtime_last_two_weeks': 0, 'playtime_at_review': 21627, 'last_played': 1725278940}",portuguese,Um jogo para descomprimir nos dias mais complicados.,1724338208,1724338208,True,0,0,0.5,0,True,False,False,False
172867679,"{'steamid': '76561199199790159', 'num_games_owned': 0, 'num_reviews': 2, 'playtime_forever': 9724, 'playtime_last_two_weeks': 60, 'playtime_at_review': 592, 'last_played': 1761022712}",portuguese,maravilha,1724260842,1724260842,True,0,0,0.5,0,True,False,False,False
172491979,"{'steamid': '76561199239730825', 'num_games_owned': 0, 'num_reviews': 1, 'playtime_forever': 12881, 'playtime_last_two_weeks': 0, 'playtime_at_review': 12284, 'last_played': 1735144108}",portuguese,muito bom :),1724116793,1724116793,True,0,0,0.5,0,True,False,False,False
172489755,"{'steamid': '76561199079137894', 'num_games_owned': 49, 'num_reviews': 4, 'playtime_forever': 12749, 'playtime_last_two_weeks': 0, 'playtime_at_review': 10835, 'last_played': 1752413039}",portuguese,👍,1724113391,1724113391,True,0,0,0.5,0,True,False,False,False
172418714,"{'steamid': '76561198340950538', 'num_games_owned': 69, 'num_reviews': 2, 'playtime_forever': 3570, 'playtime_last_two_weeks': 0, 'playtime_at_review': 3489, 'last_played': 1746027644}",portuguese,"Estava cansado da vida rotineira da cidade grande, aquele trabalho já não me satisfazia mais e vivia meus dias apenas para lucrar e não dava certo. Decidi, então, largar tudo que eu conhecia e visitar a aldeia pelicanos, onde meu querido vózinho residiu por muitos anos antes de sua morte, chegando lá, descobri as maravilhas de uma vida tranquila e pacifica, onde conheci muitas pessoas divertidas, ta certo que algumas delas perdiam seus shorts e outras perdiam seus machados, mas eu encontrei uma vida que pude finalmente me orgulhar.",1724017217,1724017217,True,3,0,0.541666686534881592,0,True,False,False,False
172347538,"{'steamid': '76561198120032193', 'num_games_owned': 0, 'num_reviews': 1, 'playtime_forever': 31410, 'playtime_last_two_weeks': 0, 'playtime_at_review': 20557, 'last_played': 1760885919}",portuguese,O jogo só não é perfeito porque a Robin e a Caroline são casadas,1723931561,1723931561,True,0,1,0.5,0,True,False,False,False
172315206,"{'steamid': '76561199529195337', 'num_games_owned': 0, 'num_reviews': 5, 'playtime_forever': 3135, 'playtime_last_two_weeks': 0, 'playtime_at_review': 1675, 'last_played': 1756334479}",portuguese,"Jogo muito bem feito, é difícil acreditar que foi feito por só uma pessoa.

10/10",1723898705,1723898705,True,2,1,0.545454561710357666,0,True,False,False,False
172204602,"{'steamid': '76561199034896686', 'num_games_owned': 109, 'num_reviews': 6, 'playtime_forever': 3360, 'playtime_last_two_weeks': 0, 'playtime_at_review': 412, 'last_played': 1742943585}",portuguese,"Very relaxing and fun. The perfect game exists, Ladies Gentleman and fine person.",1723758753,1723758753,True,0,0,0.5,0,True,False,False,False
172117209,"{'steamid': '76561199443301378', 'num_games_owned': 0, 'num_reviews': 1, 'playtime_forever': 1757, 'playtime_last_two_weeks': 0, 'playtime_at_review': 1527, 'last_played': 1759696491}",portuguese,m,1723651559,1723651559,True,0,0,0.5,0,True,False,False,False
172050865,"{'steamid': '76561199544813789', 'num_games_owned': 0, 'num_reviews': 3, 'playtime_forever': 25980, 'playtime_last_two_weeks': 17, 'playtime_at_review': 16029, 'last_played': 1761066405}",portuguese,"lINDO mARAVILHOSO
",1723564924,1723564924,True,0,0,0.5,0,True,True,False,False
171967969,"{'steamid': '76561198313531357', 'num_games_owned': 82, 'num_reviews': 3, 'playtime_forever': 3010, 'playtime_last_two_weeks': 0, 'playtime_at_review': 1646, 'last_played': 1732999930}",portuguese,"aquele jogo para relaxar, não existe pressa nem ninguém te forçando a te fazer o que você não quer",1723472010,1723472010,True,0,0,0.5,0,True,False,False,False
171852922,"{'steamid': '76561198246020436', 'num_games_owned': 40, 'num_reviews': 3, 'playtime_forever': 17676, 'playtime_last_two_weeks': 0, 'playtime_at_review': 16653, 'last_played': 1757971821}",portuguese,"não da pra pegar mulher casada, único erro do jogo é este.",1723323672,1723323672,True,1,0,0.523809552192687988,0,True,False,False,False
171784208,"{'steamid': '76561199230069334', 'num_games_owned': 27, 'num_reviews': 2, 'playtime_forever': 3031, 'playtime_last_two_weeks': 0, 'playtime_at_review': 1736, 'last_played': 1753381225}",portuguese,Eric Barone lysm,1723238919,1723238919,True,0,0,0.5,0,True,False,False,False
171637998,"{'steamid': '76561199489740766', 'num_games_owned': 0, 'num_reviews': 2, 'playtime_forever': 5825, 'playtime_last_two_weeks': 0, 'playtime_at_review': 1120, 'last_played': 1759421926}",portuguese,"Por vezes é um pouco overwhelming por ter tanta coisa para fazer em só um dia, mas é questão de gerir as coisas.
É o tipo de jogo que se perde a jogar <3",1723060685,1723060685,True,1,0,0.523809552192687988,0,True,False,False,False
171562493,"{'steamid': '76561199696219295', 'num_games_owned': 0, 'num_reviews': 1, 'playtime_forever': 26670, 'playtime_last_two_weeks': 1, 'playtime_at_review': 6837, 'last_played': 1761057557}",portuguese,Simplesmente perfeito,1722963461,1722963461,True,0,0,0.5,0,True,True,False,False
171216344,"{'steamid': '76561198085009215', 'num_games_owned': 0, 'num_reviews': 7, 'playtime_forever': 802, 'playtime_last_two_weeks': 0, 'playtime_at_review': 317, 'last_played': 1722977588}",portuguese,Pura nostalgia. Lembro das dezenas de horas que joguei Harvest Moon: Back to the Nature do Playstation 1. Bons tempos.,1722505357,1722505357,True,1,0,0.523809552192687988,0,True,False,False,False
171079318,"{'steamid': '76561199724836328', 'num_games_owned': 0, 'num_reviews': 1, 'playtime_forever': 9222, 'playtime_last_two_weeks': 0, 'playtime_at_review': 5009, 'last_played': 1741842686}",portuguese,"Falta a opção de tornar o linus rico, ou dar uma casa pra ele(cabana), e da Robin e do Demetrius terminarem e a robin se tornar personagem casavél, e adicionar uma nova ilha, a Joja ilha, onde descobrimos o mundo macabro da joja e seu monopolio de grana",1722325311,1722325311,True,0,0,0.5,0,True,False,False,False
171056220,"{'steamid': '76561199036985572', 'num_games_owned': 0, 'num_reviews': 7, 'playtime_forever': 1480, 'playtime_last_two_weeks': 0, 'playtime_at_review': 1451, 'last_played': 1741904977}",portuguese,Fazenda.Muito top sugiro muito para relaxar descansar.Muito poguers!!!!!!!!!!!!!!!!!!!,1722289474,1722289474,True,0,0,0.5,0,True,False,False,False
41818403,"{'steamid': '76561198154004935', 'num_games_owned': 332, 'num_reviews': 12, 'playtime_forever': 12760, 'playtime_last_two_weeks': 0, 'playtime_at_review': 1044, 'last_played': 1722127177}",portuguese,"You can't date the best women because they're all married, but mods fix that so that's a huge W, Haley best girl.",1525294272,1722172171,True,1,0,0.523809552192687988,0,True,False,False,False
170910635,"{'steamid': '76561198116519963', 'num_games_owned': 179, 'num_reviews': 18, 'playtime_forever': 1504, 'playtime_last_two_weeks': 0, 'playtime_at_review': 1139, 'last_played': 1760560500}",portuguese,pretty cool and relaxing game :D,1722113507,1722113507,True,0,0,0.5,0,True,False,False,False
170586500,"{'steamid': '76561198295501341', 'num_games_owned': 0, 'num_reviews': 10, 'playtime_forever': 4153, 'playtime_last_two_weeks': 0, 'playtime_at_review': 439, 'last_played': 1757279150}",portuguese,"I truly cannot recommend you enough to play this game. The game is just amazing to play, both the single and multiplayer. I had previously played in another account. You should really try out this game especially if you want a break from the common games you play. I believe this game is suited for everyone, even tho I found it hard to start playing it at the benning (like for the first 2-4 hours), still, I'm glad I keept playing because this was one of the best games I played since a few years and I cannot describe how relaxing and good experience it was. You will have guaranteed like 100 hours of play in your first save.",1721773255,1721774171,True,0,0,0.5,0,True,False,False,False
170322845,"{'steamid': '76561198069570887', 'num_games_owned': 0, 'num_reviews': 1, 'playtime_forever': 8265, 'playtime_last_two_weeks': 0, 'playtime_at_review': 7756, 'last_played': 1760316644}",portuguese,legal,1721486164,1721486164,True,0,0,0.5,0,True,False,False,False
170108395,"{'steamid': '76561198167259702', 'num_games_owned': 0, 'num_reviews': 1, 'playtime_forever': 956, 'playtime_last_two_weeks': 0, 'playtime_at_review': 395, 'last_played': 1733693764}",portuguese,"MUITO BOM, DIVERSAS ATIVIDADES E MODOS",1721245976,1721245976,True,0,0,0.5,0,True,False,False,False
170006801,"{'steamid': '76561199177950639', 'num_games_owned': 0, 'num_reviews': 1, 'playtime_forever': 8619, 'playtime_last_two_weeks': 0, 'playtime_at_review': 490, 'last_played': 1727636016}",portuguese,"Viciante, divertido, com muitas variedades de missões.",1721143784,1721143784,True,0,0,0.5,0,True,False,False,False
169993262,"{'steamid': '76561198079108905', 'num_games_owned': 0, 'num_reviews': 4, 'playtime_forever': 790, 'playtime_last_two_weeks': 0, 'playtime_at_review': 500, 'last_played': 1721179854}",portuguese,muito bom,1721131355,1721131355,True,0,0,0.5,0,True,False,False,False
157025162,"{'steamid': '76561199582971922', 'num_games_owned': 0, 'num_reviews': 3, 'playtime_forever': 9118, 'playtime_last_two_weeks': 0, 'playtime_at_review': 361, 'last_played': 1750242612}",portuguese,"This game may not be a triple A game but surely for 14$ I enjoyed it more than any other game, best part is that its made by a single person.",1706432432,1721040807,True,1,0,0.523809552192687988,0,True,False,False,False
169819503,"{'steamid': '76561199080026227', 'num_games_owned': 23, 'num_reviews': 6, 'playtime_forever': 4805, 'playtime_last_two_weeks': 0, 'playtime_at_review': 1958, 'last_played': 1756502104}",portuguese,Viciantemente bom!,1720928612,1720928612,True,0,0,0.5,0,True,True,False,False
169802817,"{'steamid': '76561198190186817', 'num_games_owned': 22, 'num_reviews': 4, 'playtime_forever': 6359, 'playtime_last_two_weeks': 0, 'playtime_at_review': 1459, 'last_played': 1747251118}",portuguese,JOGO PERFEITO,1720908167,1720908167,True,0,0,0.5,0,True,False,False,False
169801813,"{'steamid': '76561198844684695', 'num_games_owned': 0, 'num_reviews': 5, 'playtime_forever': 49208, 'playtime_last_two_weeks': 0, 'playtime_at_review': 18048, 'last_played': 1753480435}",portuguese,SEBASTIANNNNNNNNNNNNNNNNNNNNNNNNNNN,1720907136,1720907136,True,0,0,0.5,0,True,False,False,False
169756685,"{'steamid': '76561198044319064', 'num_games_owned': 57, 'num_reviews': 2, 'playtime_forever': 2728, 'playtime_last_two_weeks': 0, 'playtime_at_review': 1580, 'last_played': 1753281519}",portuguese,So much to do. never boring :D,1720866766,1720866766,True,0,0,0.5,0,True,False,False,False
169552774,"{'steamid': '76561199122045588', 'num_games_owned': 31, 'num_reviews': 34, 'playtime_forever': 259, 'playtime_last_two_weeks': 0, 'playtime_at_review': 259, 'last_played': 1700520686}",portuguese,quase adormeci mas curto de pescar e matar bixos,1720660723,1720660723,True,0,0,0.5,0,True,False,False,False
169534867,"{'steamid': '76561198307423657', 'num_games_owned': 96, 'num_reviews': 16, 'playtime_forever': 318, 'playtime_last_two_weeks': 0, 'playtime_at_review': 199, 'last_played': 1731865782}",portuguese,Muito bom,1720642557,1720642557,True,0,0,0.5,0,True,False,False,False
169529017,"{'steamid': '76561198166816283', 'num_games_owned': 94, 'num_reviews': 2, 'playtime_forever': 4074, 'playtime_last_two_weeks': 0, 'playtime_at_review': 3488, 'last_played': 1757029825}",portuguese,"perfect, to the most minute detail",1720637553,1720637553,True,0,0,0.5,0,True,False,False,False
169355004,"{'steamid': '76561199210102633', 'num_games_owned': 0, 'num_reviews': 3, 'playtime_forever': 3525, 'playtime_last_two_weeks': 0, 'playtime_at_review': 703, 'last_played': 1747254233}",portuguese,"muito fiche
",1720466683,1720466683,True,1,1,0.523809552192687988,0,True,False,False,False
169341828,"{'steamid': '76561198953542476', 'num_games_owned': 0, 'num_reviews': 5, 'playtime_forever': 13221, 'playtime_last_two_weeks': 0, 'playtime_at_review': 12990, 'last_played': 1720557121}",portuguese,bom,1720455543,1720455543,True,0,0,0.5,0,True,False,False,False
169331744,"{'steamid': '76561199380380830', 'num_games_owned': 9, 'num_reviews': 8, 'playtime_forever': 8881, 'playtime_last_two_weeks': 0, 'playtime_at_review': 2671, 'last_played': 1754151864}",portuguese,Incraibel,1720447197,1720447197,True,0,0,0.5,0,True,False,False,False
169284378,"{'steamid': '76561198807857707', 'num_games_owned': 0, 'num_reviews': 3, 'playtime_forever': 1570, 'playtime_last_two_weeks': 0, 'playtime_at_review': 767, 'last_played': 1756766072}",portuguese,goated,1720392572,1720392572,True,0,0,0.5,0,True,False,False,False
169271649,"{'steamid': '76561199008189495', 'num_games_owned': 0, 'num_reviews': 10, 'playtime_forever': 1726, 'playtime_last_two_weeks': 0, 'playtime_at_review': 234, 'last_played': 1760986257}",portuguese,.,1720381471,1720381471,True,0,0,0.5,0,True,False,False,False
169188597,"{'steamid': '76561199078251737', 'num_games_owned': 0, 'num_reviews': 9, 'playtime_forever': 23628, 'playtime_last_two_weeks': 0, 'playtime_at_review': 6784, 'last_played': 1731271678}",portuguese,"É bonzinho e tem bastante coisa pra fazer. ( fiquei muito viciado, cuidado! )",1720309033,1720309033,True,0,0,0.5,0,True,False,False,False
169103019,"{'steamid': '76561198913735447', 'num_games_owned': 0, 'num_reviews': 13, 'playtime_forever': 2534, 'playtime_last_two_weeks': 0, 'playtime_at_review': 2171, 'last_played': 1759384421}",portuguese,simplesmente o melhor jogo,1720226854,1720226854,True,0,0,0.5,0,True,False,False,False
169091654,"{'steamid': '76561199480559537', 'num_games_owned': 130, 'num_reviews': 7, 'playtime_forever': 14230, 'playtime_last_two_weeks': 0, 'playtime_at_review': 320, 'last_played': 1758650231}",portuguese,ser fazendeiro é bom demais uai!,1720214611,1720214611,True,0,0,0.5,0,True,False,False,False
168915249,"{'steamid': '76561199083721725', 'num_games_owned': 0, 'num_reviews': 3, 'playtime_forever': 3415, 'playtime_last_two_weeks': 0, 'playtime_at_review': 1643, 'last_played': 1747502863}",portuguese,Excelente jogo!,1720039462,1720039462,True,0,0,0.5,0,True,False,False,False
168736894,"{'steamid': '76561199170290437', 'num_games_owned': 0, 'num_reviews': 33, 'playtime_forever': 2074, 'playtime_last_two_weeks': 0, 'playtime_at_review': 2074, 'last_played': 1719879566}",portuguese,"I liked the game in the beggining but i played for so long i got tired and it's now sh1t. Anyways i got married and i got a cat so i guess it's cool. And i got mushrooms too yea that's cool ig. The fishing was pretty cool ngl and i gifted rocks to an homeless person so i guess that's cool too. Anyways 0/10 would not play again, but buy this game, just don't play like 10 hours straight like me, because you'll get tired pretty soon. Oh and i tought this was a simple planting type sh1t game or lofi type game but when you go to a fckin cave to get yo @ss wooped by some 3 mother fuckin green ahh bug it's sh1t asf because i get scared to loose my everything i got in inventory so it's BAD. Overall the farm part is pretty chill, but the rest of the game is just bad and tilting so yea buy this terraria ahh lookin game.",1719879910,1719879910,True,0,0,0.5,1,True,False,False,False
168701927,"{'steamid': '76561199237796776', 'num_games_owned': 0, 'num_reviews': 3, 'playtime_forever': 2068, 'playtime_last_two_weeks': 0, 'playtime_at_review': 1988, 'last_played': 1742746537}",portuguese,Eu nao gostei do jogo pois tenho um amigo chamado Henrique que so faz porcaria no map,1719848181,1719848181,True,0,0,0.5,0,True,False,False,False
168537608,"{'steamid': '76561198849029287', 'num_games_owned': 44, 'num_reviews': 11, 'playtime_forever': 4677, 'playtime_last_two_weeks': 0, 'playtime_at_review': 264, 'last_played': 1746295325}",portuguese,best gamer eveeeerrrrrr (linus is jesus on morden days),1719700515,1719700515,True,0,2,0.5,0,True,False,False,False
168532062,"{'steamid': '76561198877749792', 'num_games_owned': 91, 'num_reviews': 16, 'playtime_forever': 18232, 'playtime_last_two_weeks': 0, 'playtime_at_review': 17838, 'last_played': 1748145665}",portuguese,"um jogo 2D Quase perfeito, pena que não dá pra pegar casadas :(",1719695333,1719695333,True,6,2,0.614035129547119141,0,True,False,False,False
168388169,"{'steamid': '76561198931564828', 'num_games_owned': 0, 'num_reviews': 2, 'playtime_forever': 3283, 'playtime_last_two_weeks': 5, 'playtime_at_review': 1347, 'last_played': 1761847703}",portuguese,This game is so good. I first bought it for the switch but I loved it so much that I ended up buying it again for the PC. One of my favorite games EVER!,1719563359,1719563359,True,0,0,0.5,0,True,False,False,False
168388095,"{'steamid': '76561199079084208', 'num_games_owned': 0, 'num_reviews': 3, 'playtime_forever': 43921, 'playtime_last_two_weeks': 0, 'playtime_at_review': 42859, 'last_played': 1755202010}",portuguese,,1719563272,1719563272,True,0,0,0.5,0,True,False,False,False
168258203,"{'steamid': '76561198367599693', 'num_games_owned': 36, 'num_reviews': 5, 'playtime_forever': 12573, 'playtime_last_two_weeks': 0, 'playtime_at_review': 8462, 'last_played': 1722526024}",portuguese,bm d+,1719415577,1719415577,True,0,0,0.5,0,True,False,False,False
168223580,"{'steamid': '76561199138303828', 'num_games_owned': 0, 'num_reviews': 2, 'playtime_forever': 2600, 'playtime_last_two_weeks': 0, 'playtime_at_review': 230, 'last_played': 1747958984}",portuguese,stardew valley,1719373693,1719373693,True,0,1,0.5,0,True,False,False,False
117690651,"{'steamid': '76561198113968190', 'num_games_owned': 146, 'num_reviews': 21, 'playtime_forever': 6776, 'playtime_last_two_weeks': 0, 'playtime_at_review': 1135, 'last_played': 1721792749}",portuguese,bou C:,1656288883,1719287311,True,0,4,0.5,0,True,False,False,False
167952697,"{'steamid': '76561199050380093', 'num_games_owned': 38, 'num_reviews': 1, 'playtime_forever': 3544, 'playtime_last_two_weeks': 0, 'playtime_at_review': 3113, 'last_played': 1745026307}",portuguese,jogo foda,1719091750,1719097139,True,5,0,0.60000002384185791,0,True,False,False,False
167933208,"{'steamid': '76561198151184699', 'num_games_owned': 0, 'num_reviews': 4, 'playtime_forever': 13204, 'playtime_last_two_weeks': 0, 'playtime_at_review': 10661, 'last_played': 1759702456}",portuguese,Sooooooooooooooooooooo goooooooooooooooood,1719075102,1719075102,True,0,0,0.5,0,True,False,False,False
167884610,"{'steamid': '76561198259274653', 'num_games_owned': 15, 'num_reviews': 3, 'playtime_forever': 9235, 'playtime_last_two_weeks': 0, 'playtime_at_review': 9198, 'last_played': 1719029335}",portuguese,bom,1719026683,1719026683,True,0,0,0.5,0,True,False,False,False
167830459,"{'steamid': '76561199155207344', 'num_games_owned': 0, 'num_reviews': 15, 'playtime_forever': 5249, 'playtime_last_two_weeks': 0, 'playtime_at_review': 3140, 'last_played': 1752153287}",portuguese,don't choose the wrong hair,1718968494,1718968494,True,0,0,0.5,0,True,False,False,False
167828725,"{'steamid': '76561199085001806', 'num_games_owned': 78, 'num_reviews': 7, 'playtime_forever': 3865, 'playtime_last_two_weeks': 0, 'playtime_at_review': 2298, 'last_played': 1755529348}",portuguese,"very good to play with friends and when ur bored xD.

recommend very much",1718966402,1718966402,True,0,0,0.476190477609634399,1,True,False,False,False
118314360,"{'steamid': '76561199205970480', 'num_games_owned': 0, 'num_reviews': 1, 'playtime_forever': 15286, 'playtime_last_two_weeks': 0, 'playtime_at_review': 2219, 'last_played': 1749251050}",portuguese,.,1657102041,1718811754,True,0,0,0.5,0,True,False,False,False
167701153,"{'steamid': '76561199567684815', 'num_games_owned': 0, 'num_reviews': 1, 'playtime_forever': 8202, 'playtime_last_two_weeks': 0, 'playtime_at_review': 7746, 'last_played': 1740326533}",portuguese,O jogo é muito relaxante,1718810902,1718810902,True,0,0,0.5,0,True,False,False,False
167681713,"{'steamid': '76561199165693242', 'num_games_owned': 0, 'num_reviews': 7, 'playtime_forever': 3274, 'playtime_last_two_weeks': 0, 'playtime_at_review': 2911, 'last_played': 1721248184}",portuguese,:),1718786003,1718786003,True,0,0,0.5,0,True,False,False,False
167632184,"{'steamid': '76561199066450596', 'num_games_owned': 0, 'num_reviews': 2, 'playtime_forever': 2199, 'playtime_last_two_weeks': 0, 'playtime_at_review': 1695, 'last_played': 1752017360}",portuguese,joguinho bom para quem quer relaxar mas acho que quem trabalha o dia todo aceitaria como jogo relaxante,1718722041,1718722041,True,0,0,0.5,0,True,False,False,False
167587059,"{'steamid': '76561199230965253', 'num_games_owned': 4, 'num_reviews': 1, 'playtime_forever': 3616, 'playtime_last_two_weeks': 8, 'playtime_at_review': 1816, 'last_played': 1761513367}",portuguese,"gosto
",1718657096,1718657096,True,0,0,0.5,0,True,False,False,False
167556739,"{'steamid': '76561199244466527', 'num_games_owned': 0, 'num_reviews': 1, 'playtime_forever': 4951, 'playtime_last_two_weeks': 0, 'playtime_at_review': 3029, 'last_played': 1752169265}",portuguese,"Bem relaxante e calmo
Super recomendo para dias de stress",1718623792,1718623792,True,0,0,0.5,0,True,False,False,False
167500433,"{'steamid': '76561199558316436', 'num_games_owned': 0, 'num_reviews': 1, 'playtime_forever': 4835, 'playtime_last_two_weeks': 0, 'playtime_at_review': 4835, 'last_played': 1714768827}",portuguese,o jogo é muito satisfatório e bom para quem gosta de simuladores de vida e também de interagir com os outros personagens.,1718550574,1718550574,True,1,0,0.523809552192687988,0,True,True,False,False
167498640,"{'steamid': '76561199228485061', 'num_games_owned': 0, 'num_reviews': 1, 'playtime_forever': 6150, 'playtime_last_two_weeks': 0, 'playtime_at_review': 2556, 'last_played': 1727580630}",portuguese,"Fazendinha bacana, né.",1718549127,1718549127,True,0,0,0.5,0,True,False,False,False
167438939,"{'steamid': '76561199205888496', 'num_games_owned': 0, 'num_reviews': 2, 'playtime_forever': 12816, 'playtime_last_two_weeks': 0, 'playtime_at_review': 12815, 'last_played': 1759583503}",portuguese,fazendinha<3,1718477633,1718477633,True,0,0,0.5,0,True,False,False,False
167283354,"{'steamid': '76561199529852131', 'num_games_owned': 12, 'num_reviews': 2, 'playtime_forever': 4632, 'playtime_last_two_weeks': 0, 'playtime_at_review': 628, 'last_played': 1755884801}",portuguese,acabou com a minha vida mas eu adoro,1718293908,1718293908,True,0,0,0.5,0,True,False,False,False
167221757,"{'steamid': '76561199585611606', 'num_games_owned': 5, 'num_reviews': 1, 'playtime_forever': 27380, 'playtime_last_two_weeks': 0, 'playtime_at_review': 371, 'last_played': 1750349356}",portuguese,J,1718206347,1718206347,True,0,0,0.5,0,True,False,False,False
167172042,"{'steamid': '76561199481931807', 'num_games_owned': 0, 'num_reviews': 5, 'playtime_forever': 8889, 'playtime_last_two_weeks': 0, 'playtime_at_review': 6471, 'last_played': 1727140293}",portuguese,D+ ᕙ(^▿^-ᕙ),1718135899,1718135899,True,0,0,0.5,0,True,False,False,False
167015826,"{'steamid': '76561199202005580', 'num_games_owned': 0, 'num_reviews': 3, 'playtime_forever': 19605, 'playtime_last_two_weeks': 447, 'playtime_at_review': 11658, 'last_played': 1761384688}",portuguese,",,,,,,,",1717940958,1717940958,True,0,0,0.5,0,True,False,False,False
166985672,"{'steamid': '76561198330662834', 'num_games_owned': 5, 'num_reviews': 1, 'playtime_forever': 1513, 'playtime_last_two_weeks': 0, 'playtime_at_review': 198, 'last_played': 1741585910}",portuguese,É perfeito. Gostaria de viver nesse jogo. Muita paz.,1717904836,1717904836,True,0,0,0.5,0,True,False,False,False
166977457,"{'steamid': '76561199092885357', 'num_games_owned': 18, 'num_reviews': 4, 'playtime_forever': 6040, 'playtime_last_two_weeks': 0, 'playtime_at_review': 5845, 'last_played': 1739901163}",portuguese,mtt foda ter 4 namoradas ao mesmo tempo slkkk cachorro,1717893870,1717893870,True,0,0,0.5,0,True,False,False,False
166943611,"{'steamid': '76561198980846085', 'num_games_owned': 0, 'num_reviews': 1, 'playtime_forever': 12290, 'playtime_last_two_weeks': 0, 'playtime_at_review': 2938, 'last_played': 1732745867}",portuguese,"Muito tranquilo o jogo, bom para horas vagas.",1717860469,1717860469,True,0,0,0.5,0,True,False,False,False
166833611,"{'steamid': '76561199469250575', 'num_games_owned': 0, 'num_reviews': 1, 'playtime_forever': 39233, 'playtime_last_two_weeks': 0, 'playtime_at_review': 693, 'last_played': 1761007502}",portuguese,JOGUEM. <3 !!!! =D,1717716769,1717716769,True,0,0,0.5,0,True,False,False,False
166621027,"{'steamid': '76561198869130725', 'num_games_owned': 0, 'num_reviews': 1, 'playtime_forever': 8703, 'playtime_last_two_weeks': 0, 'playtime_at_review': 1107, 'last_played': 1756337634}",portuguese,Jogo muito bom,1717449604,1717449604,True,0,0,0.5,0,True,True,False,False
166433341,"{'steamid': '76561198108147827', 'num_games_owned': 0, 'num_reviews': 6, 'playtime_forever': 8538, 'playtime_last_two_weeks': 0, 'playtime_at_review': 548, 'last_played': 1735262586}",portuguese,Jogo de fazendinha muito além das fazendinhas. Superou minhas expectativas.,1717208677,1717208677,True,0,0,0.5,0,True,False,False,False
166409337,"{'steamid': '76561199146072272', 'num_games_owned': 124, 'num_reviews': 8, 'playtime_forever': 10408, 'playtime_last_two_weeks': 95, 'playtime_at_review': 1868, 'last_played': 1761096812}",portuguese,"Oque dizer de um jogo que tem a Penny, Robin e fazenda, simsplesmente perfeito",1717177539,1717177539,True,1,0,0.523809552192687988,0,True,False,False,False
166300190,"{'steamid': '76561199101293328', 'num_games_owned': 0, 'num_reviews': 3, 'playtime_forever': 811, 'playtime_last_two_weeks': 0, 'playtime_at_review': 726, 'last_played': 1717669536}",portuguese,Bom jogo,1717017980,1717017980,True,0,0,0.5,0,True,False,False,False
166297916,"{'steamid': '76561199138374730', 'num_games_owned': 0, 'num_reviews': 2, 'playtime_forever': 15231, 'playtime_last_two_weeks': 0, 'playtime_at_review': 10772, 'last_played': 1739633251}",portuguese,Feel loved simulator,1717015029,1717015029,True,0,0,0.5,0,True,False,False,False
166174427,"{'steamid': '76561198069722100', 'num_games_owned': 178, 'num_reviews': 5, 'playtime_forever': 15578, 'playtime_last_two_weeks': 0, 'playtime_at_review': 15578, 'last_played': 1716833420}",portuguese,:STARDROP:,1716833623,1716833623,True,0,0,0.5,0,True,False,False,False
166157863,"{'steamid': '76561199292239926', 'num_games_owned': 10, 'num_reviews': 7, 'playtime_forever': 4273, 'playtime_last_two_weeks': 1, 'playtime_at_review': 464, 'last_played': 1761589352}",portuguese,Jogo muito daora pa joga no tedio :),1716813977,1716813977,True,0,0,0.5,0,True,False,False,False
99348334,"{'steamid': '76561198083444863', 'num_games_owned': 61, 'num_reviews': 4, 'playtime_forever': 18319, 'playtime_last_two_weeks': 7, 'playtime_at_review': 4040, 'last_played': 1761066546}",portuguese,.,1631636481,1716728414,True,1,0,0.523809552192687988,0,True,False,False,False
166067930,"{'steamid': '76561199387614727', 'num_games_owned': 0, 'num_reviews': 1, 'playtime_forever': 17898, 'playtime_last_two_weeks': 0, 'playtime_at_review': 576, 'last_played': 1745182420}",portuguese,"muito relaxing
",1716682777,1716682777,True,0,0,0.5,0,True,False,False,False
166033686,"{'steamid': '76561199049698359', 'num_games_owned': 38, 'num_reviews': 8, 'playtime_forever': 13176, 'playtime_last_two_weeks': 0, 'playtime_at_review': 661, 'last_played': 1759145109}",portuguese,Why make spring mission include winter and autumn fish.,1716645209,1716645209,True,0,0,0.5,1,True,False,False,False
166010087,"{'steamid': '76561199636528094', 'num_games_owned': 0, 'num_reviews': 4, 'playtime_forever': 1389, 'playtime_last_two_weeks': 0, 'playtime_at_review': 267, 'last_played': 1760097766}",portuguese,이런 개시발 이리듐 낚시대 존나 비싸네요;;,1716611205,1716611205,True,0,0,0.5,0,True,False,False,False
125754920,"{'steamid': '76561198927682080', 'num_games_owned': 41, 'num_reviews': 8, 'playtime_forever': 22737, 'playtime_last_two_weeks': 0, 'playtime_at_review': 10009, 'last_played': 1754858792}",portuguese,"Não possuo palavras para descrever, é um ótimo jogo pra passar o tempo, parecer ser um jogo simples, porem ele é muito completo, a atenção aos detalhes, historia, trilha sonora e jogabilidade são extremamente imersivas. Além de ser um ótimo jogo de se jogar com amigos",1668868501,1716341221,True,0,0,0.5,0,True,False,False,False
165763631,"{'steamid': '76561199070667784', 'num_games_owned': 0, 'num_reviews': 1, 'playtime_forever': 986, 'playtime_last_two_weeks': 0, 'playtime_at_review': 343, 'last_played': 1723513368}",portuguese,.,1716244448,1716244448,True,0,0,0.5,0,True,False,False,False
137708670,"{'steamid': '76561198269548718', 'num_games_owned': 326, 'num_reviews': 76, 'playtime_forever': 37949, 'playtime_last_two_weeks': 0, 'playtime_at_review': 33098, 'last_played': 1760381727}",portuguese,"Um dos raros casos onde o Ctrl + C, Ctrl + V ficam melhor que o original.
#MaisAmor",1683078170,1716236159,True,0,0,0.5,0,True,False,False,False
164948471,"{'steamid': '76561198271073386', 'num_games_owned': 75, 'num_reviews': 2, 'playtime_forever': 29971, 'playtime_last_two_weeks': 0, 'playtime_at_review': 25044, 'last_played': 1754264886}",portuguese,Vtf Demetrius,1715204225,1716154612,True,0,0,0.5,1,True,False,False,False
165601737,"{'steamid': '76561198798236500', 'num_games_owned': 9, 'num_reviews': 1, 'playtime_forever': 4167, 'playtime_last_two_weeks': 0, 'playtime_at_review': 234, 'last_played': 1737815720}",portuguese,ok,1716041984,1716041984,True,0,0,0.5,0,True,False,False,False
165442299,"{'steamid': '76561199656176010', 'num_games_owned': 0, 'num_reviews': 1, 'playtime_forever': 9587, 'playtime_last_two_weeks': 0, 'playtime_at_review': 511, 'last_played': 1750901010}",portuguese,"Perfeito, roda até em uma batata. Um amor de jogo.",1715824032,1715824032,True,0,0,0.5,0,True,False,False,False
165428992,"{'steamid': '76561198812356333', 'num_games_owned': 0, 'num_reviews': 1, 'playtime_forever': 14795, 'playtime_last_two_weeks': 0, 'playtime_at_review': 3555, 'last_played': 1754435782}",portuguese,"Muito bom, exceto pelo fato da impossibilidade de pegar mulher casada. 8/10",1715804230,1715804230,True,0,1,0.5,0,True,False,False,False
96369412,"{'steamid': '76561198406334388', 'num_games_owned': 0, 'num_reviews': 3, 'playtime_forever': 66388, 'playtime_last_two_weeks': 0, 'playtime_at_review': 62345, 'last_played': 1753521311}",portuguese,Melhor jogo da vida!,1627246461,1715469074,True,1,0,0.523809552192687988,0,True,False,False,False
165162125,"{'steamid': '76561199441765427', 'num_games_owned': 9, 'num_reviews': 3, 'playtime_forever': 45836, 'playtime_last_two_weeks': 0, 'playtime_at_review': 12840, 'last_played': 1724281363}",portuguese,estou com problemas de instalação,1715454391,1715454391,True,0,0,0.5,0,True,False,False,False
165158117,"{'steamid': '76561199072598802', 'num_games_owned': 55, 'num_reviews': 31, 'playtime_forever': 602, 'playtime_last_two_weeks': 0, 'playtime_at_review': 205, 'last_played': 1718819065}",portuguese,jogo da fazenda,1715450686,1715450686,True,0,0,0.5,0,True,False,False,False
165155347,"{'steamid': '76561199622030464', 'num_games_owned': 0, 'num_reviews': 1, 'playtime_forever': 459, 'playtime_last_two_weeks': 0, 'playtime_at_review': 336, 'last_played': 1730648105}",portuguese,ok,1715448211,1715448211,True,0,0,0.5,0,True,False,False,False
165108282,"{'steamid': '76561199147999060', 'num_games_owned': 86, 'num_reviews': 1, 'playtime_forever': 2080, 'playtime_last_two_weeks': 0, 'playtime_at_review': 728, 'last_played': 1716507325}",portuguese,esse jogo e muito bereaful de fofinho,1715395156,1715395156,True,0,0,0.5,0,True,False,False,False
165102103,"{'steamid': '76561198994582754', 'num_games_owned': 0, 'num_reviews': 2, 'playtime_forever': 14069, 'playtime_last_two_weeks': 0, 'playtime_at_review': 10556, 'last_played': 1720033966}",portuguese,jogo bom agora libera as casada ai fazendo o favor,1715387375,1715387375,True,0,0,0.5,0,True,False,False,False
165027805,"{'steamid': '76561199678812401', 'num_games_owned': 0, 'num_reviews': 1, 'playtime_forever': 10339, 'playtime_last_two_weeks': 0, 'playtime_at_review': 1801, 'last_played': 1747779668}",portuguese,Excelente jogo!,1715300775,1715300775,True,0,0,0.5,0,True,False,False,False
165004155,"{'steamid': '76561199379870374', 'num_games_owned': 0, 'num_reviews': 4, 'playtime_forever': 4160, 'playtime_last_two_weeks': 0, 'playtime_at_review': 398, 'last_played': 1757253657}",portuguese,"very good , and here u can have a girlfriend thing that u dont have in real life",1715275251,1715275251,True,0,0,0.5,0,True,False,False,False
164922190,"{'steamid': '76561199091466192', 'num_games_owned': 16, 'num_reviews': 1, 'playtime_forever': 531, 'playtime_last_two_weeks': 0, 'playtime_at_review': 40, 'last_played': 1740169106}",portuguese,"pescar, pescar, pescar, pescar, pescar, pescar, pescar, pescar, pescar, pescar, pescar, pescar, pescar, pescar, pescar, pescar, pescar, pescar, pescar, pescar, pescar, pescar, pescar, pescar, pescar, pescar, pescar, pescar, pescar, pescar, pescar, pescar, pescar, pescar, pescar, pescar, pescar, pescar, pescar, pescar, pescar, pescar, pescar, pescar, pescar, pescar, pescar, pescar, pescar, pescar, pescar, pescar, pescar, pescar, pescar, pescar, pescar, pescar, pescar, pescar, pescar, pescar, pescar, pescar, pescar, pescar, pescar, pescar, pescar, pescar",1715180521,1715180521,True,0,0,0.5,0,True,False,False,False
164878678,"{'steamid': '76561198955856849', 'num_games_owned': 85, 'num_reviews': 2, 'playtime_forever': 612, 'playtime_last_two_weeks': 0, 'playtime_at_review': 427, 'deck_playtime_at_review': 6, 'last_played': 1716749062}",portuguese,muito bom,1715125406,1715125406,True,0,0,0.5,0,True,False,False,False
164603716,"{'steamid': '76561199445989979', 'num_games_owned': 109, 'num_reviews': 5, 'playtime_forever': 8845, 'playtime_last_two_weeks': 0, 'playtime_at_review': 5931, 'last_played': 1756371353}",portuguese,maionese de dinossauro.,1714953477,1714953477,True,0,0,0.5,0,True,False,False,False
164428746,"{'steamid': '76561198980615579', 'num_games_owned': 9, 'num_reviews': 2, 'playtime_forever': 643, 'playtime_last_two_weeks': 0, 'playtime_at_review': 305, 'last_played': 1746303573}",portuguese,fffffffffffff,1714885687,1714885687,True,0,0,0.5,0,True,False,False,False
164394088,"{'steamid': '76561198271710447', 'num_games_owned': 0, 'num_reviews': 3, 'playtime_forever': 1352, 'playtime_last_two_weeks': 0, 'playtime_at_review': 502, 'last_played': 1728955054}",portuguese,bom jogo,1714868998,1714868998,True,0,0,0.5,0,True,False,False,False
164337873,"{'steamid': '76561199191808869', 'num_games_owned': 0, 'num_reviews': 1, 'playtime_forever': 5388, 'playtime_last_two_weeks': 0, 'playtime_at_review': 802, 'last_played': 1759702785}",portuguese,o stardew valley é bue booom um dos melhores jogos q ja joguei,1714843777,1714843777,True,0,0,0.5,0,True,False,False,False
164151027,"{'steamid': '76561199142715033', 'num_games_owned': 0, 'num_reviews': 9, 'playtime_forever': 556, 'playtime_last_two_weeks': 0, 'playtime_at_review': 209, 'last_played': 1758896639}",portuguese,FOD4,1714752587,1714752587,True,0,0,0.5,0,True,False,False,False
164085249,"{'steamid': '76561199240848006', 'num_games_owned': 0, 'num_reviews': 2, 'playtime_forever': 4512, 'playtime_last_two_weeks': 0, 'playtime_at_review': 234, 'last_played': 1751588580}",portuguese,incrivel,1714686881,1714686881,True,0,0,0.5,0,True,False,False,False
164072076,"{'steamid': '76561199593726576', 'num_games_owned': 7, 'num_reviews': 2, 'playtime_forever': 1107, 'playtime_last_two_weeks': 0, 'playtime_at_review': 384, 'last_played': 1743265091}",portuguese,uns dos melhores jogos,1714672164,1714672164,True,1,0,0.523809552192687988,0,True,False,False,False
164054057,"{'steamid': '76561198108048908', 'num_games_owned': 83, 'num_reviews': 16, 'playtime_forever': 13625, 'playtime_last_two_weeks': 0, 'playtime_at_review': 9988, 'last_played': 1737755981}",portuguese,"Jogo incrível, recomendo a qualquer pessoa jogar, algo vai te prender nele por horas e horas",1714652913,1714652913,True,1,0,0.52173912525177002,0,True,False,False,False
163974519,"{'steamid': '76561198292551992', 'num_games_owned': 24, 'num_reviews': 2, 'playtime_forever': 6308, 'playtime_last_two_weeks': 0, 'playtime_at_review': 1844, 'last_played': 1718053085}",portuguese,Melhor joguinho de sempre,1714555603,1714555603,True,0,0,0.5,0,True,False,False,False
146015106,"{'steamid': '76561199428463473', 'num_games_owned': 0, 'num_reviews': 53, 'playtime_forever': 11068, 'playtime_last_two_weeks': 0, 'playtime_at_review': 8743, 'last_played': 1750867677}",portuguese,Dá pra passar um tempinho.,1694299859,1714546464,True,1,0,0.523809552192687988,0,True,False,False,False
163852199,"{'steamid': '76561198884352267', 'num_games_owned': 0, 'num_reviews': 2, 'playtime_forever': 8152, 'playtime_last_two_weeks': 0, 'playtime_at_review': 4214, 'last_played': 1726668818}",portuguese,,1714407990,1714407990,True,2,0,0.545454561710357666,0,True,False,False,False
163799266,"{'steamid': '76561198984447677', 'num_games_owned': 57, 'num_reviews': 6, 'playtime_forever': 11218, 'playtime_last_two_weeks': 0, 'playtime_at_review': 10418, 'last_played': 1729440093}",portuguese,🐸👍,1714334304,1714334304,True,1,0,0.523809552192687988,0,True,False,False,False
163780797,"{'steamid': '76561199368090483', 'num_games_owned': 0, 'num_reviews': 2, 'playtime_forever': 9998, 'playtime_last_two_weeks': 0, 'playtime_at_review': 9084, 'last_played': 1741549677}",portuguese,   b,1714317475,1714317475,True,0,0,0.5,0,True,False,False,False
163760609,"{'steamid': '76561199137516091', 'num_games_owned': 0, 'num_reviews': 1, 'playtime_forever': 24144, 'playtime_last_two_weeks': 0, 'playtime_at_review': 4308, 'last_played': 1750880902}",portuguese,viciante,1714296482,1714296482,True,0,0,0.5,0,True,False,False,False
163741628,"{'steamid': '76561199191680383', 'num_games_owned': 11, 'num_reviews': 2, 'playtime_forever': 8599, 'playtime_last_two_weeks': 0, 'playtime_at_review': 5535, 'last_played': 1734225288}",portuguese,"jogo em dupla, só recomendo se jogar com alguém, ai vc tem com quem brigar k, amo",1714268885,1714268885,True,0,0,0.5,0,True,False,False,False
