recommendationid,author,language,review,timestamp_created,timestamp_updated,voted_up,votes_up,votes_funny,weighted_vote_score,comment_count,steam_purchase,received_for_free,written_during_early_access,primarily_steam_deck
208356494,"{'steamid': '76561198390112802', 'num_games_owned': 249, 'num_reviews': 16, 'playtime_forever': 52, 'playtime_last_two_weeks': 0, 'playtime_at_review': 52, 'last_played': 1682273901}",german,"The game is good don't get me wrong. 

I just have to do my part...since they overthrown Portal... also I am to stupid to play this game :c",1762215422,1762215460,False,0,0,0.5,0,True,False,False,False
208340731,"{'steamid': '76561199392498886', 'num_games_owned': 0, 'num_reviews': 5, 'playtime_forever': 459, 'playtime_last_two_weeks': 0, 'playtime_at_review': 459, 'last_played': 1733072195}",spanish,me parecen mas interesantes las clases de filosofia,1762199704,1762199704,False,0,0,0.5,0,True,False,False,False
208327066,"{'steamid': '76561198440050764', 'num_games_owned': 44, 'num_reviews': 8, 'playtime_forever': 690, 'playtime_last_two_weeks': 690, 'playtime_at_review': 448, 'last_played': 1762213461}",english,terraria better,1762187978,1762187978,False,0,0,0.400000005960464478,0,True,False,False,False
208323163,"{'steamid': '76561198804398205', 'num_games_owned': 52, 'num_reviews': 18, 'playtime_forever': 206, 'playtime_last_two_weeks': 164, 'playtime_at_review': 201, 'last_played': 1762216599}",schinese,钓鱼好反人类，不好玩,1762184515,1762184515,False,0,0,0.476190477609634399,0,True,False,False,False
208309733,"{'steamid': '76561199193311647', 'num_games_owned': 42, 'num_reviews': 4, 'playtime_forever': 3974, 'playtime_last_two_weeks': 1215, 'playtime_at_review': 3926, 'last_played': 1762174415}",schinese,3333,1762171581,1762171581,False,0,0,0.477941185235977173,0,True,False,False,False
208296541,"{'steamid': '76561198199195490', 'num_games_owned': 156, 'num_reviews': 56, 'playtime_forever': 3620, 'playtime_last_two_weeks': 1, 'playtime_at_review': 3620, 'last_played': 1761496258}",russian,помоишная игра ♡♡♡♡,1762152476,1762152476,False,0,0,0.476190477609634399,0,True,False,False,False
208284768,"{'steamid': '76561198140473706', 'num_games_owned': 105, 'num_reviews': 44, 'playtime_forever': 1012, 'playtime_last_two_weeks': 0, 'playtime_at_review': 1012, 'last_played': 1610756969}",english,the singular girl in a class of mine who plays top 40s christian rock against everyone's will and said that monster high was the devil has this game on her main tabs and i have decided to place all the blame of her decisions on to this game,1762135533,1762137352,False,1,0,0.456591635942459106,1,True,False,False,False
208280048,"{'steamid': '76561198117527239', 'num_games_owned': 70, 'num_reviews': 36, 'playtime_forever': 497, 'playtime_last_two_weeks': 21, 'playtime_at_review': 497, 'last_played': 1761862630}",english,Webfishing clears,1762130150,1762130150,False,0,0,0.476190477609634399,0,True,False,False,False
208256118,"{'steamid': '76561199271646707', 'num_games_owned': 64, 'num_reviews': 19, 'playtime_forever': 1850, 'playtime_last_two_weeks': 0, 'playtime_at_review': 1850, 'last_played': 1760728277}",brazilian,"Não da pra comer o mendigo, dito isso: -1/10 não recomendo e se pudesse pedia reembolso.",1762111343,1762111343,False,1,1,0.523809552192687988,0,True,False,False,False
208220950,"{'steamid': '76561198017775768', 'num_games_owned': 0, 'num_reviews': 10, 'playtime_forever': 591, 'playtime_last_two_weeks': 591, 'playtime_at_review': 591, 'last_played': 1762085515}",russian,"Господи как скучно и уныло.
Посадил семена, полил - устал и ни на что уже не способен. Вот так прошел день.

Проснулся, полил семена - устал, поймал пару рыб - уже без сил.  Вот так прошел день.

Начался дождь - ура, не надо поливать! Пошел в пещеру - прошел 2-3 уровня, добываешь камни и руду(они же нужны) - устал. Вот так прошел день.

Дождь все ещё идет - ура, можно что-то ещё поделать. Пошел порубил деревья, подобывал камень из булыжников - устал. Вот так прошел день.

Думаешь - я не хочу тратить силы на поливку. Окей можно купить спринклер - нужно 1 слиток железа и меди. Медь вроде достать худо-бедно можешь, а где брать железо? Пошел в шахты, дошел до 9 уровня - убили, железо так и не нашёл.

Устал от духоты такой, вышел, удалил.

Уютно, мило, но оооооочень скучно.",1762086103,1762086103,False,0,0,0.498220652341842651,0,True,False,False,False
208219055,"{'steamid': '76561199379737756', 'num_games_owned': 53, 'num_reviews': 1, 'playtime_forever': 6607, 'playtime_last_two_weeks': 2584, 'playtime_at_review': 6607, 'last_played': 1762084353}",schinese,自动右移,1762084396,1762084396,False,0,0,0.45267486572265625,0,True,False,False,False
208218650,"{'steamid': '76561199686075635', 'num_games_owned': 0, 'num_reviews': 2, 'playtime_forever': 53, 'playtime_last_two_weeks': 0, 'playtime_at_review': 53, 'last_played': 1758734469}",english,zzz,1762084055,1762084055,False,0,0,0.434782594442367554,1,True,False,False,False
208215956,"{'steamid': '76561198436992599', 'num_games_owned': 65, 'num_reviews': 11, 'playtime_forever': 59, 'playtime_last_two_weeks': 0, 'playtime_at_review': 59, 'last_played': 1754647268}",schinese,萌新求助各位大佬，这游戏的乐趣在哪里（我不是真的给差评，我个人其实非常喜欢环世界，群星，钢丝之类的游戏，但目前体验下来总感觉内容很单调，貌似不能杀人）,1762081552,1762081552,False,1,0,0.47826087474822998,0,True,False,False,False
201712209,"{'steamid': '76561199766709152', 'num_games_owned': 0, 'num_reviews': 8, 'playtime_forever': 12188, 'playtime_last_two_weeks': 0, 'playtime_at_review': 12188, 'last_played': 1756109756}",turkish,robini bekarlara ekleyin,1754668172,1762072483,False,0,0,0.5,0,True,False,False,False
208205175,"{'steamid': '76561198876135222', 'num_games_owned': 269, 'num_reviews': 36, 'playtime_forever': 891, 'playtime_last_two_weeks': 0, 'playtime_at_review': 891, 'last_played': 1749904179}",turkish,sevgilim olana kadar,1762069920,1762069920,False,0,0,0.5,0,True,False,False,False
208167590,"{'steamid': '76561199275033326', 'num_games_owned': 0, 'num_reviews': 10, 'playtime_forever': 243, 'playtime_last_two_weeks': 243, 'playtime_at_review': 243, 'last_played': 1761797881}",english,"Not my cup of tea. I don't like it. It's like a hybrid of animal crossing, minecraft, and terrira.",1762030638,1762030638,False,0,0,0.472972989082336426,0,True,False,False,False
192807342,"{'steamid': '76561199567620920', 'num_games_owned': 0, 'num_reviews': 17, 'playtime_forever': 404, 'playtime_last_two_weeks': 0, 'playtime_at_review': 404, 'last_played': 1732817405}",english,"[h2]Linear Snoozefest, Handholding not Optional[/h2]

Walk around at the excruciatingly slow pace that the developer wants you to, save the game only when the developer says that you are allowed to, go to bed when the developer wants you to, and if you don't, be forcibly put down and penalised, interact with this or that mechanic when the developer says that you can. 

This just might be the most overpraised game of the century, either that or gamers are such drooling simpletons that you can appease them with slop like this. I don't want you to constantly handhold me and go so far as to prevent me from saving and quitting whenever I want, even permadeath roguelikes allow you that luxury and those are supposed to be the brutal games.

There is also barely any gameplay even worth talking about, put seed in ground, talk to townies that are either: 1) Generic goody-two-shoes townie, 2) Former but rude- but what is that? It is okay, guys, it turns out that they actually have a super deep and tragic backstory! You just need to bring out their soft and cuddly side via the power of friendship!

Sleep, harvest and sell with no depth nor nuance and barely any supporting mechanics (wow, you can do generic romance or mine, or slay beasts by spamming lmb like its Terraria). Absolutely worth a buy if you do enjoy watching grass grow and the equivalent of intimacy with a drywall interests you.",1744733179,1762020909,False,1,0,0.400771051645278931,0,True,False,False,False
154337485,"{'steamid': '76561199550130403', 'num_games_owned': 164, 'num_reviews': 12, 'playtime_forever': 10907, 'playtime_last_two_weeks': 0, 'playtime_at_review': 10907, 'last_played': 1752694499}",english,"A very repetitive POS and the gameplay loop is so boring .
The colors are so goddamn unbalanced lol , fries your goddamn eyes.
Overall , it's bad don't buy it go play Fallout New Vegas instead , yes go ahead do it .
( i'm not asking you)
.
Understood ?
.
Bro go ahead buy Fallout new vegas
.
.
BROOOOOOOOOOO",1703468264,1762015215,False,1,0,0.523809552192687988,1,True,False,False,False
205199872,"{'steamid': '76561198404770855', 'num_games_owned': 0, 'num_reviews': 2, 'playtime_forever': 7977, 'playtime_last_two_weeks': 0, 'playtime_at_review': 7977, 'last_played': 1755638195}",turkish,Solo için alınabilir.,1758840367,1762014421,False,0,0,0.5,0,True,False,False,False
208137316,"{'steamid': '76561198780063476', 'num_games_owned': 0, 'num_reviews': 1, 'playtime_forever': 536, 'playtime_last_two_weeks': 321, 'playtime_at_review': 234, 'last_played': 1762195266}",schinese,"我原价买的所以
",1762008133,1762008133,False,0,1,0.454545468091964722,0,True,False,False,False
208110566,"{'steamid': '76561199525587781', 'num_games_owned': 51, 'num_reviews': 2, 'playtime_forever': 10792, 'playtime_last_two_weeks': 418, 'playtime_at_review': 10598, 'last_played': 1761991210}",schinese,这是一个很有趣的游戏 前期种田 挖矿 钓鱼 与npc的互动都让人感到舒服快乐 如果我在开完姜岛 并且搜集完核桃后退游戏 我会给好评 恶心就恶心在后期一系列的恶心任务 为了达成山顶结局 所需完成的无意义的无聊的东西太多了 例如齐先生的矿车任务 无聊且不说 还浪费时间 整体来说游戏还是不错的 但对我的恶心程度大于他给我的惊喜程度,1761981080,1761981080,False,1,1,0.5,0,True,False,False,False
208107009,"{'steamid': '76561199823467960', 'num_games_owned': 33, 'num_reviews': 2, 'playtime_forever': 647, 'playtime_last_two_weeks': 537, 'playtime_at_review': 467, 'last_played': 1762176089}",koreana,컴퓨터 문제도 아닌 듯하다. 그냥 실행이 안 된다.,1761976611,1761976611,False,0,0,0.5,0,True,False,False,False
208103798,"{'steamid': '76561199474527722', 'num_games_owned': 14, 'num_reviews': 1, 'playtime_forever': 2233, 'playtime_last_two_weeks': 1111, 'playtime_at_review': 2233, 'last_played': 1761972021}",schinese,这个角色属于另一位玩家,1761972186,1761972186,False,0,0,0.5,0,True,False,False,False
208079454,"{'steamid': '76561199023386233', 'num_games_owned': 18, 'num_reviews': 4, 'playtime_forever': 1321, 'playtime_last_two_weeks': 68, 'playtime_at_review': 1253, 'last_played': 1761948724}",swedish,fuck this game,1761944639,1761944639,False,0,0,0.5,0,True,False,False,False
208061102,"{'steamid': '76561198132460831', 'num_games_owned': 0, 'num_reviews': 56, 'playtime_forever': 767, 'playtime_last_two_weeks': 757, 'playtime_at_review': 767, 'last_played': 1761743560}",russian,"Доброго времени суток! Долго я писал этот отзыв... Долго ломался, рекомендовать или нет... Жаль нет серой кнопочки... В итоге не рекомендую. НО. Как по приколу, походить, половить рыбу, повыращивать растения, познакомиться с жителями ( характеры круто прописаны ), вникнуть в историю и тд прикольно да... НО.ЕЩЕ РАЗ. Все остальное... Это, прошу прощения, троекратно переваренный тортик. Я фанат террарии сразу скажу. Возможно, были другие ожидания... Но чтобы прям так плохо... Душный сюжет, непонятный. Лайтовые пещеры. Не очень система сердечек. Непонятные квесты. Купил кухню - оказывается. каждый рецепт выбивается отдельно. Ингредиенты только покупать, муку соду масло фигачить на ферме заколеблет ради тортика. И то, рецепт тортика, ты получишь только достигнут 4 сердец с тем-то тем-то.. что это за ... Я не могу сказать, что жаль потраченного времени, но обидно, что спустя 10 часов интерес к прохождению и прокачке не возник. Да, правда, милая музыка, графика, персы, рыбку ловить дрова рубить... Но в целом, я хз, это просто под лоуфай музыку должна быть ферма, а не полноценная игра. Знаю, слышал, что мега фан база, ее любят во всем мире... но я пойду против системы. 4 из 10.",1761929210,1761929210,False,0,0,0.5,0,True,False,False,False
208053656,"{'steamid': '76561199167460493', 'num_games_owned': 0, 'num_reviews': 1, 'playtime_forever': 5193, 'playtime_last_two_weeks': 2822, 'playtime_at_review': 4844, 'last_played': 1762179936}",japanese,"ジュニモカートのクエストが難しすぎます。。。
絶対に無理なコースを５万点近くで出されるとめちゃくちゃ萎えますね。。。",1761923485,1761923485,False,0,0,0.476190477609634399,0,True,False,False,False
171219937,"{'steamid': '76561198419177540', 'num_games_owned': 0, 'num_reviews': 14, 'playtime_forever': 14723, 'playtime_last_two_weeks': 1, 'playtime_at_review': 14723, 'last_played': 1761140260}",schinese,游戏创意不多，可玩性有限。,1722510703,1761922946,False,0,0,0.5,0,True,False,False,False
208044065,"{'steamid': '76561198046104503', 'num_games_owned': 709, 'num_reviews': 14, 'playtime_forever': 136, 'playtime_last_two_weeks': 0, 'playtime_at_review': 136, 'last_played': 1726892801}",english,Just play Animal Crossing or Harvest Moon or any of the Sims games.,1761915680,1761915680,False,1,0,0.398791521787643433,0,True,False,False,False
208026068,"{'steamid': '76561198201092902', 'num_games_owned': 0, 'num_reviews': 6, 'playtime_forever': 732, 'playtime_last_two_weeks': 0, 'playtime_at_review': 732, 'last_played': 1756691783}",english,"Spent 6 long hours out of my day 'rizzing up' 'the huzz'. Also, fuck you, Shane.",1761895288,1761895288,False,0,0,0.476190477609634399,0,True,False,False,False
208015745,"{'steamid': '76561198260839272', 'num_games_owned': 0, 'num_reviews': 7, 'playtime_forever': 325, 'playtime_last_two_weeks': 220, 'playtime_at_review': 325, 'last_played': 1761880984}",english,"I have tried this game twice and this second time especially was very disgusting. I enjoy very much fishing games and the mechanics for fishing in this game is awful. Maybe it's a good game for many players, but for me it's a very disgusting game.",1761881213,1761881213,False,1,1,0.416666656732559204,0,True,False,False,False
208011110,"{'steamid': '76561198372792664', 'num_games_owned': 277, 'num_reviews': 8, 'playtime_forever': 150, 'playtime_last_two_weeks': 78, 'playtime_at_review': 133, 'last_played': 1761876184}",english,This game is soooooooooooooooooooooooooooooooooooooooooo boring,1761875849,1761875849,False,2,0,0.405938059091567993,0,True,False,False,False
207989121,"{'steamid': '76561199231099780', 'num_games_owned': 98, 'num_reviews': 8, 'playtime_forever': 702, 'playtime_last_two_weeks': 1, 'playtime_at_review': 702, 'last_played': 1761855669}",english,mid mid mid mid,1761855616,1761855616,False,1,0,0.43795621395111084,0,True,False,False,False
207980668,"{'steamid': '76561198090912282', 'num_games_owned': 0, 'num_reviews': 1, 'playtime_forever': 339, 'playtime_last_two_weeks': 267, 'playtime_at_review': 339, 'last_played': 1761847796}",english,.,1761849009,1761849009,False,0,0,0.412480175495147705,0,True,False,False,False
85143517,"{'steamid': '76561198333685441', 'num_games_owned': 0, 'num_reviews': 4, 'playtime_forever': 50314, 'playtime_last_two_weeks': 1004, 'playtime_at_review': 49750, 'last_played': 1761902357}",koreana,왜 자꾸 찾아오게되는거지;;;,1611322983,1761794786,False,0,0,0.5,0,True,False,False,False
207916797,"{'steamid': '76561199698597282', 'num_games_owned': 0, 'num_reviews': 6, 'playtime_forever': 76, 'playtime_last_two_weeks': 0, 'playtime_at_review': 76, 'last_played': 1752268613}",english,overglazed,1761780981,1761780981,False,1,0,0.416666656732559204,1,True,False,False,False
207907935,"{'steamid': '76561199544391912', 'num_games_owned': 21, 'num_reviews': 1, 'playtime_forever': 1178, 'playtime_last_two_weeks': 1150, 'playtime_at_review': 379, 'last_played': 1762148039}",schinese,刚玩六个小时，我接了镇长的红鳟鱼任务，去河边好不容易上了一条，匆匆忙忙赶到镇长家里然后就自动进剧情了，剧情结束以后我键盘直接被锁了，啥都按不了，无奈之下只能按电脑主机电源键关机最离谱的是win键和alt+f4都按不了，然后重新开机我存档又没给我保存，鱼也白钓了还浪费我这么多时间，本来玩的很上头，被一个bug搞得没兴致了,1761772754,1761772754,False,0,1,0.5,0,True,False,False,False
199590349,"{'steamid': '76561198178012639', 'num_games_owned': 229, 'num_reviews': 47, 'playtime_forever': 1066, 'playtime_last_two_weeks': 0, 'playtime_at_review': 1066, 'last_played': 1729417481}",russian,неприемлемо,1752293900,1761751053,False,0,0,0.434782594442367554,0,True,False,False,False
207879723,"{'steamid': '76561198796295936', 'num_games_owned': 225, 'num_reviews': 14, 'playtime_forever': 228, 'playtime_last_two_weeks': 0, 'playtime_at_review': 228, 'last_played': 1679184596}",english,oynicak manita yok,1761750926,1761750926,False,1,0,0.5,0,True,False,False,False
207878025,"{'steamid': '76561198780072964', 'num_games_owned': 2, 'num_reviews': 1, 'playtime_forever': 2067, 'playtime_last_two_weeks': 725, 'playtime_at_review': 1822, 'last_played': 1762182583}",schinese,"联机是一坨芬老是闪退
",1761749574,1761749574,False,1,0,0.5,0,True,False,False,False
204237317,"{'steamid': '76561199428348657', 'num_games_owned': 0, 'num_reviews': 2, 'playtime_forever': 5593, 'playtime_last_two_weeks': 458, 'playtime_at_review': 5482, 'last_played': 1761750584}",schinese,"你妈的，为什么老是无法正常联机,(补充评论，一天结束的时候有几率直接黑屏卡住)",1757770094,1761743947,False,0,0,0.476190477609634399,0,True,False,False,False
198394142,"{'steamid': '76561199124069790', 'num_games_owned': 152, 'num_reviews': 28, 'playtime_forever': 407, 'playtime_last_two_weeks': 0, 'playtime_at_review': 407, 'last_played': 1758396399}",latam,amo este juego!,1751142290,1761708456,False,0,0,0.43209877610206604,0,True,False,False,False
207830789,"{'steamid': '76561199042413446', 'num_games_owned': 288, 'num_reviews': 7, 'playtime_forever': 1035, 'playtime_last_two_weeks': 0, 'playtime_at_review': 1035, 'last_played': 1727637098}",spanish,ZZZZZZZZ,1761692800,1761692800,False,0,0,0.5,0,True,False,False,False
207782848,"{'steamid': '76561199792605888', 'num_games_owned': 0, 'num_reviews': 1, 'playtime_forever': 1276, 'playtime_last_two_weeks': 1276, 'playtime_at_review': 184, 'last_played': 1761908303}",schinese,"垃圾游戏，mac下不了mod
",1761651922,1761651922,False,0,1,0.406511217355728149,0,True,False,False,False
207773974,"{'steamid': '76561199200101445', 'num_games_owned': 53, 'num_reviews': 13, 'playtime_forever': 4536, 'playtime_last_two_weeks': 0, 'playtime_at_review': 4536, 'last_played': 1760988729}",schinese,[h2] 这不是休闲游戏一点也不自由，游戏里有大量推着你前进的设计，非常忙碌而且重复度很高很容易枯燥，比如种地下矿钓鱼，游戏里还有体力条的设定，浇完水下完矿就没什么体力了，游戏内一天的时间很不够用，玩家在前期能做的事非常有限。总结就是想推剧情就得去种地，就得强制上班，起码现实时间30个小时才能解锁社区中心，后期会相对好玩一些。满分10分，给7分，如果打了mod体验会稍微好点给7.5分。玩过的最坐牢的单机 [/h2],1761640142,1761640142,False,1,1,0.459363967180252075,0,True,False,False,False
207760383,"{'steamid': '76561199567990757', 'num_games_owned': 0, 'num_reviews': 18, 'playtime_forever': 444, 'playtime_last_two_weeks': 387, 'playtime_at_review': 390, 'last_played': 1761865583}",english,n da de plantar ganja,1761617441,1761617441,False,0,0,0.48571428656578064,0,True,False,False,False
207750681,"{'steamid': '76561199474479091', 'num_games_owned': 0, 'num_reviews': 2, 'playtime_forever': 2020, 'playtime_last_two_weeks': 928, 'playtime_at_review': 1581, 'last_played': 1762217654}",brazilian,nao gostr ie,1761604961,1761604961,False,0,0,0.5,0,True,False,False,False
145210479,"{'steamid': '76561197977695059', 'num_games_owned': 81, 'num_reviews': 9, 'playtime_forever': 872, 'playtime_last_two_weeks': 0, 'playtime_at_review': 872, 'last_played': 1714911542}",turkish,Kalkıyon ekiyon yatıyon kalkıyon balık tutuyon yatıyon kalkıyon yatıyon random oyun sik gibi oyun mq,1693243563,1761596044,False,0,0,0.523809552192687988,0,True,False,False,False
207730392,"{'steamid': '76561198314518354', 'num_games_owned': 0, 'num_reviews': 1, 'playtime_forever': 25383, 'playtime_last_two_weeks': 4552, 'playtime_at_review': 23676, 'last_played': 1761891194}",schinese,"作者故意设计了大量的迟到的游戏奖励

奖励来得太晚，就好比你小时候希望能够天天吃泡面，多年长大后你实现了，却发现泡面已经不再像儿时那么香了 :(",1761585547,1761585547,False,4,0,0.541348159313201904,0,True,False,False,False
207725551,"{'steamid': '76561198123296193', 'num_games_owned': 156, 'num_reviews': 16, 'playtime_forever': 1568, 'playtime_last_two_weeks': 0, 'playtime_at_review': 1568, 'last_played': 1738857564}",schinese,"感觉不适合这类游戏
内容太多了，不知道怎么玩，也不知道要干什么，每天从早忙到晚，什么都想做结果什么都做不好，时间也来不及，经常半夜赶不回来晕死在外面。第二天就不想再做昨天的事了，只能日复一日的种地钓鱼挖矿，机械式地度过游戏里的每一天。",1761581004,1761581004,False,0,0,0.454545468091964722,0,True,False,False,False
207679722,"{'steamid': '76561199138557497', 'num_games_owned': 8, 'num_reviews': 1, 'playtime_forever': 118, 'playtime_last_two_weeks': 49, 'playtime_at_review': 118, 'last_played': 1761507634}",german,"ich hatte keine AUSDAUER und musste nach hause dann hab ich mich verlaufen danach stand icxh im bett für 5 min und habe clash ROYAL GEZOCKT danach hab ich das spiel verlassen 

kann ich nur empfehlen zum afk gehen",1761519729,1761519729,False,0,1,0.299564272165298462,2,True,False,False,False
96769393,"{'steamid': '76561198368418592', 'num_games_owned': 123, 'num_reviews': 34, 'playtime_forever': 276, 'playtime_last_two_weeks': 0, 'playtime_at_review': 276, 'last_played': 1681724820}",english,Stupid black characters stealing my crop,1627845781,1761503166,False,1,6,0.34857824444770813,9,True,False,False,False
207627879,"{'steamid': '76561198299193693', 'num_games_owned': 120, 'num_reviews': 4, 'playtime_forever': 298, 'playtime_last_two_weeks': 298, 'playtime_at_review': 298, 'last_played': 1761150200}",schinese,一款四个小时没法入门的游戏，重复劳动有点累人,1761477079,1761477079,False,0,1,0.454545468091964722,0,True,False,False,False
207627720,"{'steamid': '76561198197802471', 'num_games_owned': 150, 'num_reviews': 10, 'playtime_forever': 11, 'playtime_last_two_weeks': 0, 'playtime_at_review': 11, 'last_played': 1678637819}",english,overrated,1761476907,1761476907,False,1,2,0.434650450944900513,1,True,False,False,False
207620437,"{'steamid': '76561199267094265', 'num_games_owned': 0, 'num_reviews': 16, 'playtime_forever': 1872, 'playtime_last_two_weeks': 571, 'playtime_at_review': 1311, 'last_played': 1762107855}",spanish,"Online multiplayer stuck ""connecting to online services..."" for a long time in SteamDeck. We played hours and hours before, but now WDK why we can't play.

I cant play with my girl for this, since 1 year.",1761469377,1761469377,False,0,0,0.5,0,True,False,False,False
29555918,"{'steamid': '76561198346770302', 'num_games_owned': 0, 'num_reviews': 14, 'playtime_forever': 94650, 'playtime_last_two_weeks': 0, 'playtime_at_review': 94650, 'last_played': 1743567117}",schinese,qweqe124eqwdasc ,1485662618,1761454652,False,0,0,0.5,0,True,False,False,False
87804121,"{'steamid': '76561198852915574', 'num_games_owned': 219, 'num_reviews': 19, 'playtime_forever': 17082, 'playtime_last_two_weeks': 0, 'playtime_at_review': 17082, 'deck_playtime_at_review': 1596, 'last_played': 1755656382}",english,How do I kick my son in the throat?,1614808329,1761441417,False,0,0,0.5,0,True,False,False,False
207571769,"{'steamid': '76561199218679118', 'num_games_owned': 67, 'num_reviews': 13, 'playtime_forever': 1844, 'playtime_last_two_weeks': 1844, 'playtime_at_review': 404, 'last_played': 1762201776}",russian,Почему нельзя выйти замуж за бомжа (Линуса),1761416922,1761416922,False,2,0,0.519841313362121582,2,True,False,False,False
207570682,"{'steamid': '76561199758379374', 'num_games_owned': 42, 'num_reviews': 10, 'playtime_forever': 13907, 'playtime_last_two_weeks': 2099, 'playtime_at_review': 12386, 'last_played': 1762103663}",schinese,"我们需要创意工坊
啥时候出创意工坊我啥时候改回去",1761416023,1761416023,False,0,0,0.5,0,True,False,False,False
207555463,"{'steamid': '76561199870181236', 'num_games_owned': 0, 'num_reviews': 3, 'playtime_forever': 211, 'playtime_last_two_weeks': 197, 'playtime_at_review': 19, 'deck_playtime_at_review': 19, 'last_played': 1761832211}",english,not compatible with steam deck.,1761405215,1761405215,False,0,0,0.476190477609634399,0,True,False,False,True
207517506,"{'steamid': '76561199200368207', 'num_games_owned': 0, 'num_reviews': 1, 'playtime_forever': 33324, 'playtime_last_two_weeks': 294, 'playtime_at_review': 33324, 'last_played': 1761367169}",english,booooooring idk how people can play it for long periods of time...,1761367268,1761367268,False,0,1,0.427668869495391846,1,True,False,False,False
207505163,"{'steamid': '76561198796490503', 'num_games_owned': 62, 'num_reviews': 9, 'playtime_forever': 192, 'playtime_last_two_weeks': 0, 'playtime_at_review': 192, 'last_played': 1757390313}",spanish,no te puedes kuliar las gallinas,1761351798,1761351798,False,2,1,0.519841313362121582,0,True,False,False,False
207495621,"{'steamid': '76561198393050463', 'num_games_owned': 129, 'num_reviews': 27, 'playtime_forever': 25, 'playtime_last_two_weeks': 2, 'playtime_at_review': 23, 'last_played': 1761502852}",koreana,맨 처음에 대체 뭘 하면 재밌어 지는지 모르겠다. 집 앞에 돌이나 좀 치우다 밖에서도 일하다 왔는데 또 일해야 하나? 그런 생각만 들어서 그냥 꺼버렸다. 화이트 칼라들은 사무실 책상 앞에만 앉아있다 들어와서 재밌는지 모르겠는데 몸 쓰는 사람은 그냥 하던거 또하는 느낌만 든다. 앞으로 이런 쪽 게임은 안할 것 같다.,1761341751,1761341751,False,1,0,0.5,0,True,False,False,False
207480111,"{'steamid': '76561198840876874', 'num_games_owned': 364, 'num_reviews': 27, 'playtime_forever': 151, 'playtime_last_two_weeks': 0, 'playtime_at_review': 151, 'last_played': 1674081717}",english,"Başlık: Beklentiler Yüksekti, Ama Gerçekten Sıkıldım

Puan: ★☆☆☆☆

İnceleme:

Stardew Valley, çıkmadan önce çok fazla övgü aldı ve ben de bunları duyunca gerçekten heyecanlanmıştım. Ancak oyun, beklentilerimi karşılamaktan çok uzak kaldı.

İlk başlarda her şey güzel gibi görünüyor; kendi çiftliğini kurup, tarım yapıyor, köy halkıyla tanışıyorsun. Ama ne yazık ki, oyun hızla monotonlaşıyor. Aynı görevleri sürekli tekrar etmekten sıkıldım. Tarım, balık tutma, madencilik... Hepsi çok tekrarlayıcı ve zamanla gerçekten sıkıcı hale geliyor. Oyunda ilerledikçe aynı şeyleri yapmaya devam etmek, o kadar da ""keyifli"" gelmiyor.

Bir diğer sorun ise karakterlerin derinliğinin olmaması. Herkesin temel bir kişiliği var ama bu pek bir anlam taşımıyor. Diğer karakterlerle etkileşimde derinlik yok, ve ana hikaye de oldukça sıradan. Yani, bir noktadan sonra köy halkı sadece ""yapman gereken şeyler"" gibi hissediyor.

Görsel olarak da, o kadar da özel değil. Piksel sanatı sevmeyen biri için bu oyun gerçekten zorlayıcı olabilir. Ayrıca, sürekli aynı şeyleri yapmak, oyun boyunca görsel çeşitliliğin neredeyse sıfır olmasıyla birleşince, her şey birbirine benziyor.

Zamanın nasıl geçtiğini anlamıyorsun, ama anlamadığın şey aslında sadece sıkıldığındır.

Çiftlik yönetmek ve kasaba hayatı kurmak istemiyorsanız, bu oyun size hitap etmeyebilir. Benim için zaman kaybıydı.",1761327822,1761327822,False,0,0,0.450230538845062256,0,True,False,False,False
191315552,"{'steamid': '76561198072431666', 'num_games_owned': 94, 'num_reviews': 26, 'playtime_forever': 34753, 'playtime_last_two_weeks': 0, 'playtime_at_review': 34753, 'last_played': 1760786744}",english,"blev lurad att spel dethä spelet av kopis viljam och jag gila typ de med endå inte för de fans väldigt många svarte personas (tw black pepoel) och jag blev förbanad helt änkel. gilar farmin simulator i de här spelet för cropsen ser  FETTTTT col ut typ som egplant och löven i bakgrund som falla på farmen. vet inte vad jag tycka om spel då de fins monster och black peoplele AGGGGGH, iaf bra gubar förutom black o de fans typ hispanicano vilket betyder svarta men lite vit typ aså haha så är lite förvirad om jag ska gila elr inte LMAOOOOOOOOOOOOOOO

+ farming simulator refernse
+ de fins löv men inte såna du kan planterha

- BLAKC PEOKLELE

EDIT: Spoile för ending av spele asså typ 100% ele nå sånt hata när Frank dog fö det kände typ rushad elle nått lol iaf ganka bra men ändå BAD REVIEW, allt fö mig, ses.",1743097305,1761314841,False,1,0,0.452631592750549316,0,True,False,False,False
207456481,"{'steamid': '76561199555711726', 'num_games_owned': 0, 'num_reviews': 18, 'playtime_forever': 104, 'playtime_last_two_weeks': 0, 'playtime_at_review': 104, 'last_played': 1757235454}",russian,L,1761307006,1761307006,False,0,0,0.5,0,True,False,False,False
169757220,"{'steamid': '76561198142153337', 'num_games_owned': 221, 'num_reviews': 53, 'playtime_forever': 3637, 'playtime_last_two_weeks': 529, 'playtime_at_review': 3637, 'last_played': 1761166130}",english,"I'm not really into cosy games but not sure why this is so hyped up
Mediocre, slow & repetitive.",1720867297,1761304300,False,0,0,0.5,0,True,False,False,False
207448868,"{'steamid': '76561199795679492', 'num_games_owned': 5, 'num_reviews': 4, 'playtime_forever': 2088, 'playtime_last_two_weeks': 12, 'playtime_at_review': 2088, 'last_played': 1761297560}",thai,trAgrsgth gmar,1761297622,1761297622,False,0,0,0.5,0,True,False,False,False
207428495,"{'steamid': '76561199092291491', 'num_games_owned': 0, 'num_reviews': 3, 'playtime_forever': 564, 'playtime_last_two_weeks': 22, 'playtime_at_review': 564, 'last_played': 1761260021}",latam,"Yo buscaba un juego relajante no uno aburrido como este , si tienes problemas de sueño te recomiendo jugarlo y dormirás en una. Todavía le seguiré un poco más haber si le agarro el disfrute de jugarlo y le cambié mi reseña, pero hasta el momento este juego es ZzZZZZ...",1761267879,1761267879,False,0,0,0.476190477609634399,0,True,False,False,False
207392360,"{'steamid': '76561198776901645', 'num_games_owned': 0, 'num_reviews': 1, 'playtime_forever': 196, 'playtime_last_two_weeks': 196, 'playtime_at_review': 196, 'last_played': 1761230881}",schinese,无聊,1761232730,1761232730,False,0,0,0.439706861972808838,0,True,False,False,False
207387933,"{'steamid': '76561199815807508', 'num_games_owned': 0, 'num_reviews': 1, 'playtime_forever': 4181, 'playtime_last_two_weeks': 3745, 'playtime_at_review': 1410, 'last_played': 1762166061}",english,The cloud messed up and I lost a month of in game progress T_T Great game tho,1761229015,1761229015,False,0,0,0.436507940292358398,0,True,False,False,False
207316938,"{'steamid': '76561198103198288', 'num_games_owned': 0, 'num_reviews': 3, 'playtime_forever': 7897, 'playtime_last_two_weeks': 3846, 'playtime_at_review': 5215, 'last_played': 1762217936}",english,"The game is cute in the beginning but quickly becomes a repetitive slog. 

The game does not explain its mechanics at all, it depends completely on fan made content to make it playable for a new player. 

Fishing is the best example of course, fans of this game lol about how hard fishing is. But it's not only hard mechanically, in the beginning I couldn't understand what I was supposed to do at all. So if you stop fishing completely, Willy comes to you and asks you why you aren't fishing. If you say it's too hard, he gives you training rod, says he will give you a lesson. That just gives you one fishing level for free but still doesn't explain what you're supposed to do. It's like the dev clearly sees that fishing is just a mess in this game but decided to just shrug it off.
And you need to fish to progress the game...
This makes the game unbalanced because you progress all the other skills too fast compared to fishing, 

Then there's making friends with characters... It's mostly giving them gifts, doing their quests and hoping for a cut scene...
And finding these people in time to give them a gift without the wiki is near impossible - and you need to chase them around to give them gifts and finish their quests.
Ah, the mini quests, they start on the day you pick them up and you need to chase the character to close them on the next day, So you need to pick them up early enough to finish them on the same day you pick them up and then chase down the character who requested it the next day. 
There's so much timed stuff to keep track of, it gets stressful very quickly.
  
At least I lucked out with romance, chose Maru on looks alone in the beginning when I knew nothing about her because she's the only one that doesn't look like an anime reject (also funny how most of the romance options look like anime rejects and there's not a single Asian person in this game). Her personality is very pleasant and her story is neat. 

If someone is starting with this game, my one tip is ignore chasing the quests early on. It will only frustrate you.
And to never pick up Robin's hardwood quest before you get a horse. The horse lives in this sad shoddy stable that costs a lot of resources and he makes the game much more playable because you move faster on it. Hail the horsey.

Also, if you upgrade your foraging skills to collect double and then to get highest quality, piggies are the best. 

I'm a completionist, so I will try to restore the community centre but I might give up because of the fishing eventually because after days in game and hours irl of doing the fishing minigame, I still barely understand the mechanics of it, youtube tutorials help very little. 

Generally, if you think a farming game should be you running around all over the map trying to complete anything and forgetting 10 other things, and you find that fun, then this game is for you.",1761145820,1761174503,False,2,0,0.45762711763381958,0,True,False,False,False
207339073,"{'steamid': '76561199113956077', 'num_games_owned': 23, 'num_reviews': 5, 'playtime_forever': 16, 'playtime_last_two_weeks': 0, 'playtime_at_review': 16, 'last_played': 1745269630}",turkish,boş,1761165386,1761165386,False,0,0,0.413793116807937622,0,True,False,False,False
207313064,"{'steamid': '76561199581155801', 'num_games_owned': 74, 'num_reviews': 14, 'playtime_forever': 2080, 'playtime_last_two_weeks': 0, 'playtime_at_review': 2080, 'deck_playtime_at_review': 1, 'last_played': 1758129613}",english,"(Played on Steam Deck)

I tried. I really did. But this one just didn’t steep right.

Okay, confession time: I jumped into Stardew Valley because of the hype. It felt like everyone was talking about it - the cosy community’s ride-or-die farm sim. So I gave it a proper go. In fact, I played 35 hours. I kept dipping back in, hoping for the moment it would “click.” But honestly? That moment never came.

The core gameplay loop just didn’t land. I found myself stuck in a grind that felt more repetitive than rewarding. And while I normally enjoy slower, sim-style games, something about Stardew felt off. The farming was fine - but it never sparked joy. The rhythm of the days turned into a bit of a chore… and not the comforting kind.

I struggled to connect with the characters. Their storylines felt generic, and I couldn’t get invested in the town’s social side the way so many others seem to. I know the heart of this game lies in its relationships, but I just didn’t feel much of a reason to care what anyone was up to.

As for the visuals - I get the nostalgic appeal of the retro pixel art. But personally, I found the world a little gloomy and lifeless. That’s totally a taste thing, and I respect the creative choice. It just didn’t do much for me.

I really did try to find positives. If nothing else, Stardew Valley helped pave the way for other life sims to build on the formula and evolve it. I’ve definitely seen this idea pulled off in ways that resonated with me more. That said, the community around the game is lovely. I met some genuinely kind people who encouraged me to keep going when I was struggling to stay interested.

My biggest frustration? That nagging feeling like I should be enjoying it. Like I was missing something magical everyone else could see. But the truth is - sometimes even the most beloved games just don’t click. And that’s okay.

Final Thoughts:
I fully respect how much this game means to others. It clearly struck a chord with thousands of players - and that’s great. But if you’re after something more emotionally engaging, visually vibrant, or relaxing without the grind, there are plenty of other cosy games that might be a better fit.

🌱 Rating: 5/10 (personally)
Not a bad game - just not my game. I wanted to love it, but it never quite brewed the right cup.",1761142366,1761142366,False,17,1,0.5843086838722229,4,True,False,False,False
144034102,"{'steamid': '76561199394654132', 'num_games_owned': 30, 'num_reviews': 5, 'playtime_forever': 16046, 'playtime_last_two_weeks': 0, 'playtime_at_review': 16046, 'last_played': 1751568256}",russian,"Если вы думали, что люди которые играют в доту, раст, кс и т.п. отбитые, вы не видели человека у которого больше 20-30 часов в этой помойке. ",1691875448,1761136155,False,0,0,0.5,0,True,False,False,False
195635831,"{'steamid': '76561199249861558', 'num_games_owned': 0, 'num_reviews': 13, 'playtime_forever': 3652, 'playtime_last_two_weeks': 0, 'playtime_at_review': 3652, 'last_played': 1760371927}",turkish,Npc ile sevgili olunca bile aldatılıyorsunuz tüm bekarların platoniği var,1748188415,1761128909,False,0,0,0.5,0,True,False,False,False
207231059,"{'steamid': '76561198037582861', 'num_games_owned': 372, 'num_reviews': 74, 'playtime_forever': 823, 'playtime_last_two_weeks': 0, 'playtime_at_review': 823, 'last_played': 1714996360}",english,!,1761047314,1761047314,False,0,0,0.483425408601760864,0,True,False,False,False
198934415,"{'steamid': '76561199855519464', 'num_games_owned': 67, 'num_reviews': 11, 'playtime_forever': 8039, 'playtime_last_two_weeks': 205, 'playtime_at_review': 8039, 'last_played': 1761046519}",schinese,不好玩，没啥意思，不知道咋火的,1751642349,1761046601,False,0,0,0.52173912525177002,0,True,False,False,False
207229571,"{'steamid': '76561199013559530', 'num_games_owned': 21, 'num_reviews': 4, 'playtime_forever': 1303, 'playtime_last_two_weeks': 1, 'playtime_at_review': 1302, 'last_played': 1761402599}",russian,"я гей
",1761045255,1761045255,False,3,0,0.516129016876220703,0,True,True,False,False
207185235,"{'steamid': '76561198045099492', 'num_games_owned': 0, 'num_reviews': 36, 'playtime_forever': 4046, 'playtime_last_two_weeks': 0, 'playtime_at_review': 4046, 'last_played': 1653259596}",english,"Tedious, boring, badly written. A juvenile and off-putting fantasy, honestly. I tried to see if it had any redeeming qualities, and there really aren't any.",1760982134,1760982134,False,1,1,0.387323945760726929,0,True,False,False,False
207164631,"{'steamid': '76561198862828501', 'num_games_owned': 13, 'num_reviews': 16, 'playtime_forever': 1160, 'playtime_last_two_weeks': 427, 'playtime_at_review': 732, 'last_played': 1762072874}",english,"This game is wholesome and slow-paced, allowing for the appreciation of the warm, heartening ambient within. The story of this game will definitely capture many people living in the modern life. It can even be better to explore with friends, given they also have not played the game yet, as it can spark a few enjoyable conversations about this game or perhaps about something else. Unfortunately, I gradually discover that this game is too peaceful for me throughout hours of playing.

Personally, to enjoy this game, it must truly be your place to relax: playing after a long day of, say, work, school or tedious routine to temporarily escape from reality and [i]feel[/i] the character that you control. Otherwise, this game can easily get mundane.

I do recommend this game to people who ""already exerted their effort on something else"" like full-time employees from working; I just would not recommend it to people like me who see games as a place to give myself a challenge.",1760962140,1760963813,False,2,1,0.459930300712585449,0,True,False,False,False
207159224,"{'steamid': '76561199009139825', 'num_games_owned': 1, 'num_reviews': 1, 'playtime_forever': 1943, 'playtime_last_two_weeks': 1454, 'playtime_at_review': 291, 'last_played': 1762178376}",schinese,联机一直掉线，垃圾的要死,1760954536,1760954536,False,0,0,0.5,0,True,False,False,False
207138902,"{'steamid': '76561198030754199', 'num_games_owned': 0, 'num_reviews': 8, 'playtime_forever': 679, 'playtime_last_two_weeks': 0, 'playtime_at_review': 679, 'last_played': 1760922476}",english,"If you are going to use a wiki as a list of what to do, it's fine. Just don't look for in-game clarity as to what to do. 

If you are looking for a build a house and have a farm sim it's okay. 

Don't expect much of a challenge other than keeping the list of things to gather/find straight. The combat in the game is fairly trivial.

The order of operations isn't forced so you will find yourself doing things out of order and it makes the experience more very poor (read: annoying/frustrating) when you discover something that would have made a prior experience more enjoyable. 

The ui is ""okay"".  alignment issues seem to happen periodically and mouse click actions by default never seem to quite be what i expect (even after 10 hours). maybe it's too many years of diablo? 

i fished once and was like ""i don't really enjoy this"" and then discoverd it's like a major part of the game.  

still better than many other games but it clearly wasn't designed with me in mind.
",1760923324,1760923324,False,1,1,0.423860698938369751,0,True,False,False,False
207120670,"{'steamid': '76561199004023876', 'num_games_owned': 48, 'num_reviews': 5, 'playtime_forever': 9040, 'playtime_last_two_weeks': 436, 'playtime_at_review': 7916, 'last_played': 1761952666}",russian,сын фермера,1760903239,1760903239,False,0,0,0.5,0,True,False,False,False
117910932,"{'steamid': '76561199256387862', 'num_games_owned': 94, 'num_reviews': 21, 'playtime_forever': 2740, 'playtime_last_two_weeks': 0, 'playtime_at_review': 2740, 'last_played': 1760860569}",english,哇哇哇！นี่มันสนุกเกินไปแล้ว,1656573167,1760875971,False,0,0,0.5,0,True,False,False,False
207064897,"{'steamid': '76561199137758077', 'num_games_owned': 27, 'num_reviews': 3, 'playtime_forever': 4493, 'playtime_last_two_weeks': 0, 'playtime_at_review': 4493, 'last_played': 1713037525}",turkish,Onlayken çok güzeldi,1760851160,1760851160,False,0,0,0.5,0,True,False,False,False
207053453,"{'steamid': '76561199431624409', 'num_games_owned': 0, 'num_reviews': 5, 'playtime_forever': 85, 'playtime_last_two_weeks': 0, 'playtime_at_review': 85, 'last_played': 1735360748}",brazilian,HORRIVEL,1760836420,1760836420,False,0,0,0.454545468091964722,0,True,False,False,False
207027268,"{'steamid': '76561199634759777', 'num_games_owned': 10, 'num_reviews': 1, 'playtime_forever': 765, 'playtime_last_two_weeks': 0, 'playtime_at_review': 343, 'last_played': 1760971793}",schinese,哦,1760810599,1760810599,False,0,0,0.476190477609634399,0,True,False,False,False
207022759,"{'steamid': '76561199570245693', 'num_games_owned': 56, 'num_reviews': 26, 'playtime_forever': 40, 'playtime_last_two_weeks': 0, 'playtime_at_review': 40, 'last_played': 1725661977}",turkish,anlamadım amacımız tam olarak ne olduğunu,1760807031,1760807031,False,0,0,0.5,0,True,False,False,False
207022608,"{'steamid': '76561199484508809', 'num_games_owned': 98, 'num_reviews': 11, 'playtime_forever': 258, 'playtime_last_two_weeks': 0, 'playtime_at_review': 201, 'last_played': 1760810611}",turkish,karı çok trip atıyor sevmedim zornonoglagitif,1760806908,1760806908,False,0,0,0.5,0,True,False,False,False
206999765,"{'steamid': '76561199248284524', 'num_games_owned': 0, 'num_reviews': 1, 'playtime_forever': 1283, 'playtime_last_two_weeks': 307, 'playtime_at_review': 761, 'last_played': 1762065222}",schinese,玩了根本停不下来，不建议玩,1760787869,1760787869,False,1,2,0.523809552192687988,0,True,False,False,False
206981072,"{'steamid': '76561198820416605', 'num_games_owned': 0, 'num_reviews': 6, 'playtime_forever': 5900, 'playtime_last_two_weeks': 0, 'playtime_at_review': 5671, 'last_played': 1760861970}",latam,dev de re mierda,1760766081,1760766081,False,1,0,0.454545468091964722,0,True,False,False,False
206969898,"{'steamid': '76561199416405414', 'num_games_owned': 0, 'num_reviews': 2, 'playtime_forever': 667, 'playtime_last_two_weeks': 0, 'playtime_at_review': 623, 'last_played': 1760754661}",schinese,666,1760751967,1760751967,False,0,0,0.434782594442367554,0,True,False,False,False
206957759,"{'steamid': '76561198015518134', 'num_games_owned': 496, 'num_reviews': 42, 'playtime_forever': 344, 'playtime_last_two_weeks': 0, 'playtime_at_review': 344, 'last_played': 1593972319}",russian,"Купил чтобы играть вместе с девушкой. По итогу расстались :с
ХОТЕЛОСЬ БЫ НАЗАД СВОИ 2400 ТЕНГЕ!!!",1760736942,1760736942,False,1,3,0.476190507411956787,0,True,False,False,False
206919781,"{'steamid': '76561198203160316', 'num_games_owned': 0, 'num_reviews': 7, 'playtime_forever': 4015, 'playtime_last_two_weeks': 72, 'playtime_at_review': 3787, 'last_played': 1761508122}",english,it sucks,1760702413,1760702413,False,0,1,0.457449913024902344,0,True,False,False,False
206903273,"{'steamid': '76561199753363512', 'num_games_owned': 0, 'num_reviews': 15, 'playtime_forever': 14193, 'playtime_last_two_weeks': 0, 'playtime_at_review': 13981, 'last_played': 1760948408}",schinese,SM赛车,1760676436,1760676436,False,0,0,0.5,0,True,False,False,False
194209727,"{'steamid': '76561199024597202', 'num_games_owned': 717, 'num_reviews': 155, 'playtime_forever': 2550, 'playtime_last_two_weeks': 0, 'playtime_at_review': 2550, 'last_played': 1731181716}",turkish,Fazla sıkıcı ve amaçsız. Günlerde adam akıllı bişey yapamadan fazla hızlı geçiyor. Tek oynamasam bu kadar sıkılmazdım belki.,1746365737,1760638660,False,1,0,0.436241596937179565,0,True,True,False,False
206860993,"{'steamid': '76561199119471956', 'num_games_owned': 39, 'num_reviews': 10, 'playtime_forever': 65415, 'playtime_last_two_weeks': 0, 'playtime_at_review': 64857, 'last_played': 1760663817}",english,not very replayable only like 50 hours worth of content,1760628653,1760628653,False,0,5,0.409836083650588989,0,True,False,False,False
206811874,"{'steamid': '76561198103909833', 'num_games_owned': 0, 'num_reviews': 1, 'playtime_forever': 15223, 'playtime_last_two_weeks': 0, 'playtime_at_review': 15223, 'last_played': 1760186874}",english,"Hello hello! i will marry me with the fiskare willy, but it does not work? 
it is ok because in the mine need i do unboxing unboxing every 10 level!
when i eat the stardrops i get very measured.",1760562846,1760562846,False,0,0,0.488750964403152466,1,True,False,False,False
206793091,"{'steamid': '76561199115168324', 'num_games_owned': 0, 'num_reviews': 17, 'playtime_forever': 290, 'playtime_last_two_weeks': 0, 'playtime_at_review': 290, 'last_played': 1712735118}",english,"ehh i have to do all these chores in real life. not looking to do digitai chores all day.
i only got this in hopes i could farm nostalgia from harvest moon memories. id rather have that game.",1760545238,1760545238,False,1,0,0.454545468091964722,0,True,False,False,False
206791510,"{'steamid': '76561198840805715', 'num_games_owned': 0, 'num_reviews': 3, 'playtime_forever': 623, 'playtime_last_two_weeks': 96, 'playtime_at_review': 527, 'last_played': 1761514880}",english,This is one of the worst games ive played in my life,1760543823,1760543823,False,0,1,0.465976327657699585,0,True,False,False,False
206770865,"{'steamid': '76561198778990183', 'num_games_owned': 0, 'num_reviews': 1, 'playtime_forever': 546, 'playtime_last_two_weeks': 227, 'playtime_at_review': 313, 'last_played': 1761997122}",schinese,LAJI,1760520388,1760520388,False,0,0,0.416666656732559204,0,True,False,False,False
206764573,"{'steamid': '76561198411407166', 'num_games_owned': 0, 'num_reviews': 24, 'playtime_forever': 412, 'playtime_last_two_weeks': 0, 'playtime_at_review': 412, 'last_played': 1752236963}",russian,"Переоценённая и очень скучная (что зачем-то называют ""уютом и медитативностью"") игра про фермерство.

Очень интересново ""медитативно"" работать на грядке и ""развивать отношения"" с цифровыми болванчиками, которых нельзя побить граблями
А, ну да, подземелья. Сорян, у меня есть игры с нормальным экшеном. Зачем в это недоразумение добавили возможность стукать чертей я не понял...

Плюсы:
Можно собирать камни

Минусы:
Медленная и скучная
Бессмысленный симулятор высаживания картохи и её сбора
Половина контента не нужна",1760508907,1760508907,False,2,1,0.408428966999053955,0,True,True,False,False
206756735,"{'steamid': '76561199179023572', 'num_games_owned': 23, 'num_reviews': 11, 'playtime_forever': 16280, 'playtime_last_two_weeks': 6265, 'playtime_at_review': 5990, 'last_played': 1762181750}",schinese,为啥我非得在黑心大资本和无良小奸商之间选边站呢,1760496283,1760496283,False,0,0,0.476190477609634399,1,True,False,False,False
206752351,"{'steamid': '76561198204429616', 'num_games_owned': 47, 'num_reviews': 11, 'playtime_forever': 575, 'playtime_last_two_weeks': 0, 'playtime_at_review': 575, 'last_played': 1676745672}",english,"everyone told me it fired,,, Ok,,, i play with friend who say even though farming game Bad suck this ome different,.,.,
.,., it Wasnt different ,  very Boring slop",1760490232,1760490232,False,0,1,0.408825427293777466,0,True,False,False,False
206725728,"{'steamid': '76561198802073170', 'num_games_owned': 91, 'num_reviews': 4, 'playtime_forever': 5730, 'playtime_last_two_weeks': 0, 'playtime_at_review': 5714, 'last_played': 1760462125}",english,"I know this is gonna be a hot take, but I don't get why people keep defending this game...Is it because it was produced by one person? I don't think that's a reason to give someone a pat on the back for the clunky gameplay, information overload, and general bs that you need a guide for in order to progress the game...How else are you gonna find out about all this bs??? Bad game most people buy it bc it's cheap i said what i said stay mad haters",1760462113,1760462113,False,3,9,0.41748964786529541,0,True,False,False,False
206710068,"{'steamid': '76561199817836654', 'num_games_owned': 2, 'num_reviews': 1, 'playtime_forever': 1444, 'playtime_last_two_weeks': 0, 'playtime_at_review': 1444, 'last_played': 1759845328}",russian,игра кал собачий,1760448399,1760448399,False,2,0,0.52173912525177002,0,True,False,False,False
206700160,"{'steamid': '76561198421977820', 'num_games_owned': 0, 'num_reviews': 3, 'playtime_forever': 467, 'playtime_last_two_weeks': 0, 'playtime_at_review': 467, 'last_played': 1758226031}",english,farm together (1&2) is way better,1760436605,1760436605,False,0,0,0.476190477609634399,0,True,False,False,False
206687212,"{'steamid': '76561199485619918', 'num_games_owned': 0, 'num_reviews': 10, 'playtime_forever': 3003, 'playtime_last_two_weeks': 0, 'playtime_at_review': 2678, 'last_played': 1760615810}",schinese,[spoiler]雷欧[/spoiler]的9心剧情有bug，和夜市活动叠在一起时会出现黑屏！不修复这个bug的话只能跳过剧情或者等夜市活动过去了。,1760416614,1760416614,False,0,0,0.5,0,True,False,False,False
206670601,"{'steamid': '76561199230492158', 'num_games_owned': 0, 'num_reviews': 1, 'playtime_forever': 33, 'playtime_last_two_weeks': 0, 'playtime_at_review': 33, 'last_played': 1760394508}",english,boring,1760395018,1760395018,False,0,0,0.373385161161422729,0,True,False,False,False
206651723,"{'steamid': '76561199576653660', 'num_games_owned': 24, 'num_reviews': 3, 'playtime_forever': 7591, 'playtime_last_two_weeks': 1833, 'playtime_at_review': 5182, 'last_played': 1762184821}",brazilian,Haley muito exigente,1760378418,1760378418,False,0,0,0.5,0,True,False,False,False
206649089,"{'steamid': '76561198411379290', 'num_games_owned': 33, 'num_reviews': 1, 'playtime_forever': 1638, 'playtime_last_two_weeks': 472, 'playtime_at_review': 504, 'last_played': 1761409781}",turkish,hgghh,1760376303,1760376303,False,0,0,0.454545468091964722,0,True,False,False,False
206645083,"{'steamid': '76561199259303534', 'num_games_owned': 0, 'num_reviews': 9, 'playtime_forever': 231, 'playtime_last_two_weeks': 1, 'playtime_at_review': 213, 'last_played': 1762122837}",brazilian,Não dá pra pegar casadas,1760372996,1760372996,False,0,0,0.454545468091964722,0,True,False,False,False
206568775,"{'steamid': '76561199044878382', 'num_games_owned': 68, 'num_reviews': 12, 'playtime_forever': 14423, 'playtime_last_two_weeks': 5425, 'playtime_at_review': 7370, 'last_played': 1762098111}",schinese,这游戏里的小游戏就他妈是一坨屎！！！！！！！,1760290130,1760371213,False,0,0,0.47413790225982666,0,True,False,False,False
206637285,"{'steamid': '76561198953095499', 'num_games_owned': 0, 'num_reviews': 7, 'playtime_forever': 2222, 'playtime_last_two_weeks': 0, 'playtime_at_review': 2222, 'last_played': 1693173302}",brazilian,"honestamente, tentei muito gostar desse jogo, mas infelizmente não é para mim :(
ter que ficar manejando tudo o que tem que fazer em um dia na fazenda só me deixou estressada e não me deu vontade de jogar esse jogo novamente.
sei que outras pessoas amam esse aspecto do jogo, mas não me agradou de nenhuma forma",1760366649,1760366649,False,0,0,0.5,0,True,False,False,False
206630374,"{'steamid': '76561199531086304', 'num_games_owned': 42, 'num_reviews': 2, 'playtime_forever': 9950, 'playtime_last_two_weeks': 166, 'playtime_at_review': 9373, 'last_played': 1761917283}",schinese,"一坨狗屎
这么喜欢打怪干脆把矿洞外的内容全删了吧
",1760359932,1760359932,False,3,2,0.463064253330230713,0,True,False,False,False
206609536,"{'steamid': '76561199122387614', 'num_games_owned': 259, 'num_reviews': 43, 'playtime_forever': 231, 'playtime_last_two_weeks': 0, 'playtime_at_review': 231, 'last_played': 1754873275}",english,this game lowkey is so fucking boring don't touch it unless you're a cozy gamer,1760329967,1760329967,False,1,0,0.491803288459777832,0,True,False,False,False
206582202,"{'steamid': '76561198063926545', 'num_games_owned': 261, 'num_reviews': 31, 'playtime_forever': 45, 'playtime_last_two_weeks': 0, 'playtime_at_review': 45, 'last_played': 1760251813}",english,"Possibly the most boring game ive ever played. 
",1760299888,1760299888,False,0,0,0.476190477609634399,1,True,False,False,False
206577793,"{'steamid': '76561198077270787', 'num_games_owned': 0, 'num_reviews': 4, 'playtime_forever': 301, 'playtime_last_two_weeks': 0, 'playtime_at_review': 301, 'last_played': 1760294498}",japanese,"サンヘイブンを先にやってしまったせいで不便さの方が目立つ
序盤に少しずつ発展させるのはそういうゲームだからいいが
移動速度とエネルギー回復の手段が序盤で萎えさせるのに十分
農業以外の金策しようにも足の遅さと無駄なマップの広さと釣り場の不明瞭さと遠さが足を引っ張る
なんでこれはやったの？16年リリースで対抗いなかっただけですね
今買う必要はないです",1760296563,1760296563,False,1,0,0.374529719352722168,0,True,False,False,False
206564519,"{'steamid': '76561199141377964', 'num_games_owned': 0, 'num_reviews': 21, 'playtime_forever': 1880, 'playtime_last_two_weeks': 0, 'playtime_at_review': 1871, 'last_played': 1760287562}",turkish,ortalama,1760287100,1760287100,False,0,0,0.5,0,True,False,False,False
206542280,"{'steamid': '76561199523424438', 'num_games_owned': 0, 'num_reviews': 14, 'playtime_forever': 560, 'playtime_last_two_weeks': 0, 'playtime_at_review': 560, 'last_played': 1749385568}",japanese,シンプルにつまらない,1760272037,1760272037,False,1,0,0.453183501958847046,0,True,False,False,False
206518181,"{'steamid': '76561199389097634', 'num_games_owned': 60, 'num_reviews': 21, 'playtime_forever': 231, 'playtime_last_two_weeks': 0, 'playtime_at_review': 231, 'last_played': 1758045014}",russian,"Пиксельная параша, зря купил. Думал будет интереснее!",1760250439,1760250439,False,0,0,0.438144326210021973,0,True,False,False,False
206484420,"{'steamid': '76561198296929373', 'num_games_owned': 0, 'num_reviews': 4, 'playtime_forever': 1150, 'playtime_last_two_weeks': 5, 'playtime_at_review': 1145, 'last_played': 1761322704}",russian,"игра очень хорошая, построил говорящему еноту дом, купил купил шляпу у мыши, целый зверинец всем советую",1760216888,1760216888,False,0,2,0.480225980281829834,1,True,False,False,False
206482311,"{'steamid': '76561199380053311', 'num_games_owned': 0, 'num_reviews': 7, 'playtime_forever': 116, 'playtime_last_two_weeks': 0, 'playtime_at_review': 116, 'last_played': 1752159522}",english,DO NOT GET ALL YOU DO IS FARM,1760215278,1760215278,False,0,0,0.445705026388168335,1,True,False,False,False
206454858,"{'steamid': '76561198986711030', 'num_games_owned': 156, 'num_reviews': 54, 'playtime_forever': 318, 'playtime_last_two_weeks': 0, 'playtime_at_review': 306, 'last_played': 1760276507}",turkish,A,1760197013,1760197013,False,0,0,0.5,0,True,False,False,False
206450686,"{'steamid': '76561198045721162', 'num_games_owned': 0, 'num_reviews': 33, 'playtime_forever': 5990, 'playtime_last_two_weeks': 0, 'playtime_at_review': 5990, 'last_played': 1678400262}",english,"The gameplay is fairly monotonous, and the NPCs have very sterile interactions.
It's a grind, no skill is required anywhere, mechanics simply boil down to get money by clicking left mouse until you run out of energy for the day, so you are then forced to forage or 'interact' with the townsfolk.
Nothing is random, all NPC activity and game elements are on rails.
In all honesty, this is the game that made me realize I don't like cozy games.
The artwork is pretty good, except for some color choices (yellow dirt?!). Music is pretty good, and compliments the game well.",1760194555,1760194555,False,4,0,0.450446665287017822,0,True,False,False,False
206445167,"{'steamid': '76561199259910826', 'num_games_owned': 59, 'num_reviews': 1, 'playtime_forever': 18445, 'playtime_last_two_weeks': 0, 'playtime_at_review': 18445, 'last_played': 1760191075}",schinese,nmsl,1760191114,1760191114,False,0,0,0.5,0,True,False,False,False
206435130,"{'steamid': '76561198969063038', 'num_games_owned': 502, 'num_reviews': 33, 'playtime_forever': 1107, 'playtime_last_two_weeks': 0, 'playtime_at_review': 1107, 'last_played': 1742069755}",schinese,最讨厌的游戏,1760183904,1760183904,False,0,0,0.476190477609634399,0,True,False,False,False
206359489,"{'steamid': '76561199231886066', 'num_games_owned': 58, 'num_reviews': 21, 'playtime_forever': 2816, 'playtime_last_two_weeks': 0, 'playtime_at_review': 2606, 'last_played': 1760709125}",japanese,"インストールしてから夢中になってやって、これほどの時間泥棒はないと思っていたのだけど、ある日突然冷めてしまって、それからずっと放置していた。この間久しぶりに起動して、もういろいろ忘れているから新しいデータを作って再開してみたけれど、冷めてしまった理由の確認以上にはならなかった。

スローライフというのに「やりたいこと」の三分の一すらもできない内に夜が来る、いや、夜が来る前にスタミナが尽きて行動不能になる、だからなんでも中途半端にして翌日に持ち越すしかなく、その翌日にしても思っていた半分も事が進まない。ダンジョンにでも潜った日には、あっという間に夜中になって行き倒れになったりする。

まことに啓蒙的なデザインではある。スローライフシミュレーター、確かに、というわけだ。そうやってやりたいことを全部詰め込む生活そのものを見直しなさい、というメッセージは伝わってくる。しかしそんなメッセージをありがたくいただいて胸に刻んだところで、ゲームプレイが劇的に変わるかというとそんなことはない。一年でできることを五年かけてやるようになるというだけで、しかもそうすると今度は、毎晩疲れて飲みに出る酒場でまともな注文一つもできない毎日を、一年近くも我慢して生活せざるを得なくなるのだ。それがスローライフの神髄だというなら、これもまた実に啓蒙的だ。

不自由さのゆえに思う存分好きなことをやれない、その不満足が次の行動を促すというゲームデザインは、確かに人を夢中にさせる側面もある。その点では見事に構成されたゲームだと言えよう。手を付けた中途半端なことほど、続けるための動機づけがはっきりするものはないからだ。それにこれは人生の縮図のようでもある。何もかも常に中途半端のまま、ただひたすら続けるしかないという。ゲームとしてはこれは完全な報酬を永遠に遅延させる、ということになる。けれども報酬の予兆だとか、妥協できる程度の報酬は常にぶら下げておく。そりゃ、やめられなくなって当たり前だ。いつまでも「もうちょっと」の渇望が続くのだから。それで本当に得られるものは少ないにしても。

しかしそれって……わざわざ金を払ってまでやりたい非現実の体験なんだろうか？　木を数本切り倒しただけで一日にできることが残らないほどの不自由な「リアル」に、私は安住の地を求めたんだろうか？　自動化しようとすればそれまで膨大な「人手不足」状態を過労死寸前の労働で乗り切らなければならない「リアル」、近所の人たちの好みと行動を把握して、そのために自分のやりたいことを多数犠牲にしながらも彼らに奉仕しなければならない「リアル」。ほのぼのした感じのアートスタイルだが、このゲームを始めていやでも気が付かなければならないのは、スローライフはのんびりなどしていないということ、狭いコミュニティで生きるためには多大な気遣いが必要だということ、それこそワークライフバランスなどかなぐり捨てて馬車場のように働かなければならないのだということ、なのである。

確かに30時間ほどは楽しかった。膨れ上がるToDoリストと、キャラクターの（相対的に）低すぎる体力とにうんざりするまでは。そしてうんざりした後に残ったのは、田舎暮らしがJojaで働くことと比べて何ほどもましなわけではないという苦い現実だった。そうなればもう二度とこの「スローライフ」が輝いて見えることはない。そんな気づきのために30時間を必要としたのだというのもまた、直視したくない現実の一つである。",1760120165,1760171516,False,6,1,0.478223055601119995,0,True,False,False,False
206413152,"{'steamid': '76561199182419396', 'num_games_owned': 0, 'num_reviews': 2, 'playtime_forever': 322, 'playtime_last_two_weeks': 0, 'playtime_at_review': 16, 'last_played': 1760262913}",english,game bosok gak bakal sukses,1760163783,1760163783,False,0,1,0.489323854446411133,0,True,False,False,False
206364214,"{'steamid': '76561199782269983', 'num_games_owned': 32, 'num_reviews': 2, 'playtime_forever': 10181, 'playtime_last_two_weeks': 2516, 'playtime_at_review': 5388, 'last_played': 1762158826}",schinese,这个游戏为什么不能杀人？,1760122943,1760122943,False,0,0,0.395480215549468994,2,True,False,False,False
206332124,"{'steamid': '76561198863017861', 'num_games_owned': 18, 'num_reviews': 11, 'playtime_forever': 2845, 'playtime_last_two_weeks': 1316, 'playtime_at_review': 1091, 'last_played': 1762080842}",schinese,游戏都打不开,1760100795,1760100795,False,0,0,0.476190477609634399,1,True,False,False,False
206322682,"{'steamid': '76561199085738713', 'num_games_owned': 0, 'num_reviews': 2, 'playtime_forever': 913, 'playtime_last_two_weeks': 0, 'playtime_at_review': 912, 'last_played': 1760185404}",english,Game is not running. I have tried absolutely everything. It starts the launch sequence and then suddenly stops. I am at my wits end. Plz Help.,1760089278,1760089278,False,0,0,0.5,1,True,False,False,False
206314642,"{'steamid': '76561199372660179', 'num_games_owned': 0, 'num_reviews': 27, 'playtime_forever': 57, 'playtime_last_two_weeks': 0, 'playtime_at_review': 57, 'last_played': 1754914907}",schinese,前期引导很弱，做什么都要行动力，一天时间还特别短。不适合不习惯这种模式的玩家,1760076800,1760076800,False,3,1,0.465798050165176392,0,True,False,False,False
206295069,"{'steamid': '76561199202648859', 'num_games_owned': 0, 'num_reviews': 1, 'playtime_forever': 2841, 'playtime_last_two_weeks': 0, 'playtime_at_review': 2531, 'last_played': 1760894684}",brazilian,estressante,1760049595,1760049595,False,0,0,0.5,0,True,False,False,False
206276453,"{'steamid': '76561198406267748', 'num_games_owned': 94, 'num_reviews': 16, 'playtime_forever': 78, 'playtime_last_two_weeks': 0, 'playtime_at_review': 78, 'last_played': 1760030175}",english,"mierdón catastrófico, toquen césped",1760031786,1760031786,False,1,2,0.425603628158569336,0,True,False,False,False
206270683,"{'steamid': '76561199215244326', 'num_games_owned': 0, 'num_reviews': 10, 'playtime_forever': 778, 'playtime_last_two_weeks': 0, 'playtime_at_review': 458, 'last_played': 1760533932}",schinese,一般,1760026842,1760026842,False,0,0,0.476190477609634399,0,True,False,False,False
206270178,"{'steamid': '76561198892092523', 'num_games_owned': 91, 'num_reviews': 7, 'playtime_forever': 735, 'playtime_last_two_weeks': 0, 'playtime_at_review': 735, 'last_played': 1760026363}",english,all these years and still has shitty mp bugs such a waste of time,1760026411,1760026411,False,0,0,0.489323854446411133,0,True,False,False,False
206263260,"{'steamid': '76561199031484201', 'num_games_owned': 10, 'num_reviews': 1, 'playtime_forever': 4176, 'playtime_last_two_weeks': 11, 'playtime_at_review': 3242, 'last_played': 1761394256}",schinese,联机全他妈是bug，老是角色属于别人怎么玩,1760020731,1760020731,False,0,0,0.483870983123779297,0,True,False,False,False
206250062,"{'steamid': '76561199513170652', 'num_games_owned': 0, 'num_reviews': 1, 'playtime_forever': 4558, 'playtime_last_two_weeks': 2131, 'playtime_at_review': 419, 'last_played': 1762003443}",schinese,没有创意工坊，MOD安装不方便,1760005812,1760005812,False,2,0,0.47999998927116394,0,True,False,False,False
206240105,"{'steamid': '76561198012545565', 'num_games_owned': 0, 'num_reviews': 258, 'playtime_forever': 54, 'playtime_last_two_weeks': 0, 'playtime_at_review': 54, 'last_played': 1759988259}",english,"Just another stupid game.
Walk up to what looks like a giant chest out side of house.
Deposit large amount of wood.
Inventory full, so deposit 1 other item.
Large amount of wood is now apparently deleted from game.
WTF!!!
Just another stupid game!

OH, and you will spend half the time you play with your character exhausted and needing to rest!",1759988533,1759988533,False,1,3,0.393548399209976196,2,True,False,False,False
206236374,"{'steamid': '76561198815080614', 'num_games_owned': 273, 'num_reviews': 19, 'playtime_forever': 36, 'playtime_last_two_weeks': 0, 'playtime_at_review': 36, 'last_played': 1710979010}",english,"Got this game awhile back, and refunded it. I found it very boring, annoying and repetitive. My friends seem to like it though ¯\_(ツ)_/¯",1759982122,1759982122,False,1,0,0.419407278299331665,0,True,False,False,False
178825614,"{'steamid': '76561199284420309', 'num_games_owned': 30, 'num_reviews': 6, 'playtime_forever': 12418, 'playtime_last_two_weeks': 80, 'playtime_at_review': 11153, 'last_played': 1761910110}",brazilian,haley won't sit on my face ( or the game doesn't show it ) 0/10,1731333552,1759980695,False,4,4,0.571428537368774414,0,True,False,False,False
190195261,"{'steamid': '76561199654231078', 'num_games_owned': 36, 'num_reviews': 9, 'playtime_forever': 4647, 'playtime_last_two_weeks': 0, 'playtime_at_review': 4647, 'last_played': 1742676691}",brazilian,"um dos piores jogos que eu joguei, minhas 77 horas não valeram de nada, o jogo é chato, repetitivo e é a mesma coisa do começo ao fim, fica ainda ainda pior se jogar com amigos e ainda mais se esse ""amigo"" for um goblin competitivo que bate pra anime, em resumo, odeio esse jogo por causa da pessoa que me apresentou ele, mas o jogo é uma bosta",1741982872,1759956393,False,0,0,0.5,0,True,False,False,False
206213880,"{'steamid': '76561198374151698', 'num_games_owned': 0, 'num_reviews': 1, 'playtime_forever': 2930, 'playtime_last_two_weeks': 63, 'playtime_at_review': 199, 'last_played': 1761514111}",russian,Михаил не хочет со мной играть(,1759952688,1759952688,False,0,0,0.5,0,True,False,False,False
205985115,"{'steamid': '76561199118675790', 'num_games_owned': 0, 'num_reviews': 4, 'playtime_forever': 3986, 'playtime_last_two_weeks': 0, 'playtime_at_review': 3750, 'last_played': 1759958274}",koreana,개좆망겜,1759695576,1759942204,False,0,0,0.5,0,True,False,False,False
206201840,"{'steamid': '76561199222872467', 'num_games_owned': 36, 'num_reviews': 14, 'playtime_forever': 2125, 'playtime_last_two_weeks': 0, 'playtime_at_review': 2125, 'last_played': 1752457984}",brazilian,"Por onde começo? Eu enjoei muito rápido desse jogo. E o problema nem são jogos de fazendinha, já que eu só não joguei mais Slime Rancher porque não rodava direito no meu PC. Esse jogo é massante, chega a ser ridículo um jogo de fazenda que você passa mais tempo pescando ou lutando naquela mina com um combate horrível do que realmente cuidando da fazenda. E nem vou falar dos personagens, um mais insuportável que o outro. As vezes dava até vontade de sacrificar um deles igual no Cult of The Lamb. O modo multiplayer é completamente quebrado e mal feito, já que as cutscenes não pausam e gastam o tempo que já é extremamente curto, isso sem falar nos bugs que quebram a economia, tipo a multiplicação de itens usando uma mesa. Conclusão: Puro hype superestimado que só é bom pra quem nunca jogou outro do mesmo gênero, tipo Slime Rancher.",1759941170,1759941170,False,1,0,0.396938204765319824,0,True,False,False,False
206194516,"{'steamid': '76561198120811482', 'num_games_owned': 83, 'num_reviews': 5, 'playtime_forever': 143, 'playtime_last_two_weeks': 0, 'playtime_at_review': 143, 'last_played': 1759849744}",russian,"Игра мне не зашла. Ощущения после игровой сессии — как после реальной работы на огороде: только усталость. Отмечу, что технически всё сделано неплохо(музыка, стиль, события), но геймплей представляет собой вязкий и медлительный симулятор рутины.

Постоянные пробежки между локациями без быстрого перемещения и слишком быстро заканчивающаяся энергия не добавляют глубины, а лишь искусственно затягивают процесс. Вместо удовольствия от развития фермы получаешь монотонный повтор одного и того же дня: проснулся - полил грядки - купил семена - половил рыбу - лёг спать и так по кругу.",1759934495,1759934495,False,5,0,0.540308177471160889,0,True,False,False,False
206159492,"{'steamid': '76561198094827054', 'num_games_owned': 0, 'num_reviews': 9, 'playtime_forever': 140, 'playtime_last_two_weeks': 2, 'playtime_at_review': 116, 'deck_playtime_at_review': 51, 'last_played': 1761668451}",english,"Can't play co-op on steam deck. I'm in a forever loop. Want to play this with my wife, bought her a copy and now we both can't play at all. A game that isn't playable is a game that doesn't deserve a good rating from me despite being verified for steam deck.",1759887825,1759887825,False,0,0,0.5,0,True,False,False,False
206147879,"{'steamid': '76561198866187989', 'num_games_owned': 0, 'num_reviews': 4, 'playtime_forever': 128, 'playtime_last_two_weeks': 0, 'playtime_at_review': 128, 'last_played': 1759872561}",russian,"скучно
на феста да фим де семана мана мана мана
не забываем про ферму-заповедник для аутистов пузоника тв",1759873156,1759874012,False,0,0,0.476190477609634399,0,True,False,False,False
206147992,"{'steamid': '76561199419324506', 'num_games_owned': 145, 'num_reviews': 30, 'playtime_forever': 132, 'playtime_last_two_weeks': 0, 'playtime_at_review': 132, 'last_played': 1759872546}",russian,азовский лесопитомник не дал своих плодов,1759873282,1759873282,False,4,0,0.531043589115142822,0,True,False,False,False
206147419,"{'steamid': '76561199243108114', 'num_games_owned': 57, 'num_reviews': 28, 'playtime_forever': 762, 'playtime_last_two_weeks': 0, 'playtime_at_review': 762, 'last_played': 1759872634}",russian,Разрабы сыны фермера ебанные,1759872672,1759872672,False,0,0,0.5,0,True,False,False,False
204378843,"{'steamid': '76561199223966210', 'num_games_owned': 147, 'num_reviews': 11, 'playtime_forever': 589, 'playtime_last_two_weeks': 0, 'playtime_at_review': 589, 'last_played': 1760017310}",russian,100 часов просранных в оффлайне,1757915262,1759844913,False,0,0,0.5,0,True,False,False,False
206078992,"{'steamid': '76561199205360088', 'num_games_owned': 0, 'num_reviews': 1, 'playtime_forever': 9159, 'playtime_last_two_weeks': 191, 'playtime_at_review': 8129, 'last_played': 1761068891}",brazilian,não da pra casar com todo mundo,1759795785,1759795785,False,0,0,0.498489439487457275,0,True,False,False,False
102032452,"{'steamid': '76561199103650660', 'num_games_owned': 54, 'num_reviews': 4, 'playtime_forever': 544, 'playtime_last_two_weeks': 0, 'playtime_at_review': 544, 'last_played': 1738937236}",schinese,闪退无法存档第一天,1635777045,1759741011,False,0,0,0.476190477609634399,0,True,False,False,False
206016581,"{'steamid': '76561198435561487', 'num_games_owned': 0, 'num_reviews': 2, 'playtime_forever': 27723, 'playtime_last_two_weeks': 1, 'playtime_at_review': 26936, 'last_played': 1761376041}",english,just no,1759732084,1759732084,False,1,1,0.497942358255386353,0,True,False,False,False
206016096,"{'steamid': '76561198279389693', 'num_games_owned': 0, 'num_reviews': 1, 'playtime_forever': 15780, 'playtime_last_two_weeks': 612, 'playtime_at_review': 14832, 'last_played': 1762201508}",english,"journey of a prairie king is one of the worst, unbalanced, and un-enjoyable mini games ive ever had to complete for the secret achievement.",1759731349,1759731349,False,1,4,0.418944060802459717,0,True,False,False,False
205990487,"{'steamid': '76561199302696119', 'num_games_owned': 0, 'num_reviews': 1, 'playtime_forever': 134, 'playtime_last_two_weeks': 0, 'playtime_at_review': 105, 'last_played': 1759702166}",english,"this game is so awful, every time i have to enter the town i want to kill myself.",1759700116,1759700116,False,0,1,0.476190477609634399,2,True,False,False,False
205987870,"{'steamid': '76561199480035181', 'num_games_owned': 0, 'num_reviews': 2, 'playtime_forever': 49954, 'playtime_last_two_weeks': 2261, 'playtime_at_review': 35230, 'last_played': 1761232573}",english,It's been 15 years and there's still no gender neutral option.,1759697782,1759697782,False,2,4,0.383090615272521973,0,True,False,False,False
205957652,"{'steamid': '76561199873928767', 'num_games_owned': 0, 'num_reviews': 2, 'playtime_forever': 226, 'playtime_last_two_weeks': 0, 'playtime_at_review': 226, 'last_played': 1754716125}",vietnamese,"game không cho đụ nhau,game không hay",1759676344,1759676344,False,0,1,0.416666656732559204,0,True,True,False,False
205943162,"{'steamid': '76561199071471399', 'num_games_owned': 0, 'num_reviews': 2, 'playtime_forever': 479, 'playtime_last_two_weeks': 0, 'playtime_at_review': 265, 'last_played': 1759859290}",english,"the only reason i bought and played this is for the multiplayer feature, but it doesn't work causing frustration as we tried guides like Zerotier and other methods just to make it work, but it won't. It's so depressing and disappointing :< but other than that, I have no interest in playing it alone, but I'm sure it's a fun game even if solo.",1759665564,1759665564,False,0,1,0.5,0,True,False,False,False
205941356,"{'steamid': '76561199138613275', 'num_games_owned': 0, 'num_reviews': 23, 'playtime_forever': 250, 'playtime_last_two_weeks': 0, 'playtime_at_review': 250, 'last_played': 1759663597}",schinese,垃圾游戏，被过度捧高的旧游戏，自由度极低不能想做什么就做什么，限制一大堆，什么几点营业什么朋友才能进去，老子他妈想去哪就去哪。破游戏一天时间过得飞快，我就发呆看下东西，直接给我干到旁晚，这钱算喂狗了,1759664102,1759664102,False,0,0,0.314136117696762085,0,True,False,False,False
145984073,"{'steamid': '76561199528508030', 'num_games_owned': 0, 'num_reviews': 13, 'playtime_forever': 639, 'playtime_last_two_weeks': 0, 'playtime_at_review': 639, 'last_played': 1739795144}",english,imma be honest i don't like the game because i haven't found what i like but i can respect the amount of effort the dev put into it,1694267984,1759610865,False,0,0,0.454545468091964722,0,True,False,False,False
201767367,"{'steamid': '76561199180964922', 'num_games_owned': 60, 'num_reviews': 38, 'playtime_forever': 544, 'playtime_last_two_weeks': 0, 'playtime_at_review': 544, 'last_played': 1751635224}",russian,"Я не пойму, как? Поначалу весело, чё-то ходишь, выращиваешь огород, квестики там какие-нибудь, а потом резко эта игра становится ТАКОЙ EБАНОЙ НУДЯТОЙ, что аж трясёт. Может я что-то не так делаю???",1754740171,1759610414,False,0,0,0.454545468091964722,0,True,False,False,False
205890163,"{'steamid': '76561199229293817', 'num_games_owned': 0, 'num_reviews': 10, 'playtime_forever': 244, 'playtime_last_two_weeks': 0, 'playtime_at_review': 244, 'last_played': 1759237299}",russian,нармальна но я не могу заромансить Робин так что чота не,1759609577,1759609577,False,1,2,0.5,0,True,False,False,False
205881385,"{'steamid': '76561198424867201', 'num_games_owned': 72, 'num_reviews': 1, 'playtime_forever': 23892, 'playtime_last_two_weeks': 0, 'playtime_at_review': 23580, 'last_played': 1759943370}",schinese,星露谷展会的转盘有毛病，特别有毛病。把我女朋友搞破防了，现在她来搞我了。,1759602843,1759602843,False,8,29,0.481290131807327271,0,True,False,False,False
205869699,"{'steamid': '76561199278309724', 'num_games_owned': 0, 'num_reviews': 2, 'playtime_forever': 5531, 'playtime_last_two_weeks': 0, 'playtime_at_review': 5531, 'last_played': 1749251822}",brazilian,"Jogo de doente mental o cara gasta 200 horas do dia fazendo de tudo pra tentar conquistar um npc pra no fim ele dizer um não bem no meio da tua cara e ta,bem não tem como plantar a plantar m@conh@ jogo lixo!",1759594222,1759594222,False,0,2,0.416666656732559204,1,True,False,False,False
205854472,"{'steamid': '76561199389237437', 'num_games_owned': 50, 'num_reviews': 5, 'playtime_forever': 4514, 'playtime_last_two_weeks': 0, 'playtime_at_review': 4433, 'last_played': 1759586981}",turkish,sıkıcı kendini çok tekrarlıyor,1759582741,1759582741,False,0,0,0.5,0,True,False,False,False
136223940,"{'steamid': '76561199127117065', 'num_games_owned': 22, 'num_reviews': 18, 'playtime_forever': 9036, 'playtime_last_two_weeks': 0, 'playtime_at_review': 9036, 'last_played': 1755633967}",english,"It's... alright, I guess, sometimes. It's not really my thing and I personally find it quite dull but I can see how others might enjoy it.",1680806304,1759564980,False,0,0,0.5,0,True,False,False,False
205835513,"{'steamid': '76561199026424053', 'num_games_owned': 0, 'num_reviews': 1, 'playtime_forever': 4095, 'playtime_last_two_weeks': 959, 'playtime_at_review': 1067, 'last_played': 1762181458}",schinese,联机做的跟屎一样，也不修bug,1759563775,1759563775,False,0,1,0.5,0,True,False,False,False
205764277,"{'steamid': '76561199169403183', 'num_games_owned': 0, 'num_reviews': 2, 'playtime_forever': 1522, 'playtime_last_two_weeks': 0, 'playtime_at_review': 1420, 'last_played': 1759578234}",russian,this game rolled back my saved preservation,1759491809,1759491809,False,0,0,0.5,0,True,False,False,False
189067843,"{'steamid': '76561199500845314', 'num_games_owned': 0, 'num_reviews': 51, 'playtime_forever': 681, 'playtime_last_two_weeks': 292, 'playtime_at_review': 389, 'last_played': 1762203966}",turkish,oyunda cok beğenmedim fazla cocuksu geldi ve oyunda eğlence kısımı kısıtlı  görev yapmadıkça ilerlenmiyor ve  oyunda bir cok şey kısıtlı yani oyun zaten basitleştirmişler  hayatta kalma macera isteseydim green hell oynardım ve tavsiye de ederdim ama bu starway valley tasviye etmiyor aşiri derecede cocuksu  geliyor  avcı oyuncular için değil bu isyan yada cocuk dediğimiz  grup için ideal,1740839583,1759489144,False,0,0,0.462468862533569336,0,True,True,False,False
31735846,"{'steamid': '76561197999746451', 'num_games_owned': 0, 'num_reviews': 4, 'playtime_forever': 3888, 'playtime_last_two_weeks': 0, 'playtime_at_review': 2759, 'last_played': 1760821826}",german,"Für mich persönlich ist das Spiel wohl nichts. Preis/Leistungs-technisch kann ich nicht meckern, da ich pro Spielstunde nur etwas mehr als 1€ bezahlt habe, allerdings kam bei mir kein richtiger Spielfluss rein: 

- Jeden Morgen muss aufs Neue der Acker bewässert und manchmal beerntet werden, danach ist schon der halbe Tag rum
- Fischen ist das einzige interessante Gameplay-Element, da es dort ein bisschen auf Fähigkeiten ankommt.
- Tiere bringen zu wenig Erträge 
- Die zwischenmenschlichen Beziehungen reduzieren sich zu einem ""richtige Geschenke an die richtigen Personen verteilen"" und das Verhalten der Charaktere sind schnell ausgelutscht.
- Die Mine bringt auch nicht wirklich mehr Spannung rein

Pluspunkte des Spiels sind:

+ Süße Grafik
+ Immer wieder kreative Events
+ Die Dorfbewohner wachsen einem doch irgendwie ans Herz

Ansonsten kann ich den Hype um dieses Spiel leider nicht begreifen, aber man muss auch nicht alles im Leben mögen.

EDIT: Habe das Spiel irgendwann nochmal ausgegraben und es hat mich mehr gecatched. Mit den Updates kam nochmal einiges an Content und es bleibt einfach eine entspannte Beschäftigung an einem langen Abend zum Runterkommen.",1494719706,1759474412,False,37,3,0.536522209644317627,8,True,False,False,False
205741377,"{'steamid': '76561199122724398', 'num_games_owned': 0, 'num_reviews': 31, 'playtime_forever': 424, 'playtime_last_two_weeks': 0, 'playtime_at_review': 424, 'last_played': 1627691627}",english,BoRing,1759461961,1759461961,False,3,2,0.479729741811752319,0,True,False,False,False
205728806,"{'steamid': '76561199861625946', 'num_games_owned': 0, 'num_reviews': 1, 'playtime_forever': 5406, 'playtime_last_two_weeks': 1385, 'playtime_at_review': 464, 'last_played': 1762055217}",schinese,在床上动不了,1759445640,1759445640,False,0,2,0.476190477609634399,0,True,False,False,False
205719999,"{'steamid': '76561199706762472', 'num_games_owned': 0, 'num_reviews': 1, 'playtime_forever': 2238, 'playtime_last_two_weeks': 0, 'playtime_at_review': 2238, 'last_played': 1759436046}",brazilian,"muito dificil e repetitivo
",1759436070,1759436070,False,0,0,0.454545468091964722,0,True,False,False,False
205702897,"{'steamid': '76561198993248816', 'num_games_owned': 86, 'num_reviews': 12, 'playtime_forever': 922, 'playtime_last_two_weeks': 367, 'playtime_at_review': 315, 'last_played': 1762106811}",english,"Unplayable, very bad",1759421481,1759421481,False,0,1,0.383126944303512573,0,True,False,False,False
205695054,"{'steamid': '76561199807452849', 'num_games_owned': 0, 'num_reviews': 11, 'playtime_forever': 159, 'playtime_last_two_weeks': 0, 'playtime_at_review': 157, 'last_played': 1760708162}",koreana,명성에 비해 많이 지루함,1759415016,1759415016,False,0,0,0.454545468091964722,0,True,False,False,False
205694507,"{'steamid': '76561198993855713', 'num_games_owned': 152, 'num_reviews': 15, 'playtime_forever': 553, 'playtime_last_two_weeks': 0, 'playtime_at_review': 30, 'last_played': 1760778276}",schinese,傻逼 钓鱼,1759414543,1759414551,False,1,1,0.523809552192687988,0,True,False,False,False
205682179,"{'steamid': '76561198854356928', 'num_games_owned': 136, 'num_reviews': 32, 'playtime_forever': 888, 'playtime_last_two_weeks': 0, 'playtime_at_review': 888, 'last_played': 1752688814}",english,boring,1759401881,1759401881,False,1,1,0.416666656732559204,0,True,False,False,False
205656941,"{'steamid': '76561197970491524', 'num_games_owned': 0, 'num_reviews': 78, 'playtime_forever': 874, 'playtime_last_two_weeks': 0, 'playtime_at_review': 874, 'last_played': 1759365675}",english,Just not for me. I don't really enjoy any of the content.,1759365748,1759365748,False,1,1,0.5,0,True,False,False,False
205651281,"{'steamid': '76561199024776431', 'num_games_owned': 0, 'num_reviews': 2, 'playtime_forever': 13095, 'playtime_last_two_weeks': 359, 'playtime_at_review': 11643, 'last_played': 1761779424}",french,le jeu est trop bien,1759358174,1759358174,False,2,1,0.545454561710357666,0,True,False,False,False
188520990,"{'steamid': '76561199074029055', 'num_games_owned': 73, 'num_reviews': 74, 'playtime_forever': 1527, 'playtime_last_two_weeks': 0, 'playtime_at_review': 1527, 'last_played': 1710743728}",english,"[h3]im midding it rn - 2/5[/h3]

the game just isnt interesting. farming is boring, combat is boring and story is boring. sorry but the women did not save this game, maybe if a new update gave them bigger honkers then i might reconsider. but for now pass and not smash this game",1740253169,1759338345,False,2,1,0.526834726333618164,1,True,False,False,False
205628144,"{'steamid': '76561199443374971', 'num_games_owned': 66, 'num_reviews': 45, 'playtime_forever': 408, 'playtime_last_two_weeks': 0, 'playtime_at_review': 408, 'last_played': 1755868145}",english,"I hate this game. But my friends love it, so I think it's just me. Still, I wouldn't recommend it.

Müsst ihr wissen",1759335187,1759335187,False,1,0,0.419580399990081787,0,True,False,False,False
205622391,"{'steamid': '76561199066887209', 'num_games_owned': 0, 'num_reviews': 2, 'playtime_forever': 630, 'playtime_last_two_weeks': 0, 'playtime_at_review': 595, 'last_played': 1759331482}",russian,гей,1759330247,1759330247,False,1,2,0.458333343267440796,0,True,False,False,False
205621331,"{'steamid': '76561199862043979', 'num_games_owned': 0, 'num_reviews': 3, 'playtime_forever': 19, 'playtime_last_two_weeks': 0, 'playtime_at_review': 19, 'last_played': 1757528060}",turkish,LAN BEN BU AMK OYUNUNU SATIN ALDIM SONRADAN GERİ LİSANSIN YOK DİYİP SATIN AL DİOLAR SİKE*İM YAPACAĞINIZ OYUNU S*KTİRİN GİDİN OYNAMIOM AMIK...,1759329302,1759329302,False,0,1,0.454545468091964722,0,True,False,False,False
205610939,"{'steamid': '76561199427515090', 'num_games_owned': 0, 'num_reviews': 1, 'playtime_forever': 10488, 'playtime_last_two_weeks': 0, 'playtime_at_review': 10460, 'last_played': 1759320455}",schinese,不好玩，太肝了,1759318687,1759318687,False,0,2,0.476190477609634399,0,True,False,False,False
205607680,"{'steamid': '76561198341615121', 'num_games_owned': 0, 'num_reviews': 4, 'playtime_forever': 28899, 'playtime_last_two_weeks': 0, 'playtime_at_review': 28716, 'last_played': 1759332588}",english,The Perfection system ruined the game imo,1759314457,1759314457,False,0,0,0.459363967180252075,0,True,False,False,False
205605250,"{'steamid': '76561198113185711', 'num_games_owned': 37, 'num_reviews': 20, 'playtime_forever': 58, 'playtime_last_two_weeks': 0, 'playtime_at_review': 58, 'last_played': 1759311043}",english,Sooooo boring. I can see why people like this tough.,1759311139,1759311139,False,1,0,0.463010191917419434,0,True,False,False,False
205604273,"{'steamid': '76561199132066617', 'num_games_owned': 10, 'num_reviews': 2, 'playtime_forever': 5757, 'playtime_last_two_weeks': 555, 'playtime_at_review': 4521, 'last_played': 1761576996}",schinese,有点肝，现实生活都不管了,1759309739,1759309739,False,0,1,0.5,0,True,False,False,False
205597823,"{'steamid': '76561199012795347', 'num_games_owned': 0, 'num_reviews': 5, 'playtime_forever': 1444, 'playtime_last_two_weeks': 0, 'playtime_at_review': 1444, 'last_played': 1698492993}",koreana,"졸려서 할 수가 없는 게임 
힐링인만큼 도파민에 미친사람에겐 미친 졸림을 선사
햄냐햄냐 .................................................",1759300159,1759300159,False,0,1,0.5,0,True,False,False,False
205593000,"{'steamid': '76561199093011389', 'num_games_owned': 0, 'num_reviews': 11, 'playtime_forever': 26038, 'playtime_last_two_weeks': 0, 'playtime_at_review': 26037, 'last_played': 1760251210}",dutch,goor kanker spel,1759292734,1759292734,False,2,2,0.373937696218490601,0,True,False,False,False
205562032,"{'steamid': '76561198973441030', 'num_games_owned': 27, 'num_reviews': 19, 'playtime_forever': 2326, 'playtime_last_two_weeks': 0, 'playtime_at_review': 2326, 'last_played': 1731004799}",tchinese,"[b][i]我2018年才開始玩steam，真是可惜。真希望兩五年內能賺點快錢，把那討厭的[strike]小屌🐓🐓[/strike]尿尿也除掉。我家人強迫我去一所男校，是一所職業機械工具學校，總共招收了2,000名男生。從2021年9月到2024年7月，我和10個人住在一個髒亂的宿舍裡，一住就是三年[年齡16-19歲]。我的男室友心懷惡意，不停地向我要生活用品。如果我不給他們錢，不借行動電源、衛生紙，他們就會對我有人身威脅。就連家人帶我去見學校領導，老師和領導也會替那些霸凌者說話。在學校，我基本上是多次半夜從宿舍逃出來，帶著睡袋爬到樓道頂上，睡在人跡罕至的地方，躲避蚊子、酷熱和冬天結冰的地面。我睡不好，感到噁心和難過。我不想回宿舍，因為宿舍裡的人都抽煙，抽得我鼻子痛。他們向老師舉報了我，並多次強迫我睡在宿舍裡，但學校不讓我搬走，說是在強迫我適應。我感覺自己一直在逃亡。我回想起從2012年到2024年的那幾年，我受夠了。在學校裡，我被男生傷害、侮辱了太久，東西被偷，錢被騙。 2023年，我開始服用激素，學校裡的性別歧視太讓我痛苦了。他們不再偷我的女性用品了。畢業後，我強烈渴望去做一次男性生殖器切割手術。那些回憶令人窒息，難以承受。這根香腸和雞蛋不屬於我。我討厭這個帶給我厄運的小東西。失去它會讓我更有信心。每次玩遊戲，我都覺得自己在浪費時間。我想用很多年賺到足夠的錢，把那令人作嘔的🐓🐓peepee除掉，這樣就不會有不平等，焦慮和壓力也會減輕。我可以擺脫性別的壓力和悲傷，我可以在我的國家從事女性的工作，擺脫鋪天蓋地的性別焦慮。我會慢慢籌集資金，實現我的跨性別夢想，鼓勵迷失和絕望的自己。I only started playing Steam in 2018, which is such a shame. I really hope to make some quick money in the next two to five years and get rid of that pesky [strike]little dick🐓🐓[/strike]pee. My family forced me to attend a boys' vocational school for mechanical tools with 2,000 boys. From September 2021 to July 2024, I lived in a filthy dorm with 10 other people (ages 16-19), for three years. My male roommates were malicious and constantly demanded groceries from me. If I didn't give them money, lend a power bank, or borrow toilet paper, they threatened me physically. Even when my family took me to see school officials, the teachers and administrators would speak up for the bullies. At school, I often escaped from the dorm in the middle of the night, crawling to the rooftops with my sleeping bag, sleeping in isolated areas to avoid the mosquitoes, the scorching heat, and the icy winter ground. I couldn't sleep well and felt sick and miserable. I don't want to go back to the dorm because everyone there smokes, and my nose hurts. They reported me to the teachers and repeatedly forced me to sleep in the dorm, but the school wouldn't let me move, saying they were forcing me to adapt. I feel like I'm constantly on the run. I think back to the years from 2012 to 2024, and I've had enough. For too long, I've been hurt and insulted by boys at school, having my things stolen and my money ripped off. In 2023, I started taking hormones, and the sexism at school was too painful. They stopped stealing my feminine products. After graduation, I have a strong desire to undergo male genital mutilation. The memories are suffocating and unbearable. This sausage and egg doesn't belong to me. I hate this little thing that brought me bad luck. Losing it would give me more confidence. Every time I play games, I feel like I'm wasting my time. I want to spend many years earning enough money to get rid of that disgusting 🐓🐓 peepee. Then there will be no inequality, and the anxiety and stress will be reduced. I can escape the pressure and sadness of gender identity, I can work as a woman in my country, and escape the overwhelming gender anxiety. I will slowly raise funds to realize my transgender dream and encourage those who are lost and desperate.[/b][/i]",1759256305,1759256305,False,1,1,0.367176622152328491,0,True,False,False,False
205558230,"{'steamid': '76561199660811940', 'num_games_owned': 0, 'num_reviews': 2, 'playtime_forever': 773, 'playtime_last_two_weeks': 0, 'playtime_at_review': 684, 'deck_playtime_at_review': 145, 'last_played': 1759430382}",schinese,strawded valley,1759253007,1759253007,False,1,1,0.516557037830352783,0,True,False,False,False
205557293,"{'steamid': '76561198439576502', 'num_games_owned': 94, 'num_reviews': 31, 'playtime_forever': 2100, 'playtime_last_two_weeks': 0, 'playtime_at_review': 2100, 'last_played': 1748988658}",brazilian,Uma merda,1759252144,1759252144,False,0,0,0.476190477609634399,0,True,False,False,False
205538041,"{'steamid': '76561198097942741', 'num_games_owned': 215, 'num_reviews': 7, 'playtime_forever': 211, 'playtime_last_two_weeks': 0, 'playtime_at_review': 200, 'last_played': 1759341463}",russian,"Я 11 дней подряд поливал 80 клеток капусты, а потом она просто вся завяла

явахуе",1759234382,1759234382,False,4,2,0.518518507480621338,0,True,False,False,False
205536778,"{'steamid': '76561198083767412', 'num_games_owned': 0, 'num_reviews': 137, 'playtime_forever': 242, 'playtime_last_two_weeks': 0, 'playtime_at_review': 242, 'last_played': 1531253302}",japanese,"[h1]俺は農夫になりたかったんじゃない。「嫁」が欲しいだけだった。[/h1]

[h3]このゲームは、俺に「本当の自分」を教えてくれた。知りたくもなかったが。[/h3]
どうも、スローライフに憧れて、己の欲望の正体を知ってしまった元・戦略家です。
『Stardew Valley』。インディーゲームの金字塔。圧倒的な高評価。何百万人もの心を癒した、至高の牧場経営シミュレーション。自分もまた、その癒やしを求めてこの谷にやってきた。だが、この谷が俺に与えたのは、安らぎではなかった。[b]「お前が本当に求めているものは何なのか」[/b]という、残酷な問いだけだった。

[h3]牧場物語という名の「ギャルゲー」の思い出[/h3]
自分は、かつて『牧場物語』シリーズの熱心な信者だった。畑を耕し、動物の世話をし、村のイベントに参加する。その全ての労働は、一点の曇りもない、崇高な目的のためにあった。そう、[b]嫁候補の可愛い女の子と結婚するため[/b]だ。

その成功体験を胸に、自分はStardew Valleyの門を叩いた。しかし、何かが違う。カブは育つ。鉱石も掘れる。だが、心が躍らない。なぜだ？答えはすぐに出た。

[quote]
そして俺は気づいてしまった。自分が愛していたのは「牧場」ではなく、「牧場物語」という名のギャルゲーだったのだ、と。
[/quote]

この谷の女性たちが魅力的でない、という話ではない。だが、自分の魂を震わせる「あの感じ」が、ここにはない。俺は気づいてしまった。自分にとって農作業とは、愛する「推し」とのエンディングを迎えるための、壮大な「好感度稼ぎイベント」でしかなかったのだ。

[h3]農夫適性診断：あなたは「本当の農業」を愛せるか？[/h3]
このレビューは、決してこの偉大なゲームを貶めるものではない。むしろ、自分と同じ過ちを犯す者を一人でも減らすための、慈悲の警告だ。君は、どちら側の人間だ？

[list]
[*] [b]✅ こんな「本物」の農夫に、この谷は微笑む[/b]
[*] ✅ スプリンクラーの最適配置を考えるだけで、一日を潰せる生粋の効率厨。
[*] ✅ 可愛い女の子の笑顔より、巨大なカボチャの収穫に、より大きな興奮を覚える農業家。
[*] ✅ 牧場経営そのものを愛し、作業の先に「嫁」という報酬を必要としない、真の求道者。
[/list]
[list]
[*] [b]⚠️ こんな「不純」な農夫は、別の村を探すべきだ[/b]
[*] ⚠️ 自分と同じく、農業を「嫁探し」の手段だと考えている、不純な動機の持ち主。
[*] ⚠️ ドット絵の向こう側に、魂を捧げるべき「推し」が見つけられないと、全ての労働が苦痛になる者。
[*] ⚠️「牧場物語はギャルゲー」という、このレビューの主張に、少しでも共感してしまった、同類のあなた。
[/list]

[h3]結論：これは最高の農場経営ゲームだ。だが、俺の求めるギャルゲーではなかった。[/h3]
『Stardew Valley』は、疑いようもなく、歴史に残る傑作だ。ただし、それは[b]「農場経営シミュレーション」[/b]として、だ。

もしあなたが、純粋に畑を耕し、自分の帝国を築き上げることに喜びを見出す人間なら、この谷は天国となるだろう。だが、もしあなたが、かつての自分のように、可愛い嫁との甘い生活を夢見る不純な人間なら、ここはただの広大な労働キャンプだ。

俺は、そっと谷を去ることにする。俺の魂を救うのは、カブの出荷額ではなかったらしい。さらばだ、Stardew Valley。俺は俺の戦場（ギャルゲー）に帰る。",1759232823,1759232823,False,8,21,0.49816468358039856,0,True,False,False,False
205520416,"{'steamid': '76561199534863247', 'num_games_owned': 97, 'num_reviews': 71, 'playtime_forever': 1433, 'playtime_last_two_weeks': 0, 'playtime_at_review': 1433, 'last_played': 1733038485}",schinese,垃圾,1759207942,1759207942,False,0,0,0.298456430435180664,1,True,False,False,False
205517033,"{'steamid': '76561199886863874', 'num_games_owned': 29, 'num_reviews': 1, 'playtime_forever': 125, 'playtime_last_two_weeks': 0, 'playtime_at_review': 125, 'last_played': 1759202290}",schinese,有点无聊,1759202696,1759202696,False,0,0,0.397206962108612061,0,True,False,False,False
205506619,"{'steamid': '76561199729432021', 'num_games_owned': 0, 'num_reviews': 2, 'playtime_forever': 34, 'playtime_last_two_weeks': 0, 'playtime_at_review': 34, 'last_played': 1757734910}",spanish,pura kk,1759188719,1759188719,False,1,1,0.458333343267440796,0,True,False,False,False
205493230,"{'steamid': '76561199239773851', 'num_games_owned': 31, 'num_reviews': 2, 'playtime_forever': 155, 'playtime_last_two_weeks': 0, 'playtime_at_review': 46, 'last_played': 1760124637}",english,"so bad, can't do backflip, 1/10",1759173677,1759173677,False,0,1,0.408958137035369873,0,True,False,False,False
124890356,"{'steamid': '76561198099218242', 'num_games_owned': 119, 'num_reviews': 65, 'playtime_forever': 19028, 'playtime_last_two_weeks': 190, 'playtime_at_review': 17693, 'last_played': 1761931681}",english,I FUCKING HATE PIERRE FUCK YOU BRO,1667495653,1759147819,False,0,0,0.47826087474822998,1,True,False,False,False
205452426,"{'steamid': '76561199140795719', 'num_games_owned': 0, 'num_reviews': 5, 'playtime_forever': 5056, 'playtime_last_two_weeks': 0, 'playtime_at_review': 5056, 'last_played': 1758307414}",english,"Me and Alex have a connection like no other, He gets me on another level. I've told him my life stories and hes told me his, sometimes i lay awake at night and i think about how i could be with him. What a beautiful man with a funny little personality. My mother cant wait to meet him to finally see the guy who stole her daughters heart. 

I never talk to him about Sebastian or Sam though, he thinks i want them too however i only occasionally meet them under the sweet moonlight to talk about our days. Sebastian has the same mentality as me and Sam is just hot... i mean nice and funny and cool.

Anyway the games aight it does make me miserable to play because why is fishing so stupid.

<3",1759122765,1759122765,False,2,3,0.476288676261901855,0,True,False,False,False
75066426,"{'steamid': '76561198371278673', 'num_games_owned': 75, 'num_reviews': 14, 'playtime_forever': 15588, 'playtime_last_two_weeks': 0, 'playtime_at_review': 15588, 'last_played': 1745721111}",english,I restored the community center and didn't get the trophy or acheivement,1598635770,1759074133,False,0,0,0.5,0,True,False,False,False
205406974,"{'steamid': '76561199440268637', 'num_games_owned': 0, 'num_reviews': 4, 'playtime_forever': 263, 'playtime_last_two_weeks': 5, 'playtime_at_review': 258, 'last_played': 1761770425}",brazilian,n tem como fazer sexo com a planta,1759073279,1759073279,False,0,0,0.454545468091964722,0,True,False,False,False
205405417,"{'steamid': '76561199004532784', 'num_games_owned': 59, 'num_reviews': 7, 'playtime_forever': 3507, 'playtime_last_two_weeks': 0, 'playtime_at_review': 3507, 'last_played': 1758977282}",russian,фарм через фарм через фарм через фарм для фарма через фарм,1759072063,1759072063,False,1,0,0.5,0,True,False,False,False
205385364,"{'steamid': '76561198828634138', 'num_games_owned': 0, 'num_reviews': 2, 'playtime_forever': 2413, 'playtime_last_two_weeks': 319, 'playtime_at_review': 1809, 'last_played': 1762156670}",english,freaky shi,1759052908,1759052908,False,0,0,0.426268011331558228,1,True,False,False,False
205372406,"{'steamid': '76561198195218306', 'num_games_owned': 0, 'num_reviews': 5, 'playtime_forever': 6171, 'playtime_last_two_weeks': 0, 'playtime_at_review': 6171, 'last_played': 1757799042}",english,"no marige Tompidcock 💔

https://store.steampowered.com/app/2494340/Tour_de_France_2024/
Pidcock ❤️
",1759035075,1759035075,False,0,0,0.452961653470993042,0,True,False,False,False
203120894,"{'steamid': '76561199883258086', 'num_games_owned': 0, 'num_reviews': 6, 'playtime_forever': 10297, 'playtime_last_two_weeks': 0, 'playtime_at_review': 10296, 'last_played': 1759314680}",schinese,无作弊全成就。明明我已经按照毛主席的指示发展农庄了，制作了一百个熔炉，可这个游戏毕竟是美帝国主义的阴谋。,1756483328,1759029404,False,3,7,0.401923060417175293,0,True,False,False,False
149870211,"{'steamid': '76561198194623247', 'num_games_owned': 0, 'num_reviews': 15, 'playtime_forever': 6083, 'playtime_last_two_weeks': 0, 'playtime_at_review': 6075, 'last_played': 1759060781}",english,"The game is good but the game discussion moderators don't like you disagreeing with woke ideology.  Update:  Moderaters worse than ever. Deleting post. locking threads,, sending threatening messages to players. The forum has really gone down the censorship rabbit hole.",1699626909,1759005925,False,2,0,0.420831173658370972,0,True,False,False,False
205333358,"{'steamid': '76561199111418539', 'num_games_owned': 62, 'num_reviews': 3, 'playtime_forever': 2245, 'playtime_last_two_weeks': 0, 'playtime_at_review': 2245, 'last_played': 1681047865}",schinese,钓鱼小游戏的存在是整个游戏的败笔，纯搞人心态，什么时候删除钓鱼小游戏什么时候改好评,1758992884,1758992929,False,1,4,0.401409536600112915,2,True,False,False,False
201835042,"{'steamid': '76561199011816651', 'num_games_owned': 52, 'num_reviews': 18, 'playtime_forever': 100, 'playtime_last_two_weeks': 0, 'playtime_at_review': 100, 'deck_playtime_at_review': 100, 'last_played': 1754811226}",english,"I admire the work the dev has done here, but I couldn't get into it. I know I only played for a bit but I found the game to be off, it's hard to describe but the game is a bit too detailed if that makes sense, quite visually busy, gives me a bit of a headache mainly the grassy areas it all blends in and makes navigation a bit confusing. The days move too fast and you move too slow.

Also the game is very vague, which I don't necessarily mind but when most of the game is locked off til god knows when and how to access them is never told it's just kinda annoying, I put an hour and a bit into this game I think you should've been told at least the bare minimum by that point. The npcs are just really boring too, not much dialogue but I did only play for a bit so.

This is all minor stuff I can see why many love this game seems very mechanically in depth and chill, just not for me.",1754824306,1758960654,False,0,0,0.5,0,True,False,False,True
205284294,"{'steamid': '76561198340935120', 'num_games_owned': 184, 'num_reviews': 13, 'playtime_forever': 49, 'playtime_last_two_weeks': 0, 'playtime_at_review': 49, 'last_played': 1755631640}",english,"I FUCKING HATE THIS CHUD GAME
SLOP I HATE IT

1 Overveiw

Case 6B was Dr. Uhatman Adam son and A normal Baby Hedgehog. They Were murged together and the operation is unknown. T.B.A.

GamePlay.

During Banban 7 He was at the end of the game. He was in the cage that the birds where sopose to be Sleeping on a Hospaitl Bed. The player Can interact With him To wake him up. When he wakes up Suringyeion will come in and will knock the player out and put the player on a hospaitl bed. Case 6b will be banging on the now ineeseabile door.The game now ends how it oringanly ends.",1758941229,1758941229,False,0,1,0.372298866510391235,0,True,False,False,False
201871591,"{'steamid': '76561198324293051', 'num_games_owned': 364, 'num_reviews': 142, 'playtime_forever': 858, 'playtime_last_two_weeks': 0, 'playtime_at_review': 858, 'last_played': 1755134009}",russian,"Кликер с элементами тайм менеджмента и грузовиком мусорных слотов

Пиксель арт слабый, катсцены и диалоги стоковые, браки не отличаются ничем, саундтрек быстро приедается. В среднем фулл прохождение занимает 168 часов. Механически игра предлагает мало чего: Запомни когда срёт твой супруг что бы соблазнить его острыми перцами, сделай то, принеси это, с тебя 10 000 валюты за верстак повара который не разрушается на следующий день

Понятия не имею почему Stardew Valley расслабляющий симулятор фермы. Время ограничено, стамина сильно урезана, инвентарь маленький, времени до зимы всё меньше, активности на карте требуют каждый день продумывать новый маршрут включая время прибытия и пути, назначение сотен предметов нужно держать в голове - одних только музеев для вещей за 4 часа я нашёл 2 штуки, что бы посевы не суициднулись нужно просчитывать время на рост и удобрение до конца сезонов, ограниченное время вынуждает одновременно кайтить врагов и добывать ресурсы меняя 2-3 инструмента

Без википедии потребуется адско много времени на полное прохождение ибо в самой игре ни споропедии ни книги монстров, них**шеньки. Объясняются только эмпирические механики, которые с*ка на то и эмпирические что обычно не требуют объяснения и выясняются опытным путём.

Имхо, лучше потратить время в доте на изучение нового персонажа. Ну рыбалка мне понравилась, изучать игру в первые часа 3 было интересно. По сути у игры есть вкусная начинка. Вот знаете, покупаете пирожок, вроде бы вкусно, вишня сладкая, а там этой начинки повариха зажлобила и в основном это просто булка без начинки, вот это Stardew Valley",1754861533,1758924416,False,6,1,0.52099686861038208,0,True,False,False,False
205270388,"{'steamid': '76561198192469275', 'num_games_owned': 122, 'num_reviews': 5, 'playtime_forever': 233, 'playtime_last_two_weeks': 0, 'playtime_at_review': 233, 'last_played': 1737091090}",english,Imma be real. This game is boring. I dont understand the hype. Its walking simulator.,1758923719,1758923719,False,2,5,0.422334671020507812,0,True,False,False,False
204174997,"{'steamid': '76561198391038809', 'num_games_owned': 0, 'num_reviews': 41, 'playtime_forever': 18, 'playtime_last_two_weeks': 0, 'playtime_at_review': 18, 'last_played': 1640528468}",brazilian,"Bem... lá vai...

Pontos Positivos
1 - Personagens e seus nuances
2 - Mecânicas de tempo, previsão do futuro, combate

Pontos Negativos
1 - A administração entre: Completar quests secundárias (Quadro de avisos), cuidar da plantação, craft, combate, exploração das dungeons e estações é desbalanceado. Ou faz um ou o outro... Não existe tempo hábil.
2 - Não dá para pegar mulher casada

Obs.: O jogo é interessante, mas não gostei de jogar. Uma opção melhor de Cozy Game seria My Time At Portia ou a evolução dele, o My Time At Sandrock

Nota: 5/10",1757699568,1758914763,False,0,1,0.452961653470993042,0,True,False,False,False
205257821,"{'steamid': '76561199244544446', 'num_games_owned': 0, 'num_reviews': 1, 'playtime_forever': 4119, 'playtime_last_two_weeks': 0, 'playtime_at_review': 3990, 'last_played': 1758923653}",schinese,附魔就是个垃圾玩意，打怪系统一坨，这随机概率系统更是一坨，龙牙附魔2000次没有-5重量+12速，脑残玩意,1758912136,1758912136,False,3,4,0.480341613292694092,0,True,False,False,False
205254753,"{'steamid': '76561199679354019', 'num_games_owned': 26, 'num_reviews': 15, 'playtime_forever': 701, 'playtime_last_two_weeks': 0, 'playtime_at_review': 701, 'last_played': 1755165399}",russian,"пока гуглил ""как сделать ебучую автополивалку"" проебал все помидоры, 0/10 проданных помидоров",1758909343,1758909343,False,0,0,0.45267486572265625,0,True,False,False,False
205249611,"{'steamid': '76561198407928815', 'num_games_owned': 75, 'num_reviews': 29, 'playtime_forever': 193, 'playtime_last_two_weeks': 0, 'playtime_at_review': 193, 'last_played': 1670783937}",english,Not gonna lie its just not my type of game i thought it was a bit tedious to play I'm not a huge fan of this style of game but I gave it a try maybe another day ill come back and play it again and have fun but for now its not great.,1758904900,1758904900,False,1,1,0.452941149473190308,2,True,False,False,False
205214985,"{'steamid': '76561198151652099', 'num_games_owned': 86, 'num_reviews': 23, 'playtime_forever': 2830, 'playtime_last_two_weeks': 0, 'playtime_at_review': 2517, 'last_played': 1758932390}",english,"I like the game, BUT...
This game will trigger the autistic part in your brain badly, it is *not*, and i repeat *NOT* a chill game but a continuous fight against the clock that will leave you stressed out and exhausted.
The time moving so fast makes this game anything but relaxing, i'm always so stressed out at how every day i'm in such a tight schedule just to complete four or five tasks and then all my time is gone.

I have to plan my day perfectly between farm,foraging, animals, mining, fishing, community center, NPC interactions and events otherwise i'm not getting money or progressing forward.
Even if i wanted to relax and enjoy the aesthetics of the game and decorate my farm, I can't, everyday is always so strict and industrial, i always have to bee-line from one task to the next or else i wont make it.
It's just ADHD fest with how the game bombards you with tasks with so little time to complete them.
If you ever miss something on a season, you'd have to wait 3 more seasons to get that thing back, so you just have to wait and waste, like 30 hours, just because that one day you didn't complete a task in time.",1758861663,1758861663,False,14,6,0.458241879940032959,3,True,False,False,False
205211371,"{'steamid': '76561199256580044', 'num_games_owned': 18, 'num_reviews': 1, 'playtime_forever': 445, 'playtime_last_two_weeks': 0, 'playtime_at_review': 269, 'last_played': 1759327718}",schinese,不好玩，难纠错,1758856076,1758856076,False,0,1,0.492736101150512695,0,True,False,False,False
205208329,"{'steamid': '76561199220503589', 'num_games_owned': 112, 'num_reviews': 77, 'playtime_forever': 36, 'playtime_last_two_weeks': 0, 'playtime_at_review': 36, 'last_played': 1758851657}",latam,me parecio aburrido,1758851676,1758851676,False,1,0,0.472571045160293579,0,True,False,False,False
84041326,"{'steamid': '76561198210935724', 'num_games_owned': 0, 'num_reviews': 149, 'playtime_forever': 8425, 'playtime_last_two_weeks': 0, 'playtime_at_review': 8273, 'last_played': 1759746855}",english,"TLDR
Maniupulative game that keeps you playing by saying ""Keep guessing what you are supposed to do. And when you finally do the correct boring chore gameplays in the correct pattern we will finally let you see and play the real game""
except it never comes. The real game. you keep doing random chore things that are boring.. Purely boring... without meaning.. while thinking ""Did the game start yet""

and if you ask people online they will belittle you with ""Ugh. people just don't wanna understand , and spend time and invest brainpower and <insert arbitrary but time and energy costly requirement(minimum of 2 months)  you demand of the user without promising anything in return for a chance at understanding what they bought> "" 
Paid PR

And if you say its boring they will say ""Its subjective""
Even Subjective has its limits

And just because the Paid PR's best defense is
""Its a sandbox. You are supposed to use your imagination""
The best way to experience the game is to IMAGINE you bought the game and IMAGINE you had the best time of your life and IMAGINE you uninstalled it. 


I was watching Halo CE. and i realised.
used to be. We didn't have to care about the game. Follow its rules. Or its AI would break
The grunts. And Elites. All made it so that you WANTED to win. You could feel the fun. 

This game? ..
:D 
I don't even know what to do.
I can farm and fish to make money... which does???? What? I can mine to craft...which can help me in farming or making more money out of a farm to do... what??? ... I can use the money to buy a coop or a barn or a Slime house , to get products. which i can either sell , or make into ""product"" like cheese.. or mayonesse (by waiting for 1 whole ingame day , wow . Such gameplay) , to make money to do????????? 

WHATTTTTTTT????????????? 

The Community center is a glorified side quest
They don't even say ""you need to save this town by... completing the community center""
EVEN IF they did say it.... Completing it feels more like a ""time check"" .. sort of like a DPS check. You either win or loose. There is no fun.. there no sort of gameplay.. or something fun to do....

So what????? Is the fucking point.....


as an example. There is this really shitty ""Strategy"" game called stronghold crusaders... and i bought both 1 and 2...... and I like it
you know why?
Cause i can fucking put archers on walls

That's all a player needs...... 

Its worse than Farmville. 
Cause atleast farmville uses a bit of fun to keep the player playing. 

This was supposed to be fun. Chill fun. Where you decided what you want to do or how you want to make your farm. Not ""You as the game demands."" by demands I mean the fucking slow animations. and after you water your crops you have nothing to do yet it feels incomplete but you cannot waste the day so you go on by choosing the other 2 activities fishing or mining. But why. WHO KNOWS. but you gotta keep doing it. Over and over and over and over... Until the game spits out the fun FINALLY and you know what you are doing. 

you read this and think ""well just don't play. Its pretty easy , you can see the pattern"" Well that's what I mean by maniupulative.
It doesn't feel like a pattern. it feels like I choose it. And maybe I did something wrong. The PR fans are there to reinforce that idea. It feels incomplete. Like i left something half done.

because that's exactly how the game wants you to feel

it was supposed to be so fun... Like ""Oh hey , Im going to have fun in Stardew valley today . Lets decided what I want to do.Oh yea today I'll make a cool Farm that........ NOTHING FUCKING MATTERS WHAT'S THE POINT FUCKING UNINSTALL""

If i made a farm. Where I am producing every known item in large amounts and have a buffer of it. for all seasons. Liek 1 chest full of 1 item , for all items. Including all fishes and crafted items. hell even mining shit like bombs and shit.  That's the only thing that will require me to use energy since everything else can be automated.

Once I complete the daily mission on the board
What the fuck else am i going to do with my items?
Who needs these items. Why. how are they goign to apply these items. 
is there a reason the game gives me for these items to exist ?

Ok so i was trying to understand AoE's economy shit. And it just ..I remembered or rather it felt the same.
Its like if you were in a game where you know ALL the tricks. So does the opponent. but he's pushing you back slowly. And you've tried everything. You will obviously try the take 1 step back to take 2 steps forward thing.
How does this relate?
Well. If I open a game thinking ""Ok yea I've played these games before"" and not think much of it but the fun. 
And then it shows you something new. but not letting you know what you are supposed to do. Or what the fun of the game is. Or how to play it. 
You WILL play along until it finally pulls you back enough. To show you what it meant.
and then you will ""play"" the game. Meaning now that you know what to do and how this functions you will do what you want for fun.
The time spent ""NOT PLAYING"" which is , not doing what you want , and following along a boring script .
is 1 step back
The play after that is 2 steps forward
now that you have learnt this new thing. You can have EVEN more fun. 
And when that does not happen. You feel cheated. 

its like in conversations. When someone introduces something new. You play along. until you get to the point. And go ""AHHH yea ok"" 

If you don't do it. Both you and game are at a standstill. And the game is winning slightly. Cause it hasn't completely pulled a skinner box on you. But it is slowly wasting your time which nears office. and electric useage. And battery. And daylight.

Somehow . fucker dev has , figured out a way to loop it? Idk.
but if you go along with it. It will keep saying 'ok make a choice between A B and C"" and all of them lead nowhere.
and goes ""now make another and another you know its going nowhere but you have no choice but to play along cause what if it does , cause its all new HAHAHAHA , oh no time over. sleep. Start again"" 
New shit hid behind an infinite compulsion loop that loops on its self
like a new FPS game with cool new ideas but to get to the FPS you have to ""complete"" Cookie clicker

which is entirely why people keep asking 
""What's the point?"" cause they have taken 1 step back. (which the game forced by pushing them slightly back every second. Like in game design if you want the players to do something you have to push them back so they take a step back to bring it all forward)
and are tired of waiting for their 2 steps forward reward

why am i still obsessed . Like i feel its incomplete. 
how do you push people back? The parsnips?

Using that trick where if players don't go or do anything you use the fear of missing out or something by constantly have something moving in their periphery? time? light?. FCK U.

When people say ""what's the point"" they aren't asking. They are saying ""What's the point. The entire game is fucking meaning less and pscyologically compulsive"" 

So when can i start having fun?
you know im only putting up with your shit cause you are new right?
like the moment you get 1 iota of an inch too much of a shit to put up with we dump your stupid ass and your idea?



Edit
im going to perfect it out of spite. Just to say i did everything and i still hate it
wtf am i doing",1609818321,1758846822,False,0,0,0.454545468091964722,0,True,False,False,False
205182410,"{'steamid': '76561198993851693', 'num_games_owned': 0, 'num_reviews': 4, 'playtime_forever': 799, 'playtime_last_two_weeks': 0, 'playtime_at_review': 692, 'last_played': 1758829379}",english,Nope.,1758822912,1758822912,False,0,0,0.5,0,True,False,False,False
205179854,"{'steamid': '76561198419401648', 'num_games_owned': 0, 'num_reviews': 2, 'playtime_forever': 1281, 'playtime_last_two_weeks': 0, 'playtime_at_review': 421, 'last_played': 1759158582}",schinese,"My girl friend has serious anxiety, so I find this game try to make her feel better and relax. However, as she finally figured out how to make money by farming and put a lot of efforts on making a big field. Then the summer came, and everything died and she lost 8,000 gold. This is a fucked up game.",1758820603,1758820603,False,2,0,0.452895522117614746,0,True,False,False,False
205176986,"{'steamid': '76561199809823088', 'num_games_owned': 35, 'num_reviews': 3, 'playtime_forever': 4279, 'playtime_last_two_weeks': 893, 'playtime_at_review': 3386, 'last_played': 1762031960}",turkish,abıgaıl,1758818060,1758818060,False,0,0,0.5,0,True,False,False,False
129900833,"{'steamid': '76561198403596770', 'num_games_owned': 0, 'num_reviews': 33, 'playtime_forever': 752, 'playtime_last_two_weeks': 0, 'playtime_at_review': 752, 'last_played': 1757292254}",english,"I really wanted to like this game, but unfortunately I just can't seem to get into it. I've tried numerous times to play and enjoy the game, even tried mods but I just end up getting bored within the first 15 minutes.",1672621539,1758785611,False,0,0,0.5,0,True,False,False,False
205148572,"{'steamid': '76561199014709551', 'num_games_owned': 0, 'num_reviews': 26, 'playtime_forever': 34, 'playtime_last_two_weeks': 0, 'playtime_at_review': 34, 'last_played': 1751850547}",english,"Might be the most boring game I have played, also the farming is poorly done.",1758784057,1758784057,False,1,0,0.396504640579223633,0,True,False,False,False
205126918,"{'steamid': '76561198273909176', 'num_games_owned': 0, 'num_reviews': 4, 'playtime_forever': 36, 'playtime_last_two_weeks': 0, 'playtime_at_review': 36, 'last_played': 1751317809}",russian,Скучная духота,1758752394,1758752394,False,1,0,0.384615391492843628,0,True,False,False,False
190903485,"{'steamid': '76561199517499187', 'num_games_owned': 56, 'num_reviews': 21, 'playtime_forever': 1804, 'playtime_last_two_weeks': 0, 'playtime_at_review': 1804, 'last_played': 1719492268}",schinese,hh,1742659318,1758713969,False,0,1,0.437956184148788452,0,True,False,False,False
205089733,"{'steamid': '76561199050231616', 'num_games_owned': 55, 'num_reviews': 3, 'playtime_forever': 236, 'playtime_last_two_weeks': 0, 'playtime_at_review': 236, 'last_played': 1753742527}",english,This game ruin my relationships,1758693333,1758693333,False,0,1,0.5,0,True,False,False,False
70612874,"{'steamid': '76561198998625729', 'num_games_owned': 0, 'num_reviews': 3, 'playtime_forever': 7837, 'playtime_last_two_weeks': 0, 'playtime_at_review': 7837, 'last_played': 1751107652}",schinese,1,1591849340,1758686788,False,0,0,0.353817492723464966,0,True,False,False,False
205078262,"{'steamid': '76561198396577485', 'num_games_owned': 0, 'num_reviews': 167, 'playtime_forever': 42, 'playtime_last_two_weeks': 0, 'playtime_at_review': 42, 'last_played': 1758308502}",english,ain`t my shi,1758675864,1758675864,False,0,0,0.465116292238235474,0,True,False,False,False
205059125,"{'steamid': '76561197980016571', 'num_games_owned': 0, 'num_reviews': 79, 'playtime_forever': 76840, 'playtime_last_two_weeks': 0, 'playtime_at_review': 76288, 'last_played': 1759882933}",english,Asked for a review.,1758663673,1758663673,False,0,2,0.439442664384841919,0,True,False,False,False
205024794,"{'steamid': '76561199116911897', 'num_games_owned': 11, 'num_reviews': 5, 'playtime_forever': 321, 'playtime_last_two_weeks': 0, 'playtime_at_review': 320, 'last_played': 1760191841}",english,i wish i had a girlfriend to play this with,1758631347,1758631347,False,3,0,0.468069970607757568,1,True,False,False,False
205019706,"{'steamid': '76561199561054806', 'num_games_owned': 0, 'num_reviews': 1, 'playtime_forever': 21863, 'playtime_last_two_weeks': 1130, 'playtime_at_review': 18427, 'last_played': 1762090265}",schinese,bad,1758624891,1758624891,False,0,1,0.487125128507614136,0,True,False,False,False
205005590,"{'steamid': '76561198399904672', 'num_games_owned': 112, 'num_reviews': 1, 'playtime_forever': 49188, 'playtime_last_two_weeks': 0, 'playtime_at_review': 48599, 'last_played': 1759649547}",english,The worst game ever made in the history of humanity,1758603190,1758603190,False,1,3,0.357851326465606689,0,True,False,False,False
204992193,"{'steamid': '76561198047722599', 'num_games_owned': 0, 'num_reviews': 39, 'playtime_forever': 533, 'playtime_last_two_weeks': 0, 'playtime_at_review': 533, 'last_played': 1689199139}",portuguese,WTF,1758585842,1758585842,False,0,0,0.454545468091964722,0,True,False,False,False
204991385,"{'steamid': '76561199570065561', 'num_games_owned': 0, 'num_reviews': 8, 'playtime_forever': 3387, 'playtime_last_two_weeks': 0, 'playtime_at_review': 3383, 'last_played': 1758954882}",english,cant sex the married women :(,1758585184,1758585184,False,2,5,0.480144411325454712,0,True,False,False,False
114631175,"{'steamid': '76561199013929245', 'num_games_owned': 0, 'num_reviews': 8, 'playtime_forever': 24761, 'playtime_last_two_weeks': 0, 'playtime_at_review': 24761, 'last_played': 1758107074}",english,this game sucks,1651176762,1758560228,False,0,0,0.5,0,True,False,False,False
204959763,"{'steamid': '76561199082676478', 'num_games_owned': 0, 'num_reviews': 1, 'playtime_forever': 2287, 'playtime_last_two_weeks': 0, 'playtime_at_review': 1827, 'last_played': 1759004370}",turkish,"gğüzel
",1758560012,1758560012,False,0,0,0.476190477609634399,0,True,False,False,False
204953840,"{'steamid': '76561198823048154', 'num_games_owned': 160, 'num_reviews': 37, 'playtime_forever': 77, 'playtime_last_two_weeks': 42, 'playtime_at_review': 34, 'last_played': 1762001202}",schinese,bad,1758554662,1758554662,False,0,0,0.487125128507614136,0,True,False,False,False
176787261,"{'steamid': '76561198420813238', 'num_games_owned': 0, 'num_reviews': 8, 'playtime_forever': 1369, 'playtime_last_two_weeks': 0, 'playtime_at_review': 1369, 'last_played': 1758540530}",german,"Absolut unlogisch - wie soll man den Erfolg mit Hochzeit und 2 Kindern schaffen!? Selbst nach 10 Jahren ist das Baby immernoch ein Baby. Total verbugt der Mist.

Edit 22.09.2025:

Da will man dem Spiel eine neue Chance geben und installiert es...jetzt steht da Beim Starten des Spiels ist ein Fehler aufgetreten: Spielausführungsdatei fehlt ???? Es ist frisch und neu installiert, da kann nichts fehlen! -_- Unspielbar geworden!!! Wird auch nicht behoben wenn man es dann deinstalliert und nochmal installiert. Direkt keinen Bock mehr -_-

☆☆☆☆☆ Bewertung: 0 von 5 Sternen",1728603437,1758540620,False,4,0,0.522597014904022217,0,True,False,False,False
204939567,"{'steamid': '76561198052441152', 'num_games_owned': 0, 'num_reviews': 14, 'playtime_forever': 9167, 'playtime_last_two_weeks': 0, 'playtime_at_review': 9167, 'last_played': 1758538613}",english,It is unacceptable in the modern era to not have steam workshop access for mods. Not acceptable.,1758539086,1758539086,False,0,1,0.375782310962677002,0,True,False,False,False
204880161,"{'steamid': '76561199562261746', 'num_games_owned': 17, 'num_reviews': 1, 'playtime_forever': 26505, 'playtime_last_two_weeks': 0, 'playtime_at_review': 26505, 'last_played': 1758044643}",schinese,CAO NI MA D E ZEI JI BA NAN WAN,1758469573,1758469573,False,0,0,0.367710977792739868,0,True,True,False,False
204848744,"{'steamid': '76561199122361200', 'num_games_owned': 49, 'num_reviews': 3, 'playtime_forever': 42676, 'playtime_last_two_weeks': 0, 'playtime_at_review': 42676, 'last_played': 1741251460}",english,couldnt get hooked just isnt for me,1758440917,1758440917,False,0,5,0.5,0,True,False,False,False
204834455,"{'steamid': '76561198888695711', 'num_games_owned': 166, 'num_reviews': 8, 'playtime_forever': 36, 'playtime_last_two_weeks': 0, 'playtime_at_review': 36, 'last_played': 1758398905}",english,Shit crashed ITs ass play Bl4 instead,1758423350,1758423350,False,0,1,0.450819671154022217,0,True,False,False,False
204833537,"{'steamid': '76561199828565029', 'num_games_owned': 0, 'num_reviews': 1, 'playtime_forever': 1242, 'playtime_last_two_weeks': 0, 'playtime_at_review': 1236, 'last_played': 1760647777}",brazilian,não da de pegar mulher casada e plantar maconha. não recomendo!!!!!!!,1758422260,1758422331,False,1,4,0.523809552192687988,0,True,False,False,False
204799423,"{'steamid': '76561198065602785', 'num_games_owned': 0, 'num_reviews': 70, 'playtime_forever': 1339, 'playtime_last_two_weeks': 0, 'playtime_at_review': 1339, 'last_played': 1758855166}",english,"It's just grinding -- [i]totally charming[/i], to be sure, but still just grinding. There's nothing fundamentally wrong with this game, though there are various little frustrations (e.g., NPCs hours of operation); it is what it is. I was hooked initially, but couldn't even make it to winter. [i]You[/i] may enjoy the treadmill.",1758389424,1758389424,False,8,1,0.481687486171722412,0,True,False,False,False
204788536,"{'steamid': '76561198864568682', 'num_games_owned': 196, 'num_reviews': 147, 'playtime_forever': 416, 'playtime_last_two_weeks': 0, 'playtime_at_review': 416, 'last_played': 1708167283}",english,RCT VOMIT,1758381068,1758381068,False,0,0,0.476190477609634399,0,True,False,False,False
204766990,"{'steamid': '76561198054635919', 'num_games_owned': 80, 'num_reviews': 35, 'playtime_forever': 21937, 'playtime_last_two_weeks': 0, 'playtime_at_review': 21937, 'last_played': 1758361365}",english,Randomly your saves will vanish and Save Backups are ancient.,1758361490,1758361490,False,0,0,0.5,0,True,False,False,False
204750517,"{'steamid': '76561199216796702', 'num_games_owned': 90, 'num_reviews': 10, 'playtime_forever': 570, 'playtime_last_two_weeks': 0, 'playtime_at_review': 570, 'last_played': 1706150145}",english,ts boring ASF,1758341306,1758341306,False,0,0,0.454545468091964722,0,True,False,False,False
204741401,"{'steamid': '76561199379367066', 'num_games_owned': 0, 'num_reviews': 3, 'playtime_forever': 9986, 'playtime_last_two_weeks': 1, 'playtime_at_review': 9836, 'last_played': 1761352052}",english,Can't marry Caroline or Sandy,1758330297,1758330297,False,1,3,0.47826087474822998,0,True,False,False,False
204739855,"{'steamid': '76561199868965124', 'num_games_owned': 32, 'num_reviews': 8, 'playtime_forever': 136, 'playtime_last_two_weeks': 0, 'playtime_at_review': 136, 'last_played': 1755727346}",spanish,"ME ABURRI AL TOQUE JAAJJAJA.

WACHO ES SOLO FARMIAR RE TRANQUI A MI ME GUSTA RECAGARME A PALOS EN EL JUEGO Y NO ES COMO YO QUIERO PENSE QUE PODIAS COGER CON LOS NPC PERO NI MI PUTO PERRO ADENTRO DEL JUEGO ME QUIERE JUEGUITO DEL OJETE MEJOR JUEGUEN BRAWLHALLA QUE TIENE FURROS RICOS",1758328449,1758328449,False,1,1,0.389484971761703491,0,True,False,False,False
204719919,"{'steamid': '76561198115517746', 'num_games_owned': 0, 'num_reviews': 41, 'playtime_forever': 13, 'playtime_last_two_weeks': 0, 'playtime_at_review': 13, 'last_played': 1757078515}",russian,незя какащке кушоть,1758308989,1758308989,False,0,2,0.454545468091964722,0,True,False,False,False
190219959,"{'steamid': '76561199512989846', 'num_games_owned': 0, 'num_reviews': 4, 'playtime_forever': 19635, 'playtime_last_two_weeks': 869, 'playtime_at_review': 16971, 'last_played': 1762153970}",schinese,不开放创意工坊导致下mod只能去N网，麻烦暂且不提，考虑过联机玩家的感受吗？mod作者的收益重要，我们花钱买游戏的玩家的联机体验就是可以被随意放弃的吗？,1742007503,1758300986,False,0,0,0.5,0,True,False,False,False
204678995,"{'steamid': '76561199654205424', 'num_games_owned': 60, 'num_reviews': 18, 'playtime_forever': 215, 'playtime_last_two_weeks': 0, 'playtime_at_review': 215, 'last_played': 1732272969}",russian,"купил зашёл, хуйнч удалил",1758268467,1758268467,False,0,0,0.458015263080596924,0,True,False,False,False
204658568,"{'steamid': '76561199247689668', 'num_games_owned': 0, 'num_reviews': 9, 'playtime_forever': 595, 'playtime_last_two_weeks': 0, 'playtime_at_review': 191, 'last_played': 1759290248}",schinese,我不喜欢,1758240258,1758240258,False,0,0,0.405356138944625854,0,True,False,False,False
204650722,"{'steamid': '76561199141007096', 'num_games_owned': 58, 'num_reviews': 5, 'playtime_forever': 94, 'playtime_last_two_weeks': 0, 'playtime_at_review': 94, 'last_played': 1751787823}",polish,"OVERRATED, unless you're a person who hates it's life",1758231322,1758231322,False,0,0,0.454545468091964722,0,True,False,False,False
198587369,"{'steamid': '76561198878901311', 'num_games_owned': 0, 'num_reviews': 40, 'playtime_forever': 28, 'playtime_last_two_weeks': 0, 'playtime_at_review': 28, 'last_played': 1751215112}",turkish,bana göre kötü bir oyun,1751317202,1758207929,False,1,0,0.5,4,True,False,False,False
204620091,"{'steamid': '76561199583058646', 'num_games_owned': 0, 'num_reviews': 1, 'playtime_forever': 8513, 'playtime_last_two_weeks': 0, 'playtime_at_review': 8513, 'last_played': 1756121038}",russian,"Не переставайте обновлять, умоляю",1758204632,1758204632,False,0,0,0.5,0,True,False,False,False
204613540,"{'steamid': '76561199075435709', 'num_games_owned': 0, 'num_reviews': 7, 'playtime_forever': 27261, 'playtime_last_two_weeks': 0, 'playtime_at_review': 27230, 'last_played': 1758342502}",schinese,好玩在哪 玩不下去,1758197077,1758197077,False,0,2,0.41840246319770813,0,True,False,False,False
204600853,"{'steamid': '76561199098869175', 'num_games_owned': 120, 'num_reviews': 3, 'playtime_forever': 10151, 'playtime_last_two_weeks': 0, 'playtime_at_review': 10151, 'last_played': 1749916266}",schinese,……%……%￥#￥……@（）…,1758175687,1758175687,False,0,0,0.414201200008392334,0,True,False,False,False
202777108,"{'steamid': '76561198874181794', 'num_games_owned': 69, 'num_reviews': 2, 'playtime_forever': 1500, 'playtime_last_two_weeks': 0, 'playtime_at_review': 1500, 'last_played': 1756032237}",schinese,联动差评,1756031434,1758175171,False,0,0,0.5,0,True,False,False,False
204597073,"{'steamid': '76561198793985720', 'num_games_owned': 0, 'num_reviews': 1, 'playtime_forever': 5429, 'playtime_last_two_weeks': 100, 'playtime_at_review': 3810, 'last_played': 1761108418}",brazilian,nao da para casar com npcs casaveis,1758168852,1758168852,False,1,2,0.523809552192687988,0,True,False,False,False
204592910,"{'steamid': '76561198328518879', 'num_games_owned': 0, 'num_reviews': 35, 'playtime_forever': 1879, 'playtime_last_two_weeks': 0, 'playtime_at_review': 603, 'last_played': 1758557029}",spanish,se me crashea la mierda esta,1758162264,1758162264,False,0,0,0.470756053924560547,0,True,False,False,False
204582876,"{'steamid': '76561197962405793', 'num_games_owned': 0, 'num_reviews': 119, 'playtime_forever': 12557, 'playtime_last_two_weeks': 0, 'playtime_at_review': 12557, 'last_played': 1757313013}",english,"The game opens up with an intro about our main character suffering of depression and burnout. And then this aspect is dropped altogether. Replacing one type of monotonous soulless job with another soulless job just made me more miserable and I failed to see how my character ""got better"". Being a farmer is hard and joyless.

Another farming sim, Wanderstop, achieved in 15 hours what Stardew couldn't in over 200. Becoming a memorable, actually relaxing experience that addresses these topics and a narrative that stays with me forever.",1758148325,1758148325,False,1,0,0.391797065734863281,0,True,False,False,False
204565911,"{'steamid': '76561199777984807', 'num_games_owned': 12, 'num_reviews': 6, 'playtime_forever': 1162, 'playtime_last_two_weeks': 0, 'playtime_at_review': 595, 'last_played': 1759121875}",russian,уснул на улице и был обокран бомжарой,1758130328,1758130328,False,1,3,0.498457878828048706,0,True,False,False,False
204552537,"{'steamid': '76561199567575025', 'num_games_owned': 0, 'num_reviews': 25, 'playtime_forever': 12150, 'playtime_last_two_weeks': 197, 'playtime_at_review': 11953, 'last_played': 1761235801}",english,"AFTER I FINISH THIS GAME, IT FEELS VERY BORING, THERE ARE NO CONTENT ADDITION UPDATES, MAKING ME WANT TO UNINSTALL THIS GAME.",1758117807,1758117807,False,0,0,0.464135020971298218,0,True,False,False,False
204508949,"{'steamid': '76561199538817053', 'num_games_owned': 52, 'num_reviews': 3, 'playtime_forever': 185, 'playtime_last_two_weeks': 0, 'playtime_at_review': 185, 'last_played': 1707053059}",turkish,ne demek blackjack de para kazanılmıyor,1758059533,1758059533,False,0,0,0.458715617656707764,0,True,False,False,False
204471522,"{'steamid': '76561199681385768', 'num_games_owned': 0, 'num_reviews': 1, 'playtime_forever': 1975, 'playtime_last_two_weeks': 0, 'playtime_at_review': 1851, 'last_played': 1759147000}",schinese,wozhegeyouxiwanbuliao,1758024097,1758024097,False,0,0,0.494223356246948242,0,True,False,False,False
204469868,"{'steamid': '76561198810553761', 'num_games_owned': 0, 'num_reviews': 2, 'playtime_forever': 4966, 'playtime_last_two_weeks': 0, 'playtime_at_review': 4966, 'last_played': 1757687434}",schinese,"性价比高，但是休闲和自定义装饰方面真的不是很好
我以为是休闲游戏，实际上诸多机制都可以看出作者在强调赚钱的高效性
这很明显偏离了休闲两个字
这就是个从一个joja跳槽到另一个joja的游戏罢了
",1758021845,1758021845,False,6,0,0.491571158170700073,0,True,False,False,False
122927337,"{'steamid': '76561199030566854', 'num_games_owned': 107, 'num_reviews': 9, 'playtime_forever': 2323, 'playtime_last_two_weeks': 0, 'playtime_at_review': 2323, 'last_played': 1739932877}",english,Sebastian is NOT goated.,1664302824,1757997104,False,0,0,0.5,0,True,False,False,False
204409089,"{'steamid': '76561198386057611', 'num_games_owned': 37, 'num_reviews': 2, 'playtime_forever': 118, 'playtime_last_two_weeks': 0, 'playtime_at_review': 118, 'last_played': 1757954044}",turkish,Dünyanın en sıkıcı en işsiz saçma salak gereksiz oyunu eğer emekli akıl sağlığınız yitirmek üzeri iseniz bu oyunu oynamanazı şiddetle öneriyorum.,1757954196,1757954196,False,2,0,0.445881545543670654,0,True,False,False,False
204407186,"{'steamid': '76561199695226739', 'num_games_owned': 28, 'num_reviews': 5, 'playtime_forever': 48, 'playtime_last_two_weeks': 0, 'playtime_at_review': 48, 'last_played': 1757730749}",russian,Увидел игру и захотел купить почитал отзывы вроде хорошо но когда попытался хоть что то понять ниче не понял нужно было идти куда то на пляж вроде как по мини карте постарался прийти но так и не дошел а потом обратно идти через всю карту и ходишь медленно врезаешься в маленькие камни и кустики  так и не понял,1757952611,1757952611,False,1,2,0.377315044403076172,0,True,False,False,False
204406784,"{'steamid': '76561198337351610', 'num_games_owned': 0, 'num_reviews': 2, 'playtime_forever': 4518, 'playtime_last_two_weeks': 127, 'playtime_at_review': 4391, 'last_played': 1761413210}",english,Absolute ass.,1757952279,1757952279,False,0,0,0.454150378704071045,1,True,False,False,False
204406031,"{'steamid': '76561199786949506', 'num_games_owned': 68, 'num_reviews': 1, 'playtime_forever': 36, 'playtime_last_two_weeks': 0, 'playtime_at_review': 36, 'last_played': 1757950876}",schinese,钓鱼和史一样,1757951585,1757951585,False,0,0,0.5,0,True,False,False,False
204401415,"{'steamid': '76561199084019742', 'num_games_owned': 32, 'num_reviews': 2, 'playtime_forever': 10562, 'playtime_last_two_weeks': 90, 'playtime_at_review': 6390, 'last_played': 1761691070}",schinese,垃圾游戏，一个休闲游戏弄一堆卡点，沙币的要死,1757947593,1757947593,False,1,1,0.408872783184051514,0,True,False,False,False
204396169,"{'steamid': '76561198060924638', 'num_games_owned': 0, 'num_reviews': 75, 'playtime_forever': 800, 'playtime_last_two_weeks': 0, 'playtime_at_review': 800, 'deck_playtime_at_review': 1, 'last_played': 1677987334}",english,it's stardew valley.,1757942476,1757942476,False,0,0,0.380403459072113037,0,True,False,False,False
204369819,"{'steamid': '76561199042195576', 'num_games_owned': 57, 'num_reviews': 23, 'playtime_forever': 896, 'playtime_last_two_weeks': 0, 'playtime_at_review': 896, 'last_played': 1730245770}",english,ts so stressful,1757900958,1757900958,False,1,0,0.520547926425933838,0,True,False,False,False
204362690,"{'steamid': '76561198151342388', 'num_games_owned': 0, 'num_reviews': 1, 'playtime_forever': 7201, 'playtime_last_two_weeks': 0, 'playtime_at_review': 7200, 'last_played': 1757931030}",english,Co-op is broken. This is a SINGLEPLAYER ONLY GAME.,1757891009,1757891009,False,0,1,0.456431567668914795,1,True,False,False,False
204362046,"{'steamid': '76561198160817418', 'num_games_owned': 19, 'num_reviews': 1, 'playtime_forever': 21007, 'playtime_last_two_weeks': 25, 'playtime_at_review': 15272, 'last_played': 1761255292}",spanish,MENUDA MRDA DE JUEGO XD,1757890202,1757890202,False,0,0,0.376626342535018921,0,True,False,False,False
204359632,"{'steamid': '76561199700685782', 'num_games_owned': 0, 'num_reviews': 4, 'playtime_forever': 7094, 'playtime_last_two_weeks': 0, 'playtime_at_review': 4808, 'last_played': 1760478108}",brazilian,"NÃO DA PARA COMER AS CASADAS, -10/10
",1757887290,1757887290,False,1,1,0.47826087474822998,0,True,False,False,False
204350651,"{'steamid': '76561198072550480', 'num_games_owned': 0, 'num_reviews': 1, 'playtime_forever': 18250, 'playtime_last_two_weeks': 3385, 'playtime_at_review': 6393, 'last_played': 1762216595}",english,Enjoyed playing while it runs.  Some times it starts stuttering and then crashes out.  Other times it just stops responding.,1757878491,1757878491,False,0,1,0.402930408716201782,0,True,False,False,False
204342761,"{'steamid': '76561199887054639', 'num_games_owned': 5, 'num_reviews': 1, 'playtime_forever': 151, 'playtime_last_two_weeks': 0, 'playtime_at_review': 151, 'last_played': 1757865461}",russian,"Крайне переоценена. Думала, раз люблю жанр и игра на слуху, мне понравится, но геймплей здесь унылый. Сбегай (очень медленно) на другой конец карты только чтобы порыбачить, потом приди обратно так же через всю карту домой, чтобы улов продать, поспи и завтра сделай то же самое. И послезавтра. И после-послезавтра. Казалось бы, в подобном однообразии и смысл жанра (релакс через решение простых задач, сортировку предметов и эскапизм в добрый вымышленный мир), но в случае Stardew Valley это чистая скука. My Time At Portia или любой фермерский плейс в Роблоксе (Islands, Farmstead) гораздо сильнее затягивали. В случае MTAP (проходила 2 раза) было интересно взаимодействовать с персонажами и ждать развития сюжета. Здесь же зевать хотелось буквально от всего, кое-как заставила себя пару часов наиграть для приличия.",1757871872,1757871872,False,4,0,0.415053904056549072,0,True,False,False,False
179698458,"{'steamid': '76561199568140025', 'num_games_owned': 38, 'num_reviews': 7, 'playtime_forever': 4243, 'playtime_last_two_weeks': 0, 'playtime_at_review': 4243, 'last_played': 1757865232}",russian,Давал много шанса на неё в итоге это большая гриндилка,1732425364,1757865268,False,0,0,0.5,0,True,False,False,False
204310241,"{'steamid': '76561198166028434', 'num_games_owned': 0, 'num_reviews': 5, 'playtime_forever': 44, 'playtime_last_two_weeks': 0, 'playtime_at_review': 44, 'last_played': 1759349029}",english,this game is so hard. don't trust the hype,1757844418,1757844418,False,0,1,0.454545468091964722,0,True,False,False,False
63464339,"{'steamid': '76561198863015689', 'num_games_owned': 230, 'num_reviews': 10, 'playtime_forever': 23332, 'playtime_last_two_weeks': 0, 'playtime_at_review': 23332, 'last_played': 1755895559}",english,:/,1581649424,1757794934,False,1,0,0.523809552192687988,0,True,False,False,False
204256493,"{'steamid': '76561198091723075', 'num_games_owned': 161, 'num_reviews': 13, 'playtime_forever': 11, 'playtime_last_two_weeks': 0, 'playtime_at_review': 11, 'last_played': 1757785170}",english,11 minutes its where i decided this game was dog shit uninstalled it,1757785331,1757785331,False,0,0,0.416666656732559204,0,True,False,False,False
204228976,"{'steamid': '76561198358217638', 'num_games_owned': 24, 'num_reviews': 1, 'playtime_forever': 270, 'playtime_last_two_weeks': 0, 'playtime_at_review': 265, 'last_played': 1757762880}",koreana,뭐하는 게임인지 모르겠음,1757761890,1757761924,False,0,0,0.454545468091964722,0,True,False,False,False
204229006,"{'steamid': '76561199871739578', 'num_games_owned': 0, 'num_reviews': 3, 'playtime_forever': 1592, 'playtime_last_two_weeks': 0, 'playtime_at_review': 1492, 'last_played': 1757768160}",schinese,mmm,1757761922,1757761922,False,0,0,0.5,0,True,False,False,False
97190251,"{'steamid': '76561198272255413', 'num_games_owned': 0, 'num_reviews': 25, 'playtime_forever': 18803, 'playtime_last_two_weeks': 0, 'playtime_at_review': 18803, 'last_played': 1757721658}",russian,не затянула,1628450257,1757759709,False,0,0,0.5,0,True,False,False,False
204180953,"{'steamid': '76561199247796188', 'num_games_owned': 74, 'num_reviews': 15, 'playtime_forever': 356, 'playtime_last_two_weeks': 0, 'playtime_at_review': 356, 'last_played': 1756666376}",russian,"Не видела игр с более неприятным управлением с любого устройства.
Романс персонажей сухой и не удобный.
Система ""успей до двух часов"" глупая и не обоснованная. Далеко не каждый человек падает в обморок от недосыпа в два часа ночи, тем более в один день с пробуждением.
Из плюсов только визуал и сама идея фермы, ибо это я итак люблю.

Не рекомендую, в общем.",1757705186,1757705186,False,1,0,0.397553503513336182,0,True,False,False,False
172483502,"{'steamid': '76561199215502876', 'num_games_owned': 0, 'num_reviews': 2, 'playtime_forever': 640, 'playtime_last_two_weeks': 0, 'playtime_at_review': 640, 'last_played': 1696554958}",latam,Wea wena,1724104330,1757635609,False,1,6,0.439999997615814209,0,True,True,False,False
204115756,"{'steamid': '76561199349843920', 'num_games_owned': 0, 'num_reviews': 3, 'playtime_forever': 1023, 'playtime_last_two_weeks': 0, 'playtime_at_review': 652, 'last_played': 1757803169}",turkish,çalış artık,1757630924,1757630924,False,0,0,0.5,0,True,False,False,False
204089130,"{'steamid': '76561198838313787', 'num_games_owned': 341, 'num_reviews': 24, 'playtime_forever': 4488, 'playtime_last_two_weeks': 0, 'playtime_at_review': 4089, 'last_played': 1757962935}",russian,УВЫ,1757606150,1757606150,False,0,0,0.476190477609634399,0,True,False,False,False
204033509,"{'steamid': '76561199545066123', 'num_games_owned': 79, 'num_reviews': 7, 'playtime_forever': 12612, 'playtime_last_two_weeks': 0, 'playtime_at_review': 12612, 'last_played': 1752234290}",russian,"минмакс стратегия по посадке зрения за 2 недели

ну хоть от армии легче будет откосить",1757529175,1757529175,False,0,0,0.5,0,True,False,False,False
204028607,"{'steamid': '76561199263739097', 'num_games_owned': 0, 'num_reviews': 27, 'playtime_forever': 20, 'playtime_last_two_weeks': 0, 'playtime_at_review': 20, 'last_played': 1744271449}",russian,"Игра для фриков, какой адекватный чел будет в это играть ?",1757524407,1757524407,False,2,0,0.383923828601837158,0,True,False,False,False
204011828,"{'steamid': '76561198797718589', 'num_games_owned': 33, 'num_reviews': 4, 'playtime_forever': 12, 'playtime_last_two_weeks': 0, 'playtime_at_review': 12, 'last_played': 1757508378}",koreana,이런 시발 ㅈㄴ 갓겜 갓겜 ㅈㄴ 칭찬해서 해봤는데 시작부터 버그 걸려서 wasd움직이는것도 안되네 5개 재생성하고 불러오기 다 해봐도 움직이지도 않노 시발것,1757508442,1757508442,False,0,0,0.426540285348892212,0,True,False,False,False
204006803,"{'steamid': '76561198121359236', 'num_games_owned': 0, 'num_reviews': 17, 'playtime_forever': 671, 'playtime_last_two_weeks': 0, 'playtime_at_review': 671, 'deck_playtime_at_review': 671, 'last_played': 1757186707}",russian,"ТаймКиллер. На мобилке было бы норм. Пару дней пофармил - закрыл, продолжил в следующие свободные 5-10 минут. Зачем в это играть на пк, лично я хз. Играл на стимдеке - получил +- мобильный геймплей, но игра убивает своей скучнотой и духотой. Лучше уж в майн или террарию зарубиться чем в это.

ps на стимдеке работает норм на 3-5w ~10ч геймплея на 1 зарядке",1757502309,1757502309,False,2,0,0.455075830221176147,0,True,False,False,True
203976943,"{'steamid': '76561199841514736', 'num_games_owned': 0, 'num_reviews': 1, 'playtime_forever': 2083, 'playtime_last_two_weeks': 0, 'playtime_at_review': 1693, 'last_played': 1757638939}",english,its mid but still ok,1757456487,1757456487,False,0,0,0.476190477609634399,0,True,False,False,False
203973505,"{'steamid': '76561199549097425', 'num_games_owned': 0, 'num_reviews': 10, 'playtime_forever': 3674, 'playtime_last_two_weeks': 0, 'playtime_at_review': 3674, 'last_played': 1732208865}",brazilian,"Reconheço que o jogo não é ruim, mas não é pra mim. tentei jogar muito mas não foi, acho o jogo entendiante... Pra mim a melhor parte é só o começo mesmo",1757452194,1757452194,False,2,0,0.510548532009124756,0,True,False,False,False
203938782,"{'steamid': '76561199134747621', 'num_games_owned': 0, 'num_reviews': 3, 'playtime_forever': 95347, 'playtime_last_two_weeks': 0, 'playtime_at_review': 95252, 'last_played': 1758111100}",english,this game is pretty good BUT the game is becoming boring pretty fast. after 3 hours i stoped playing. this is very fun but quick. still recommended,1757417569,1757417632,False,2,52,0.436597943305969238,5,True,False,False,False
203905400,"{'steamid': '76561198028077845', 'num_games_owned': 179, 'num_reviews': 70, 'playtime_forever': 114, 'playtime_last_two_weeks': 0, 'playtime_at_review': 114, 'last_played': 1757367635}",brazilian,"Jogo bastante chato, nada comparado ao antigo Harvest Moon que joguei tanto, esse é extremamente vazio, tarefas sem noção, o tempo passa muito rápido, parece um jogo de Smartphone, não recomendo.
Quite a boring game, nothing compared to the old Harvest Moon that I played so much, this one is extremely empty, meaningless tasks, time passes very quickly, it feels like a Smartphone game, I don't recommend it.",1757367765,1757367765,False,1,1,0.434782594442367554,1,True,False,False,False
203900599,"{'steamid': '76561199014847491', 'num_games_owned': 36, 'num_reviews': 1, 'playtime_forever': 12547, 'playtime_last_two_weeks': 0, 'playtime_at_review': 12439, 'last_played': 1760824697}",russian,в пещере черные нападают не нравится,1757362346,1757362346,False,0,0,0.476190477609634399,0,True,False,False,False
203898433,"{'steamid': '76561198358069536', 'num_games_owned': 51, 'num_reviews': 5, 'playtime_forever': 6526, 'playtime_last_two_weeks': 0, 'playtime_at_review': 6526, 'last_played': 1757359802}",schinese,战斗系统跟石一样还绕不开下矿还有失败惩罚，时间流速也快得离谱，有些鱼疯得跟狂犬病一样，不搜攻略不打mod就折磨得要死。网上也到处都是人在ky，各方面败坏路人缘-。-,1757360185,1757360185,False,1,1,0.4192238450050354,0,True,False,False,False
203886469,"{'steamid': '76561199861026653', 'num_games_owned': 0, 'num_reviews': 1, 'playtime_forever': 13302, 'playtime_last_two_weeks': 0, 'playtime_at_review': 13011, 'last_played': 1758963402}",schinese,后面会进不去游戏启动不了,1757348605,1757348605,False,0,0,0.5,0,True,False,False,False
193422900,"{'steamid': '76561199134486824', 'num_games_owned': 42, 'num_reviews': 4, 'playtime_forever': 6667, 'playtime_last_two_weeks': 0, 'playtime_at_review': 5810, 'last_played': 1760701595}",english,I HATE JUNIMO KART,1745428465,1757339357,False,0,0,0.5,0,True,False,False,False
203858427,"{'steamid': '76561199651784041', 'num_games_owned': 37, 'num_reviews': 3, 'playtime_forever': 175, 'playtime_last_two_weeks': 0, 'playtime_at_review': 175, 'last_played': 1752065652}",russian,"купил из-за телки, несоветую111",1757316581,1757316581,False,0,1,0.412371128797531128,0,True,True,False,False
203857609,"{'steamid': '76561199076383283', 'num_games_owned': 157, 'num_reviews': 16, 'playtime_forever': 1359, 'playtime_last_two_weeks': 82, 'playtime_at_review': 879, 'last_played': 1762090467}",schinese,无法理解星露谷优秀之处，可能是周围的人都觉得好玩？,1757315220,1757315220,False,0,1,0.434782594442367554,0,True,False,False,False
203853370,"{'steamid': '76561199060970714', 'num_games_owned': 70, 'num_reviews': 4, 'playtime_forever': 1840, 'playtime_last_two_weeks': 0, 'playtime_at_review': 1840, 'last_played': 1717823186}",brazilian,"Desista.

Você não vai achar análise negativa.",1757308408,1757308408,False,2,3,0.545454561710357666,0,True,False,False,False
203825274,"{'steamid': '76561199380391962', 'num_games_owned': 50, 'num_reviews': 10, 'playtime_forever': 4175, 'playtime_last_two_weeks': 0, 'playtime_at_review': 1557, 'last_played': 1760469804}",latam,"No te puedes culear a la Haley 
-10000000/10",1757275145,1757275145,False,1,1,0.470756053924560547,0,True,False,False,False
203823086,"{'steamid': '76561198793789038', 'num_games_owned': 0, 'num_reviews': 1, 'playtime_forever': 12649, 'playtime_last_two_weeks': 1164, 'playtime_at_review': 2217, 'last_played': 1761462933}",schinese,老是存档不成功,1757273354,1757273354,False,0,0,0.5,0,True,False,False,False
203809251,"{'steamid': '76561198034931307', 'num_games_owned': 360, 'num_reviews': 2, 'playtime_forever': 3847, 'playtime_last_two_weeks': 0, 'playtime_at_review': 3847, 'last_played': 1698556322}",english, top 10 most boring games ive ever played,1757262692,1757262692,False,0,3,0.397929668426513672,2,True,False,False,False
203794366,"{'steamid': '76561198046333867', 'num_games_owned': 259, 'num_reviews': 23, 'playtime_forever': 14618, 'playtime_last_two_weeks': 0, 'playtime_at_review': 14618, 'last_played': 1757252391}",russian,"говно ебаное, пидорас ебаный забей себе эти прерии в очко",1757252439,1757252439,False,3,1,0.519483864307403564,1,True,False,False,False
203794121,"{'steamid': '76561199812004386', 'num_games_owned': 9, 'num_reviews': 1, 'playtime_forever': 6041, 'playtime_last_two_weeks': 0, 'playtime_at_review': 3768, 'last_played': 1760448654}",schinese,这个差评是给草原大王和祝尼魔赛车打的,1757252264,1757252264,False,1,0,0.523809552192687988,0,True,False,False,False
187057601,"{'steamid': '76561198872050096', 'num_games_owned': 130, 'num_reviews': 32, 'playtime_forever': 13226, 'playtime_last_two_weeks': 174, 'playtime_at_review': 10830, 'last_played': 1761647524}",schinese,那个矿车小游戏是人玩的？,1738568055,1757228938,False,0,0,0.5,0,True,False,False,False
102405794,"{'steamid': '76561198853362188', 'num_games_owned': 0, 'num_reviews': 22, 'playtime_forever': 10397, 'playtime_last_two_weeks': 0, 'playtime_at_review': 10397, 'last_played': 1753745791}",english,Its so goated,1636318337,1757218902,False,0,1,0.438246995210647583,0,True,False,False,False
203747971,"{'steamid': '76561199074749459', 'num_games_owned': 34, 'num_reviews': 15, 'playtime_forever': 2216, 'playtime_last_two_weeks': 0, 'playtime_at_review': 86, 'last_played': 1758481655}",english,"jogo lix do krl, a mecânica de pesca é uma desgraça. jogo de fps não da raiva, mas essa merda de pesca sim...",1757207709,1757207709,False,0,1,0.434782594442367554,1,True,False,False,False
203143427,"{'steamid': '76561198043828594', 'num_games_owned': 304, 'num_reviews': 47, 'playtime_forever': 1445, 'playtime_last_two_weeks': 0, 'playtime_at_review': 1445, 'last_played': 1756507163}",english,"Just NO.
Absolutely just NO.
I've played Harvest Moon: Friends of Mineral town. (Great game)
I've played Harvest Moon: Another Wonderful Life (horrible game)
This is somewhere's in between where it's ok, but just not hitting the vibe-check.

Combat? great nice to have, works well for what it is.
Farming? Dear god was this a game jam game? because farming is tedious, for a farming game with free roam (walking on crops etc), it's just ungodly forceful on where and HOW you farm your field. Like if I charge my Hoe or my Watering can, I CANNOT cancel it, and it locks it into some weird position, costing me time and energy.
How did this fail what Harvest Moon Friends of Mineral town nail on a GBA in 2003?? Someone called this game a spiritual Successor to Harvest Moon and I rolled my eyes and completely refused to acknowledge this game.

I got it on sale, to give it a try, and it's dulling my boredom at the very least. The Towns People have no life, Nobody introduces themselves at all, they have no life no character, they're just persona A and Persona B, to fill some weird Generational Gap and Trope.

The only person I had any interest in friending was the homeless guy cause at least that dude's got more personality than the towns people. Hell even the squiggle box dudes that literally fail to be anything else other than some austistic newbrowns imaginary friends come to life have nothing going for them.

Atleast the Harvest Sprites in Harvest Moon acted as some sort of nature creatures, and in Another Wonderful Life, they were invisible to all but the Player themself. Explanatory context! Instead of building blocks with arms diddled by some Shut-in Wizard that stalks the player yet gives no guidence. ""Drink my rufee potion""

The time moves WAY to fast to do anything outside of 1 thing: Farm, Explore, Mine. No choices, you have to plan your move before even doing it.

AND THE LAST THING: NO SAVING EXCEPT FOR WHEN YOU SLEEP. Really?

Just No. Go Emulate Harvest Moon, or Buy the ""Story Of Seasons"" re-brand without the Natsume controversy.

This game is as much as a flop as I expected it to be.

Aww someone Jestered me. Seems people can't tell a good game from a bad game LOL!",1756507866,1757186977,False,1,0,0.383502066135406494,0,True,False,False,False
203712921,"{'steamid': '76561198064522559', 'num_games_owned': 0, 'num_reviews': 1, 'playtime_forever': 23714, 'playtime_last_two_weeks': 0, 'playtime_at_review': 16213, 'last_played': 1758317255}",english,i love this game,1757176742,1757176742,False,0,1,0.434782594442367554,1,True,False,False,False
203690477,"{'steamid': '76561198032781575', 'num_games_owned': 0, 'num_reviews': 14, 'playtime_forever': 1496, 'playtime_last_two_weeks': 0, 'playtime_at_review': 1496, 'deck_playtime_at_review': 13, 'last_played': 1757157896}",english,"OK, so this is a negative review, but I DO understand why so many would love it. I've put many hours into it and, yeah, it keeps pulling me back in a bit. But it's more to try and find out what I'm actually missing here.

It's got a weird pace. Like it's sedate, but also time limit based each day to get stuff done. There's progression, but a lot of it is nebulous and feels shallow. The combat feels like it's been thrown in 'just because' and lacks depth to a laughable degree. The characters are all dull, the storyline - of what exists - is... bad? Like I don't care about anything happening ever.

Even the farming mechanics are a bit basic, and this is apparently primarily a farming sim.

So yeah, I don't know what I'm missing, but it hasn't clicked with me at all. But as said I do get why it would with some people, I don't think it's a 'bad' game at all. But yeah... just a weird one, where from what I can tell glaring negatives about it are ignored because of the sum total of the whole maybe? But for me those negatives were poor enough to taint the entire thing.",1757160523,1757160523,False,14,9,0.516710996627807617,1,True,False,False,False
203686067,"{'steamid': '76561199203952957', 'num_games_owned': 453, 'num_reviews': 39, 'playtime_forever': 6220, 'playtime_last_two_weeks': 0, 'playtime_at_review': 4792, 'last_played': 1757668520}",english,"Got no thunderstorms outside of fixed dates in summer for a year. Looked it up, and it turns out this has been the case since 1.6 rolled out, and it’s still not fixed. ConcernedApe came, broke legacy storm generation, and disappeared to work on his other game without a patch.",1757156509,1757156509,False,0,1,0.435413628816604614,0,True,False,False,False
203669473,"{'steamid': '76561199871750496', 'num_games_owned': 0, 'num_reviews': 4, 'playtime_forever': 354, 'playtime_last_two_weeks': 0, 'playtime_at_review': 246, 'last_played': 1760938222}",schinese,什么时候优化你那个该死的钓鱼系统我就改好评！！！,1757139085,1757139085,False,1,0,0.523809552192687988,0,True,False,False,False
203657165,"{'steamid': '76561199030087252', 'num_games_owned': 0, 'num_reviews': 2, 'playtime_forever': 223, 'playtime_last_two_weeks': 0, 'playtime_at_review': 223, 'last_played': 1728173313}",english,I have yet to see a single star or dew,1757125653,1757125653,False,0,1,0.400000005960464478,0,True,False,False,False
108284097,"{'steamid': '76561198830007397', 'num_games_owned': 17, 'num_reviews': 6, 'playtime_forever': 36239, 'playtime_last_two_weeks': 0, 'playtime_at_review': 36239, 'last_played': 1753215138}",brazilian,Depois de um tempo o jogo enjoa...,1642533747,1757121049,False,0,0,0.5,1,True,False,False,False
203642713,"{'steamid': '76561199080110803', 'num_games_owned': 153, 'num_reviews': 6, 'playtime_forever': 13622, 'playtime_last_two_weeks': 0, 'playtime_at_review': 12663, 'last_played': 1760052113}",english,Journey of the prairie King is impossible,1757110259,1757110259,False,0,1,0.476190477609634399,0,True,False,False,False
149679081,"{'steamid': '76561198023307442', 'num_games_owned': 0, 'num_reviews': 12, 'playtime_forever': 67, 'playtime_last_two_weeks': 0, 'playtime_at_review': 67, 'last_played': 1583798791}",english,just not for me,1699315994,1757101916,False,0,5,0.458015263080596924,0,True,False,False,False
203624514,"{'steamid': '76561198888353514', 'num_games_owned': 0, 'num_reviews': 5, 'playtime_forever': 1798, 'playtime_last_two_weeks': 0, 'playtime_at_review': 125, 'last_played': 1760907697}",turkish,mutfağa gidin bulduğunuz en tırtıklı bıçağı alnı ve bileklerinizi kesin kasmayın,1757094948,1757094948,False,1,1,0.5,0,True,False,False,False
131166977,"{'steamid': '76561199005753455', 'num_games_owned': 0, 'num_reviews': 136, 'playtime_forever': 4833, 'playtime_last_two_weeks': 0, 'playtime_at_review': 4833, 'last_played': 1757030855}",english,"its a very good game but its definitely not as casual as it tries to claim - everything is all about timing and moving quickly, days are only about 22 or so minutes long, each little actions takes up energy and if you pass out you lose 10 percent of your money and some of your items at random, etc. i wish there were vanilla in game settings to toggle these or at least adjust them so that someone can have a true casual and relaxing experience and not intensely micro managing and constantly timing and doing the maths for stuff.

its a very good game i love it a lot but its just not a casual and gets too stressful and tedious for what it tries to be,",1674160818,1757092372,False,0,0,0.5,0,True,False,False,False
203616165,"{'steamid': '76561199791343434', 'num_games_owned': 0, 'num_reviews': 1, 'playtime_forever': 5504, 'playtime_last_two_weeks': 0, 'playtime_at_review': 5504, 'last_played': 1757087344}",brazilian,não da para pegar mulher casada,1757088688,1757088688,False,1,0,0.5,0,True,False,False,False
203609653,"{'steamid': '76561199203883832', 'num_games_owned': 74, 'num_reviews': 24, 'playtime_forever': 396, 'playtime_last_two_weeks': 0, 'playtime_at_review': 396, 'last_played': 1755371437}",russian,"Слишком гениально, это оскорбляет меня",1757084073,1757084073,False,0,1,0.5,0,True,True,False,False
203607555,"{'steamid': '76561199768265573', 'num_games_owned': 12, 'num_reviews': 1, 'playtime_forever': 3087, 'playtime_last_two_weeks': 0, 'playtime_at_review': 2522, 'last_played': 1759252558}",schinese,存档总是丢失，每次睡觉后显示保存成功，第二天就发现白肝。我真的受够了，放弃这款游戏了，建议大家都不要入坑，简直是个黑洞，浪费时间精力。。。,1757082527,1757082527,False,0,0,0.5,0,True,False,False,False
203606051,"{'steamid': '76561199157825205', 'num_games_owned': 0, 'num_reviews': 3, 'playtime_forever': 25440, 'playtime_last_two_weeks': 0, 'playtime_at_review': 25331, 'last_played': 1760650550}",spanish,me consumió el alma,1757081444,1757081444,False,1,2,0.474507063627243042,0,True,False,False,False
203585845,"{'steamid': '76561199553086944', 'num_games_owned': 130, 'num_reviews': 33, 'playtime_forever': 248, 'playtime_last_two_weeks': 0, 'playtime_at_review': 31, 'last_played': 1758107511}",russian,бляя говнище полнейшое,1757061709,1757061709,False,0,0,0.476190477609634399,3,True,True,False,False
77525158,"{'steamid': '76561198080108572', 'num_games_owned': 182, 'num_reviews': 15, 'playtime_forever': 4578, 'playtime_last_two_weeks': 0, 'playtime_at_review': 4578, 'last_played': 1754544991}",english,"this game sucks and i hate it, there is few things in this world that truly enrage me to the level of attempting to play this boring, tedious, monotonous, dull, uninteresting, unexciting, and BORING!!!! game. HATE let me tell you how much i've grown to HATE this game since i began to play it, there are countless video games i could play instead of this garbage video game, HATE for this game, HATE. and to anyone who enjoys this game i want you to play it and have a FANTASTIC TIME and i hope you're extremely relaxed and HAPPY!!!!!!!!!!!!!! BUT ALSO I DONT VALUE YOUR OPINION AND I HOPE YOU EAT CARROTS DIPPED IN MAYONNAISE 

i dont like this game.",1602636668,1757011819,False,0,0,0.5,0,True,False,False,False
203498732,"{'steamid': '76561199743467839', 'num_games_owned': 0, 'num_reviews': 1, 'playtime_forever': 1574, 'playtime_last_two_weeks': 1, 'playtime_at_review': 1339, 'last_played': 1761068147}",schinese,联机连了俩小时，我操,1756989879,1756989879,False,0,0,0.471014469861984253,0,True,False,False,False
103845205,"{'steamid': '76561198382409571', 'num_games_owned': 135, 'num_reviews': 9, 'playtime_forever': 26731, 'playtime_last_two_weeks': 0, 'playtime_at_review': 26720, 'last_played': 1757379301}",english,Not enough content. I beat the game in like 12 minutes.,1637854857,1756987559,False,0,0,0.523809552192687988,0,True,False,False,False
203484700,"{'steamid': '76561199095728625', 'num_games_owned': 171, 'num_reviews': 25, 'playtime_forever': 29412, 'playtime_last_two_weeks': 0, 'playtime_at_review': 29412, 'last_played': 1715965937}",schinese,没有从无限暖暖的联动中获得收入，不是，这话你真信啊？没有收入那你一款单机种田和一款重氪换装联动的动机是什么？还说认为玩家喜欢才联动，立牌坊也不是这样立的，你从哪知道玩家喜欢了，我也没看见调查问卷啊就喜欢上了。你搞联动吸引新玩家没意见，但无限暖暖是你亲爹还是亲祖宗啊，八竿子打不着的制作组，一分钱不收让星露谷去给人背书，还美名其曰玩家喜欢，急着上供是吧。这么孝顺，这么无私，那你还捏着你那星露谷版权干嘛呢，直接放弃掉让每个人喜欢的游戏都能联动一下，这不才是真为玩家着想了？,1756964057,1756964057,False,2,0,0.407644867897033691,0,True,False,False,False
203447897,"{'steamid': '76561198439571342', 'num_games_owned': 0, 'num_reviews': 4, 'playtime_forever': 374, 'playtime_last_two_weeks': 0, 'playtime_at_review': 374, 'last_played': 1752252046}",french,"Honnêtement, j'ai trouvé, avec ma copine, ce jeu ennuyeux.",1756911549,1756911604,False,0,0,0.476190477609634399,0,True,False,False,False
203428475,"{'steamid': '76561199124679178', 'num_games_owned': 75, 'num_reviews': 16, 'playtime_forever': 187, 'playtime_last_two_weeks': 0, 'playtime_at_review': 187, 'last_played': 1759318291}",schinese,无聊，操作体验很差，键位设置做的很差，就算自定义也拯救不了,1756878898,1756878898,False,1,1,0.434871315956115723,0,True,False,False,False
202902819,"{'steamid': '76561198308315479', 'num_games_owned': 0, 'num_reviews': 26, 'playtime_forever': 22192, 'playtime_last_two_weeks': 0, 'playtime_at_review': 22192, 'last_played': 1756851071}",english,same thing everyday. gets boring after 1 year every time i play it. stupid npcs leave shop when i want something from them. stupid holidays end too early. days are too short. no energy. nothing to do in winter. half the npcs are boring or annoying. fishing is too easy. most of the crops are useless. most of the food is useless. i find it more fun to garden and cook irl that way i have a reason to grow a variety of things. gets super grindy later on anyway.,1756195732,1756852642,False,5,1,0.442416876554489136,0,True,False,False,False
203410082,"{'steamid': '76561199044983850', 'num_games_owned': 43, 'num_reviews': 8, 'playtime_forever': 44, 'playtime_last_two_weeks': 0, 'playtime_at_review': 44, 'last_played': 1756609542}",brazilian,POFRE,1756847629,1756847629,False,0,0,0.454545468091964722,0,True,False,False,False
203395504,"{'steamid': '76561199556285857', 'num_games_owned': 0, 'num_reviews': 7, 'playtime_forever': 60, 'playtime_last_two_weeks': 0, 'playtime_at_review': 60, 'last_played': 1756214645}",russian,игра онли для казуалов тру хардеры не покупайте,1756832129,1756832129,False,0,1,0.451348185539245605,0,True,False,False,False
203388349,"{'steamid': '76561198079235060', 'num_games_owned': 0, 'num_reviews': 3, 'playtime_forever': 18325, 'playtime_last_two_weeks': 123, 'playtime_at_review': 5224, 'last_played': 1761561197}",schinese,垃圾,1756824709,1756824709,False,0,1,0.436507940292358398,0,True,False,False,False
203380620,"{'steamid': '76561198009181531', 'num_games_owned': 124, 'num_reviews': 13, 'playtime_forever': 1508, 'playtime_last_two_weeks': 0, 'playtime_at_review': 1508, 'last_played': 1756814978}",russian,"""Медитативный геймплей"" — это когда ты часами таскаешь лейку и поливаешь грядки вручную, потому что автоматизация тут появляется тогда, когда у тебя уже выпадут глаза от скуки.

Сейвы? Только в начале дня. Ошибся, случайно купил не то, сломал ящик с вещами? Поздравляю, начинай заново. Играть весело, правда.

Взаимодействие с предметами сделано так, что постоянно промахиваешься, случайно что-то выбрасываешь или покупаешь. Это не ""олдскульный шарм"", это кривизна.

В итоге имеем пиксельную ферму, где ""атмосфера"" — это синоним бесконечной рутины, а фанаты называют ""глубиной"" то, что на деле является медленным растягиванием времени.

Переоценённая игра, которая живёт только за счёт хайпа и преданной фан-базы.",1756815355,1756815355,False,1,0,0.466897279024124146,0,True,False,False,False
203357887,"{'steamid': '76561198097414381', 'num_games_owned': 157, 'num_reviews': 5, 'playtime_forever': 330, 'playtime_last_two_weeks': 0, 'playtime_at_review': 330, 'last_played': 1756607472}",brazilian,"Com certeza, este é um dos jogos já feitos, o que é lamentável.",1756773522,1756773522,False,0,0,0.466666668653488159,0,True,False,False,False
203149825,"{'steamid': '76561199376386293', 'num_games_owned': 0, 'num_reviews': 1, 'playtime_forever': 2056, 'playtime_last_two_weeks': 0, 'playtime_at_review': 2040, 'last_played': 1760147779}",spanish,"juego malisimo, se vendio mi espada de 4000 de oro y solo me dieron 750.
 -10 de 10 y zzz",1756517278,1756770918,False,0,1,0.365013182163238525,0,True,False,False,False
163472888,"{'steamid': '76561199013940909', 'num_games_owned': 22, 'num_reviews': 6, 'playtime_forever': 16520, 'playtime_last_two_weeks': 0, 'playtime_at_review': 10237, 'last_played': 1760737561}",brazilian,"Cade a opção de comprar um macaco
",1713917740,1756768185,False,0,1,0.5,0,True,False,False,False
203352669,"{'steamid': '76561198748461175', 'num_games_owned': 0, 'num_reviews': 1, 'playtime_forever': 3708, 'playtime_last_two_weeks': 0, 'playtime_at_review': 2093, 'last_played': 1757120335}",brazilian,bom demais,1756765773,1756765773,False,1,0,0.513888895511627197,0,True,False,False,False
203348737,"{'steamid': '76561198048563032', 'num_games_owned': 0, 'num_reviews': 2, 'playtime_forever': 31220, 'playtime_last_two_weeks': 0, 'playtime_at_review': 28087, 'last_played': 1759016964}",english,Why can I only modify multiple tiles when using the hoe and watering can...? Why can't I mine multiple squares or chop multiple squares? dumb shit,1756760819,1756760819,False,0,1,0.407849252223968506,0,True,False,False,False
203250913,"{'steamid': '76561197989753298', 'num_games_owned': 0, 'num_reviews': 20, 'playtime_forever': 1863, 'playtime_last_two_weeks': 0, 'playtime_at_review': 1863, 'last_played': 1756623978}",english,"Felt like something new this weekend, had a friend with 1,000 hours and another with 500 hours, so I thought I would give it a shot.  Gave it the ole college try, 30+ hours over 2 days and I gotta be honest... I don't get it.

I fully understand why people would enjoy this game, but every single aspect of it felt mid or worse to me.  Farming is not great, raising animals is not great, both leads to an insane amount of ""miss clicks"" and other issues.  The combat feels like the 80's again and well below mid, same with the relationship system.

Nothing is... simple, which is usually something I enjoy, but challenging and nonsensical are not the same thing.  Hey, someones birthday today.  Grab a gift, go to their house, wait outside their room for 6 in-game hours waiting for them to come out.  The shear variation on this in so many areas of the game is absurd.

I'm not going to go point by point on what I personally didn't like, I am not here to trash a game that is loved by so many, it is just... not for me I guess.

I might throw it into rotation to play at work where the ""standards"" are lower and something chill like this might be better received.",1756644027,1756735917,False,10,1,0.464360207319259644,0,True,False,False,False
203320786,"{'steamid': '76561197967985750', 'num_games_owned': 123, 'num_reviews': 15, 'playtime_forever': 14086, 'playtime_last_two_weeks': 0, 'playtime_at_review': 12467, 'last_played': 1757604304}",english,"I'm giving this a negative review solely because of ""Journey of the Prairie King"".",1756734929,1756734929,False,1,2,0.412508994340896606,0,True,False,False,False
162560667,"{'steamid': '76561199188773269', 'num_games_owned': 104, 'num_reviews': 13, 'playtime_forever': 90, 'playtime_last_two_weeks': 0, 'playtime_at_review': 90, 'last_played': 1744490855}",english,[spoiler] farming grind got me questioning my life choices[/spoiler],1712689261,1756688519,False,0,0,0.5,0,True,False,False,False
203289002,"{'steamid': '76561198998869344', 'num_games_owned': 85, 'num_reviews': 8, 'playtime_forever': 2847, 'playtime_last_two_weeks': 4, 'playtime_at_review': 2842, 'last_played': 1761159106}",brazilian,não recomendo!Não deixa pegar as casadas,1756684070,1756684070,False,2,0,0.536423861980438232,0,True,False,False,False
203287215,"{'steamid': '76561199039320069', 'num_games_owned': 0, 'num_reviews': 12, 'playtime_forever': 18, 'playtime_last_two_weeks': 0, 'playtime_at_review': 18, 'last_played': 1754796187}",spanish,me obligan a saludar 20 vecinos,1756681537,1756681537,False,1,8,0.377308696508407593,0,True,False,False,False
134816916,"{'steamid': '76561198449328745', 'num_games_owned': 203, 'num_reviews': 53, 'playtime_forever': 1329, 'playtime_last_two_weeks': 0, 'playtime_at_review': 1329, 'last_played': 1594040330}",english,"stardew valley is a game best suited for those who like their days Without sunshine, their sunshine Without warmth,
their cities Without buildings, their buildings Without people, their people Without names,
their party Without dance, their dance Without music, their music Without melody,
their fries Without ketchup, their ketchup Without tomatoes, their tomatoes Without 95% water,

their valleys Without meadows, their meadows Without grass, their grass Without green,
their mountains Without rocks, their rocks Without geology, their geology Without a geology hammer,
their nights Without sleep, their sleep Without dreams, their dreams Without hope,
and their game Without gameplay.",1679063761,1756676209,False,0,0,0.450555890798568726,0,True,False,False,False
203281455,"{'steamid': '76561199162513021', 'num_games_owned': 32, 'num_reviews': 6, 'playtime_forever': 68, 'playtime_last_two_weeks': 0, 'playtime_at_review': 68, 'last_played': 1681473933}",english,"Dude, I don’t have time to grind for hours in a pixel game. Maybe try a skyblock servers.",1756674190,1756674190,False,0,1,0.32187005877494812,0,True,False,False,False
203269462,"{'steamid': '76561199557432884', 'num_games_owned': 0, 'num_reviews': 2, 'playtime_forever': 1684, 'playtime_last_two_weeks': 0, 'playtime_at_review': 1679, 'last_played': 1756662244}",turkish,Evreni hoş ama zaten yirmi senedir köydeyim ve böyle bir evrenin  olmaması çok üzücü,1756661900,1756661900,False,0,0,0.5,0,True,False,False,False
203258201,"{'steamid': '76561199492686271', 'num_games_owned': 0, 'num_reviews': 2, 'playtime_forever': 62185, 'playtime_last_two_weeks': 0, 'playtime_at_review': 61589, 'last_played': 1757419670}",schinese,很喜欢，但是不分享了,1756651244,1756651244,False,0,1,0.476190477609634399,0,True,False,False,False
203251996,"{'steamid': '76561199238115886', 'num_games_owned': 0, 'num_reviews': 4, 'playtime_forever': 1070, 'playtime_last_two_weeks': 0, 'playtime_at_review': 1070, 'last_played': 1756496253}",polish,"Brak okienka ""Ustawienia"" w głównym menu po odpaleniu gry jest po prostu żałosne jak na 13 lat deweloperki. Nie ma co niedzielnego nabożeństwa w kościele, brak interesującej fabuły, nie walczysz z korporacją JOJA, po prostu jesteś rolasem. I nie ma broni palnej, więc do kruków nie postrzelasz. GRA DLA DZIEWCZYNEK.",1756645258,1756645398,False,0,0,0.416666656732559204,0,True,False,False,False
203245502,"{'steamid': '76561198954961265', 'num_games_owned': 0, 'num_reviews': 49, 'playtime_forever': 1110, 'playtime_last_two_weeks': 0, 'playtime_at_review': 1110, 'last_played': 1725807217}",english,"for all ""its good you should play it"" I say dont ever, its really bad",1756637750,1756637750,False,1,1,0.492567718029022217,0,True,False,False,False
84434316,"{'steamid': '76561198310881065', 'num_games_owned': 331, 'num_reviews': 30, 'playtime_forever': 1706, 'playtime_last_two_weeks': 0, 'playtime_at_review': 1706, 'last_played': 1718121366}",turkish,Yok bu oyun arkadaşlarla oynayınca bile sıkıcı,1610291378,1756637234,False,0,0,0.476190477609634399,0,True,False,False,False
203237013,"{'steamid': '76561198400619824', 'num_games_owned': 54, 'num_reviews': 1, 'playtime_forever': 367, 'playtime_last_two_weeks': 0, 'playtime_at_review': 367, 'last_played': 1756626105}",schinese,看似容易简单，实则复杂难上手，在游戏中有一种孤独感呜呜呜,1756626396,1756626396,False,1,0,0.460076063871383667,0,True,False,False,False
203221870,"{'steamid': '76561199379560991', 'num_games_owned': 0, 'num_reviews': 3, 'playtime_forever': 1165, 'playtime_last_two_weeks': 0, 'playtime_at_review': 1009, 'last_played': 1758490523}",english,Banger game but I can't marry Kent or Gunther,1756603807,1756603807,False,2,5,0.484662562608718872,0,True,False,False,False
203188239,"{'steamid': '76561199035598132', 'num_games_owned': 0, 'num_reviews': 2, 'playtime_forever': 329, 'playtime_last_two_weeks': 0, 'playtime_at_review': 329, 'last_played': 1712152433}",english,Not a fan,1756567190,1756567190,False,1,0,0.458333343267440796,0,True,False,False,False
74416254,"{'steamid': '76561199058373072', 'num_games_owned': 318, 'num_reviews': 44, 'playtime_forever': 7403, 'playtime_last_two_weeks': 0, 'playtime_at_review': 7307, 'last_played': 1756567551}",english,WINTER FORAGES WONT FUCKING SPAWN I WASTED 4 DAYS,1597601027,1756562415,False,0,0,0.5,0,True,False,False,False
203170535,"{'steamid': '76561198404015689', 'num_games_owned': 102, 'num_reviews': 10, 'playtime_forever': 603, 'playtime_last_two_weeks': 0, 'playtime_at_review': 603, 'last_played': 1755219363}",english,"Stardew Valley is a very fun game, and it manages to keep you engaged with its daily tasks. One of its strongest points is freedom: there’s no mandatory path, you set your own pace. Progression feels natural and rewarding, with something new always waiting to be discovered — whether it’s a festival, a secret in the mines, or the growth of your farm.

However, there’s one extremely negative and frustrating aspect: the in-game time. Days pass way too quickly, and you are forced to sleep because saving depends on it. This makes it hard to do more than one major task per day, and exploration ends up feeling limited.

It would be much better if the in-game hours passed more slowly or if sleeping wasn’t mandatory for saving. This mechanic needs improvement in some way, because as it is, it restricts the experience unnecessarily.

Versao em Portugues:
O jogo é muito divertido e consegue prender o jogador com suas tarefas diárias. Um dos pontos mais fortes é a liberdade: não existe um caminho obrigatório, você define o seu próprio ritmo. A progressão é natural e recompensadora, sempre trazendo algo novo para descobrir — seja um festival, um segredo escondido nas minas ou a evolução da sua fazenda.

No entanto, existe um ponto extremamente negativo e frustrante: o tempo dentro do jogo. O dia passa rápido demais, e você é obrigado a dormir para salvar o progresso. Isso limita bastante o que pode ser feito em uma única jornada, já que muitas vezes só dá tempo de realizar uma tarefa importante por dia. Como consequência, a exploração acaba ficando comprometida.

Seria muito melhor se o tempo passasse de forma mais lenta ou, pelo menos, se não houvesse a obrigatoriedade de dormir para salvar. Esse é um aspecto que, sem dúvida, poderia ser repensado para tornar a experiência ainda mais satisfatória.
",1756547862,1756547862,False,4,0,0.448373675346374512,2,True,False,False,False
203156222,"{'steamid': '76561198125909669', 'num_games_owned': 0, 'num_reviews': 1, 'playtime_forever': 956, 'playtime_last_two_weeks': 0, 'playtime_at_review': 956, 'last_played': 1594017255}",english,zzzz,1756526570,1756526570,False,2,0,0.484727740287780762,0,True,False,False,False
203140129,"{'steamid': '76561199032916303', 'num_games_owned': 71, 'num_reviews': 4, 'playtime_forever': 1146, 'playtime_last_two_weeks': 0, 'playtime_at_review': 1073, 'last_played': 1757003845}",english,pass,1756503675,1756503675,False,0,0,0.464351862668991089,0,True,False,False,False
163774082,"{'steamid': '76561199525375357', 'num_games_owned': 18, 'num_reviews': 4, 'playtime_forever': 1278, 'playtime_last_two_weeks': 0, 'playtime_at_review': 1278, 'last_played': 1730493125}",turkish,haley teklifi reddedince oyunu bir daha oynamadım,1714311390,1756470819,False,0,0,0.5,0,True,False,False,False
203068979,"{'steamid': '76561199134190596', 'num_games_owned': 52, 'num_reviews': 3, 'playtime_forever': 1251, 'playtime_last_two_weeks': 7, 'playtime_at_review': 989, 'last_played': 1761065121}",english,no sex,1756411498,1756411498,False,1,2,0.399485856294631958,0,True,False,False,False
203061304,"{'steamid': '76561199027972749', 'num_games_owned': 58, 'num_reviews': 2, 'playtime_forever': 1506, 'playtime_last_two_weeks': 0, 'playtime_at_review': 1461, 'last_played': 1756459049}",schinese,太肝了,1756403175,1756403175,False,0,0,0.476190477609634399,0,True,False,False,False
203052682,"{'steamid': '76561199097101465', 'num_games_owned': 0, 'num_reviews': 1, 'playtime_forever': 674, 'playtime_last_two_weeks': 0, 'playtime_at_review': 589, 'last_played': 1756570881}",schinese,多人联机会出现角色属于另一位玩家的情况，多人联机细碎了，多年的存档报废,1756394167,1756394167,False,1,0,0.450704246759414673,0,True,True,False,False
203043835,"{'steamid': '76561198310285992', 'num_games_owned': 0, 'num_reviews': 4, 'playtime_forever': 1799, 'playtime_last_two_weeks': 0, 'playtime_at_review': 1799, 'last_played': 1698623094}",english,It’s good but it does NOT deserve the highest rated spot on steam. It’s maybe top 25 at best.,1756384684,1756384684,False,1,4,0.379746854305267334,0,True,False,False,False
199910308,"{'steamid': '76561199556932643', 'num_games_owned': 17, 'num_reviews': 3, 'playtime_forever': 4085, 'playtime_last_two_weeks': 0, 'playtime_at_review': 4085, 'last_played': 1753106093}",schinese,朋友天天玩星露谷都不出来玩了。。。,1752638317,1756383170,False,0,0,0.5,0,True,False,False,False
203039033,"{'steamid': '76561199028914362', 'num_games_owned': 73, 'num_reviews': 11, 'playtime_forever': 690, 'playtime_last_two_weeks': 0, 'playtime_at_review': 690, 'last_played': 1752872566}",turkish,Overrated af,1756378335,1756378335,False,0,0,0.5,1,True,False,False,False
203034219,"{'steamid': '76561199487239319', 'num_games_owned': 87, 'num_reviews': 5, 'playtime_forever': 6630, 'playtime_last_two_weeks': 0, 'playtime_at_review': 5125, 'last_played': 1760178990}",turkish,Bu oyunu 85 saat oynarken zamanın nasıl geçtiğini anlamadım fakat hayatımdan çalınan 85 saati geri istiyorum,1756371309,1756371309,False,0,0,0.5,0,True,False,False,False
203021394,"{'steamid': '76561199521090710', 'num_games_owned': 0, 'num_reviews': 3, 'playtime_forever': 1924, 'playtime_last_two_weeks': 0, 'playtime_at_review': 1924, 'last_played': 1755427825}",tchinese,"曾無數次想像過離開這款遊戲的原因：
可能是每個夜晚在1:50前慌亂從洞穴歸來，翌日清晨，那揮之不去的倦意如潮水般浸沒全身；
可能是農場內外皆由我一人扛起，而那無所事事的丈夫只在家中，閒聊時淡淡說一句「餓了，想吃披薩」，一段無從更改的失敗婚姻（）；
更可能是歷經無數個日夜，將每件物品一一收集，甚至鑲金的紫色短褲也陳列在櫃中，成就如四季巨大作物，沈甸甸的令人安心滿足。

但從未想到，真正讓我心生退意的，是一場毫無預兆的聯動——
就像有人在我剛吃飽的肚子上重重一擊，洶湧翻騰的噁心，無法傾吐，只能堵在胸口。

順帶一提，才短短幾天已經有暖媽無腦攻擊說覺得聯動不好的人了，開口就說是對家派來的，之後聯動還是慎選吧。",1756348533,1756348533,False,2,0,0.479385226964950562,0,True,False,False,False
202991134,"{'steamid': '76561199759195658', 'num_games_owned': 99, 'num_reviews': 29, 'playtime_forever': 365, 'playtime_last_two_weeks': 0, 'playtime_at_review': 333, 'last_played': 1756455731}",russian,игра калоедов,1756310354,1756310354,False,0,0,0.437956184148788452,0,True,False,False,False
202986599,"{'steamid': '76561198075339752', 'num_games_owned': 0, 'num_reviews': 4, 'playtime_forever': 2699, 'playtime_last_two_weeks': 2, 'playtime_at_review': 1424, 'last_played': 1761199951}",russian,ну так се,1756305716,1756305716,False,0,0,0.458015263080596924,0,True,False,False,False
202966846,"{'steamid': '76561199791651560', 'num_games_owned': 42, 'num_reviews': 6, 'playtime_forever': 32, 'playtime_last_two_weeks': 0, 'playtime_at_review': 32, 'last_played': 1756279758}",schinese,垃圾,1756279811,1756279811,False,0,0,0.345911949872970581,0,True,False,False,False
192497099,"{'steamid': '76561199571326787', 'num_games_owned': 0, 'num_reviews': 1, 'playtime_forever': 29070, 'playtime_last_two_weeks': 0, 'playtime_at_review': 28795, 'last_played': 1756995010}",schinese,"右键吃不了东西一直显示是不适合的位置
",1744375663,1756279110,False,0,0,0.5,0,True,False,False,False
202962229,"{'steamid': '76561198139953454', 'num_games_owned': 99, 'num_reviews': 18, 'playtime_forever': 399, 'playtime_last_two_weeks': 0, 'playtime_at_review': 399, 'last_played': 1584499243}",english,"stupid ahh game. doesn't have boobies. UNBELIEVEABLE. NO BOOBIES! Chore simulator. Stardew valley freaky mod, think abt it.",1756271357,1756271357,False,0,9,0.383588790893554688,1,True,False,False,False
202504505,"{'steamid': '76561198284329982', 'num_games_owned': 76, 'num_reviews': 16, 'playtime_forever': 12452, 'playtime_last_two_weeks': 0, 'playtime_at_review': 11343, 'last_played': 1756528866}",schinese,这游戏就跟环世界一样，没有MOD支持就是一普通游戏，打3分都嫌高。像这类游戏我认为70%的收入都应该给mod创作者。我知道你们会说没有游戏创作者哪来的MOD创作者，那我觉得无所谓啊，没了这游戏还有那游戏，即使没了游戏这一大玩意儿，那大家还会选择去学习、去工作，能为社会做更多的贡献！我本来也是选择学习或工作，但你弄了这破游戏又不弄完整，都这么久了你steam创意工坊还不开你想闹哪样？我是中国人你不给我舒服的中文网站让我下MOD我就给你差评！谁让你支持中文的？乐色！幸好半价买的，没那么心疼！,1755675859,1756261850,False,1,0,0.396521300077438354,0,True,False,False,False
202956007,"{'steamid': '76561198398590160', 'num_games_owned': 91, 'num_reviews': 4, 'playtime_forever': 27934, 'playtime_last_two_weeks': 0, 'playtime_at_review': 27438, 'last_played': 1757024202}",english,"450 hours in my friends started talking about sap.

sharing sap
eating sap

:'(

(not to mention sharing wood and the 8 inch flounder)",1756261102,1756261102,False,0,1,0.438850671052932739,0,True,False,False,False
196652123,"{'steamid': '76561198137845418', 'num_games_owned': 0, 'num_reviews': 73, 'playtime_forever': 2051, 'playtime_last_two_weeks': 0, 'playtime_at_review': 2051, 'last_played': 1713940361}",english,worst game ever...............,1749326329,1756191304,False,0,0,0.5,0,True,False,False,False
202898512,"{'steamid': '76561197986625918', 'num_games_owned': 0, 'num_reviews': 42, 'playtime_forever': 5735, 'playtime_last_two_weeks': 0, 'playtime_at_review': 2736, 'last_played': 1756758550}",english,Its a grinding game. Avoid it. Once you start playing you cant stop grinding. Your real life will be ruined.,1756187779,1756187779,False,11,30,0.451519817113876343,0,True,False,False,False
202892615,"{'steamid': '76561199720066184', 'num_games_owned': 0, 'num_reviews': 1, 'playtime_forever': 1202, 'playtime_last_two_weeks': 0, 'playtime_at_review': 1153, 'last_played': 1759800525}",english,"I was playing multiplayer and my farmer and all my progress was removed because my cabin was removed, there was no in game disclaimer or nothing, it was for all extensive purposes how i played the game, fuck this game",1756176890,1756176890,False,3,7,0.464332699775695801,0,True,False,False,False
202883564,"{'steamid': '76561199788489149', 'num_games_owned': 36, 'num_reviews': 14, 'playtime_forever': 316, 'playtime_last_two_weeks': 0, 'playtime_at_review': 316, 'deck_playtime_at_review': 316, 'last_played': 1752456208}",english,No things to do pretty boring gameplay no tutorial the game repeats it self a lot 3/10,1756162555,1756162555,False,0,3,0.399224698543548584,0,True,False,False,True
202881464,"{'steamid': '76561197984757521', 'num_games_owned': 524, 'num_reviews': 108, 'playtime_forever': 14, 'playtime_last_two_weeks': 0, 'playtime_at_review': 14, 'last_played': 1751798634}",english,"I tried because friends said it is nice, and i do believe it is nice but not for me. I bounced of clicking, i currently do not want to click on everything all the time so it felt like work. Watering plants every day, by finding them and clicking, bleh. Maybe this game found me in a bad mood, or gerne is not for me.",1756159750,1756159750,False,3,0,0.44884827733039856,0,True,False,False,False
202855841,"{'steamid': '76561199678096832', 'num_games_owned': 8, 'num_reviews': 1, 'playtime_forever': 2651, 'playtime_last_two_weeks': 0, 'playtime_at_review': 2512, 'last_played': 1757421063}",schinese,垃圾 启动失败,1756131422,1756131422,False,1,0,0.497925341129302979,0,True,False,False,False
202849379,"{'steamid': '76561199773958481', 'num_games_owned': 11, 'num_reviews': 1, 'playtime_forever': 2278, 'playtime_last_two_weeks': 0, 'playtime_at_review': 2001, 'last_played': 1757505960}",schinese,太好玩了，你们不能玩,1756123722,1756123722,False,0,0,0.454545468091964722,0,True,False,False,False
202841908,"{'steamid': '76561199398304459', 'num_games_owned': 0, 'num_reviews': 3, 'playtime_forever': 4679, 'playtime_last_two_weeks': 0, 'playtime_at_review': 4679, 'last_played': 1752582457}",russian,"Интересно до тех пор, пока есть с кем играть",1756112481,1756112481,False,1,0,0.460377335548400879,1,True,False,False,False
186220107,"{'steamid': '76561199532833478', 'num_games_owned': 0, 'num_reviews': 2, 'playtime_forever': 7079, 'playtime_last_two_weeks': 0, 'playtime_at_review': 7053, 'last_played': 1756658616}",turkish,ikimizin oyunuydu. sen oynama çocukların uyanır :(,1737638027,1756075942,False,0,0,0.5,0,True,False,False,False
135190434,"{'steamid': '76561198831999122', 'num_games_owned': 0, 'num_reviews': 4, 'playtime_forever': 10338, 'playtime_last_two_weeks': 0, 'playtime_at_review': 10325, 'last_played': 1759286377}",latam,Mierdón histórico,1679522852,1756065680,False,0,0,0.5,0,True,False,False,False
202798353,"{'steamid': '76561198971299361', 'num_games_owned': 0, 'num_reviews': 2, 'playtime_forever': 1261, 'playtime_last_two_weeks': 0, 'playtime_at_review': 183, 'deck_playtime_at_review': 183, 'last_played': 1756922212}",schinese,"I love this game so much. 

Actually I heard about this game from social media, so I gave it a try. And  I was so hurry to verify whether it is as good as the comments and I felt boring. 

The magic of this game is, when you hurry to verify whether it is a good game or not, you will feel boring but if you have nothing to do and just wanna chill a bit after a tired day, this game will be sooooo interesting. I strongly recommend that playing Stardew valley on Steamdeck on the bed before sleep, the music, farm, fishing, lovely relationship can give peace to our souls.",1756053581,1756053581,False,0,1,0.5,1,True,False,False,True
202786348,"{'steamid': '76561199411065597', 'num_games_owned': 0, 'num_reviews': 9, 'playtime_forever': 6358, 'playtime_last_two_weeks': 0, 'playtime_at_review': 6358, 'last_played': 1755609245}",english,can't date the kids,1756042157,1756042157,False,1,5,0.39004245400428772,0,True,False,False,False
202780174,"{'steamid': '76561198425394489', 'num_games_owned': 0, 'num_reviews': 10, 'playtime_forever': 255, 'playtime_last_two_weeks': 0, 'playtime_at_review': 205, 'last_played': 1759169470}",english,you can't save progress not a good game,1756035249,1756035249,False,1,5,0.421275943517684937,0,True,False,False,False
200829858,"{'steamid': '76561198067644440', 'num_games_owned': 0, 'num_reviews': 10, 'playtime_forever': 52281, 'playtime_last_two_weeks': 2954, 'playtime_at_review': 26820, 'last_played': 1761985254}",english,"I hate when anyone asks me for a review so I always give them the lowest I can give. 
If I could give this 0 / 5 stars I would because they asked me to give a review.

They asked me after another 151 more hours player if I would like to revise my review, when will y'all get it? I DON'T WANT TO BE ASKED ANYTHING FOR REVIEWS.",1753615545,1756032109,False,0,4,0.330330312252044678,0,True,False,False,False
202768002,"{'steamid': '76561199528129020', 'num_games_owned': 0, 'num_reviews': 8, 'playtime_forever': 37170, 'playtime_last_two_weeks': 0, 'playtime_at_review': 37170, 'last_played': 1743577568}",schinese,居然和无限暖暖这种掉价低级弱智的游戏联动，吐~,1756018819,1756018819,False,6,4,0.422304004430770874,0,True,False,False,False
199741478,"{'steamid': '76561198300450828', 'num_games_owned': 0, 'num_reviews': 4, 'playtime_forever': 24703, 'playtime_last_two_weeks': 0, 'playtime_at_review': 24703, 'last_played': 1754169658}",english,"I am currently using 76 mods, not counting SMAPI itself, to make the game visually paletable, make my favourite spouses interesting, and the town STILL feels dead. The lack of dynamic feeling interactions, of evolving dialogue, growing relations between the residents, muddy and strange plotlines. Everyone in the town is miserable to some degree, or have a few screws loose making them immune to the melancholy blanketing the Valley. The general consensus of a dying backwater speck of dirt town is to talk down to the new farmer in town? 

I literally only enjoy the gameplay mechanics of the game, I don't like most of the villagers, I don't like the original colour palette, I don't like most of the vanilla dialogue. The persistent sense that you're literally the only reason why any of these people will still have somewhere to live in a few years is not nice, in my opinion, when all they do before you hit 3 stars with them is be weird, hostile and downright rude. Makes me want to choose Joja every single time I have to watch one of their vapid ass cutscenes and they anger me a tiny bit more.

I am going for 100%, perfection, all achievements, all this all that community center as a last hurra to this game because it would be nice to at least complete it. But the only character I truly enjoy is Sebastian, and that is almost entirely because he is treated just as shitty by his own household as the farmer is by the entire damn town.

*EDIT: I DID IT, I GOT ALL ACHIEVEMENTS!!! AND UNINSTALLED THE GAME, GOOD RIDDANCE!!!!!!!!!!!!",1752443535,1755978486,False,4,0,0.439500957727432251,0,True,False,False,False
202733519,"{'steamid': '76561199799432862', 'num_games_owned': 0, 'num_reviews': 1, 'playtime_forever': 10120, 'playtime_last_two_weeks': 0, 'playtime_at_review': 1058, 'last_played': 1756687751}",schinese,"我们需要创意工坊！
我认为游戏需要：1、安装范围提示；2、委托一键送达；3、更高的视野......明明可以更便捷的生活，因为你看不到范围，所以只能苦哈哈地一个个一点点调试，做完委托之后，蹲点给别人送过去，最大的视野也只能局限在房子大小，这些功能我认为应该是游戏本来就有的，而不是让玩家自己去打补丁才能拥有的，更何况还不给正版平台玩家自己打补丁的机会。",1755973361,1755973361,False,1,0,0.5,0,True,False,False,False
202728096,"{'steamid': '76561198106528486', 'num_games_owned': 373, 'num_reviews': 55, 'playtime_forever': 68, 'playtime_last_two_weeks': 0, 'playtime_at_review': 68, 'deck_playtime_at_review': 2, 'last_played': 1751735025}",russian,Возможно я просто не целевая аудитория. Но я не понимаю как получать удовольствие от таких игр,1755967688,1755967688,False,0,0,0.5,0,True,False,False,False
202719275,"{'steamid': '76561199871113601', 'num_games_owned': 0, 'num_reviews': 1, 'playtime_forever': 8023, 'playtime_last_two_weeks': 0, 'playtime_at_review': 2694, 'last_played': 1760968754}",schinese,非常好游戏，差评不是给星露谷的，是给联动的。。。,1755958921,1755958921,False,5,0,0.43730577826499939,0,True,False,False,False
202712846,"{'steamid': '76561199523755386', 'num_games_owned': 0, 'num_reviews': 3, 'playtime_forever': 30, 'playtime_last_two_weeks': 0, 'playtime_at_review': 30, 'last_played': 1755814732}",turkish,bu amk oyununa rahatlatır diye girdim ÇİMENİ KESEMİYORUM elime çapan alıyorum kesmeye çalışıyorum yana bakıyor,1755952444,1755952444,False,0,1,0.434782594442367554,0,True,False,False,False
202709925,"{'steamid': '76561199223022125', 'num_games_owned': 76, 'num_reviews': 16, 'playtime_forever': 2417, 'playtime_last_two_weeks': 0, 'playtime_at_review': 2417, 'last_played': 1755242972}",schinese,"[h1] 欢迎来到绿帽谷 [/h1]
非要整狗屎剧情恶心玩家不知道怎么想的",1755948971,1755948971,False,0,0,0.476190477609634399,0,True,False,False,False
202698231,"{'steamid': '76561199570108046', 'num_games_owned': 0, 'num_reviews': 3, 'playtime_forever': 6170, 'playtime_last_two_weeks': 0, 'playtime_at_review': 6170, 'last_played': 1741761432}",english,"Oque adianta ter o jogo de fazendinha, se você não tem amigos pra jogar o jogo de fazendinha",1755932596,1755932596,False,0,0,0.460916876792907715,0,True,False,False,False
202690540,"{'steamid': '76561198053624772', 'num_games_owned': 66, 'num_reviews': 5, 'playtime_forever': 2592, 'playtime_last_two_weeks': 0, 'playtime_at_review': 2592, 'last_played': 1752757627}",schinese,"免费联动无限暖暖的话,直接差评.
顺便一说这游戏也没好玩到哪去,反而忙死了.",1755920204,1755920204,False,1,1,0.362012207508087158,0,True,False,False,False
202654350,"{'steamid': '76561199874219684', 'num_games_owned': 0, 'num_reviews': 1, 'playtime_forever': 1927, 'playtime_last_two_weeks': 0, 'playtime_at_review': 1475, 'last_played': 1758896064}",schinese,老是出bug,1755874847,1755874847,False,0,0,0.5,0,True,False,False,False
202645081,"{'steamid': '76561198097644672', 'num_games_owned': 0, 'num_reviews': 35, 'playtime_forever': 15804, 'playtime_last_two_weeks': 0, 'playtime_at_review': 15804, 'last_played': 1750682814}",schinese,给无限卵卵一个差评,1755864990,1755864990,False,1,0,0.486652344465255737,0,True,False,False,False
202643826,"{'steamid': '76561198879997375', 'num_games_owned': 0, 'num_reviews': 16, 'playtime_forever': 3831, 'playtime_last_two_weeks': 0, 'playtime_at_review': 3831, 'last_played': 1723402918}",russian,нету геноцида,1755863600,1755863600,False,0,0,0.5,0,True,False,False,False
202640383,"{'steamid': '76561198362808358', 'num_games_owned': 68, 'num_reviews': 7, 'playtime_forever': 9956, 'playtime_last_two_weeks': 0, 'playtime_at_review': 5766, 'last_played': 1760701311}",schinese,这是差评吗 我以为好评呢 去跟联动说去吧,1755859718,1755859718,False,1,0,0.447001993656158447,0,True,False,False,False
202622539,"{'steamid': '76561199472795578', 'num_games_owned': 57, 'num_reviews': 4, 'playtime_forever': 4965, 'playtime_last_two_weeks': 0, 'playtime_at_review': 4948, 'last_played': 1758971208}",schinese,"游戏真的很喜欢，让人好像回到了小时候的老家一样，八十多个小时没白玩。
但是你问我为什么要打差评？我比你还纳闷，星露谷好端端的为什么要联动无限暖暖，到时候集美们又来恶心环境了。",1755830480,1755830480,False,1,1,0.382557511329650879,0,True,False,False,False
202604893,"{'steamid': '76561198829973160', 'num_games_owned': 0, 'num_reviews': 2, 'playtime_forever': 7087, 'playtime_last_two_weeks': 0, 'playtime_at_review': 6959, 'last_played': 1756402636}",german,Never play Junimo Kart if u enjoy ur life,1755806214,1755806214,False,0,3,0.426351219415664673,1,True,False,False,False
202594640,"{'steamid': '76561198415726960', 'num_games_owned': 8, 'num_reviews': 2, 'playtime_forever': 6929, 'playtime_last_two_weeks': 0, 'playtime_at_review': 6588, 'last_played': 1760268324}",schinese,为什么祝尼魔小屋不能建在姜岛，为什么不能娶罗宾、卡洛琳、乔迪、桑迪还有贾斯【dog】,1755794496,1755794496,False,0,0,0.5,0,True,False,False,False
202590225,"{'steamid': '76561198993190931', 'num_games_owned': 0, 'num_reviews': 7, 'playtime_forever': 2963, 'playtime_last_two_weeks': 0, 'playtime_at_review': 2835, 'last_played': 1755797444}",english,"cant date robin
",1755789800,1755789800,False,5,3,0.548210740089416504,0,True,False,False,False
202587335,"{'steamid': '76561199087645895', 'num_games_owned': 22, 'num_reviews': 2, 'playtime_forever': 8133, 'playtime_last_two_weeks': 0, 'playtime_at_review': 2008, 'last_played': 1759673039}",schinese,不可以和罗宾结婚，还要打mod,1755786747,1755786747,False,0,0,0.476190477609634399,0,True,False,False,False
202586319,"{'steamid': '76561199564271217', 'num_games_owned': 0, 'num_reviews': 22, 'playtime_forever': 83, 'playtime_last_two_weeks': 0, 'playtime_at_review': 83, 'last_played': 1755195534}",english,"Sadly this isnt a game for me, the pixel art and world both look really good but the gameplay is too slow for me. I know alot of people that really enjoy this game so Im sure its good, but I cant say for myself",1755785636,1755785636,False,1,0,0.403970509767532349,0,True,False,False,False
34789777,"{'steamid': '76561198255795915', 'num_games_owned': 184, 'num_reviews': 36, 'playtime_forever': 4886, 'playtime_last_two_weeks': 0, 'playtime_at_review': 4884, 'last_played': 1760200986}",turkish,dünyanın en çok satan oyunlarından biri ve yılda bir güncelleniyor,1504769391,1755782023,False,0,0,0.470297038555145264,0,True,False,False,False
183650338,"{'steamid': '76561198961126377', 'num_games_owned': 128, 'num_reviews': 18, 'playtime_forever': 1390, 'playtime_last_two_weeks': 0, 'playtime_at_review': 1390, 'last_played': 1717314514}",schinese,如果能把npc删掉就好了,1735132733,1755769785,False,0,0,0.5,0,True,False,False,False
202567587,"{'steamid': '76561198122936603', 'num_games_owned': 730, 'num_reviews': 51, 'playtime_forever': 853, 'playtime_last_two_weeks': 0, 'playtime_at_review': 853, 'last_played': 1755202342}",russian,"Скучнейшая гача про сбор ресурсов, подойдёт только целевой аудитории ""три в ряд"" и тем кто никогда к играм не прикасался.",1755759511,1755759511,False,2,2,0.467758446931838989,0,True,False,False,False
202519224,"{'steamid': '76561199179311278', 'num_games_owned': 137, 'num_reviews': 17, 'playtime_forever': 1273, 'playtime_last_two_weeks': 0, 'playtime_at_review': 258, 'last_played': 1757194084}",russian,Добавьте возможность жениться на Сенди,1755695852,1755695852,False,2,0,0.545454561710357666,0,True,False,False,False
202506240,"{'steamid': '76561199433590681', 'num_games_owned': 0, 'num_reviews': 1, 'playtime_forever': 485, 'playtime_last_two_weeks': 0, 'playtime_at_review': 459, 'last_played': 1756013787}",schinese,下扩展的图很麻烦 按教程弄两天都不行 一个种菜游戏还老是闪退断联 又不是新游戏 17年开发的游戏了 就你们这样这么麻烦还那么多bug 快点倒闭 气死了,1755678792,1755678792,False,0,0,0.401606440544128418,0,True,False,False,False
202485107,"{'steamid': '76561198086045815', 'num_games_owned': 77, 'num_reviews': 7, 'playtime_forever': 100, 'playtime_last_two_weeks': 0, 'playtime_at_review': 100, 'last_played': 1755210362}",english,No,1755645278,1755645278,False,0,0,0.380999505519866943,0,True,False,False,False
202461473,"{'steamid': '76561199231347342', 'num_games_owned': 20, 'num_reviews': 2, 'playtime_forever': 33, 'playtime_last_two_weeks': 0, 'playtime_at_review': 33, 'last_played': 1755617869}",russian,ХУЙНЯ,1755618222,1755618222,False,0,0,0.454545468091964722,0,True,False,False,False
202443604,"{'steamid': '76561199613077884', 'num_games_owned': 0, 'num_reviews': 39, 'playtime_forever': 1199, 'playtime_last_two_weeks': 0, 'playtime_at_review': 1199, 'last_played': 1754543808}",japanese,"今自分非効率なことしてるなーって思いながらやるのに耐えられなかった。スキルツリーみたいなのがあれば次にやりたいことがどんどん見つけられると思う。
ボリュームは申し分ない",1755596583,1755596583,False,1,0,0.45787087082862854,0,True,False,False,False
202421723,"{'steamid': '76561199170147313', 'num_games_owned': 0, 'num_reviews': 1, 'playtime_forever': 151, 'playtime_last_two_weeks': 0, 'playtime_at_review': 115, 'last_played': 1755562832}",english,i hate it,1755559811,1755559811,False,0,1,0.377123922109603882,0,True,False,False,False
202414862,"{'steamid': '76561198033880049', 'num_games_owned': 0, 'num_reviews': 14, 'playtime_forever': 490, 'playtime_last_two_weeks': 0, 'playtime_at_review': 236, 'last_played': 1756148548}",english,Decent game but forced interactions are an interesting choice.,1755551096,1755551096,False,1,4,0.406991660594940186,0,True,False,False,False
202394882,"{'steamid': '76561198052077141', 'num_games_owned': 0, 'num_reviews': 3, 'playtime_forever': 30, 'playtime_last_two_weeks': 0, 'playtime_at_review': 27, 'last_played': 1755530958}",english,Mmmmm. its just like... ummmmm... me kinda not.... liked the grinding... maybe ?,1755529506,1755529506,False,2,1,0.473846167325973511,2,True,False,False,False
202043713,"{'steamid': '76561199693863579', 'num_games_owned': 17, 'num_reviews': 5, 'playtime_forever': 16652, 'playtime_last_two_weeks': 0, 'playtime_at_review': 16061, 'last_played': 1755598370}",schinese,引导做的太差了,1755092037,1755529438,False,0,0,0.369230747222900391,0,True,False,False,False
202387128,"{'steamid': '76561199874128067', 'num_games_owned': 0, 'num_reviews': 1, 'playtime_forever': 1224, 'playtime_last_two_weeks': 3, 'playtime_at_review': 759, 'last_played': 1761746959}",schinese,卡死了,1755521461,1755521461,False,0,0,0.425531923770904541,0,True,False,False,False
202376203,"{'steamid': '76561198296914810', 'num_games_owned': 63, 'num_reviews': 11, 'playtime_forever': 281, 'playtime_last_two_weeks': 0, 'playtime_at_review': 228, 'last_played': 1755594568}",schinese,别玩 太累 还要查攻略,1755505806,1755505806,False,1,0,0.452105402946472168,0,True,False,False,False
202351361,"{'steamid': '76561198381773702', 'num_games_owned': 109, 'num_reviews': 9, 'playtime_forever': 208, 'playtime_last_two_weeks': 0, 'playtime_at_review': 208, 'last_played': 1697985793}",turkish,muhtarın karıyı yiyemedim,1755466784,1755466784,False,1,1,0.523809552192687988,0,True,False,False,False
202343337,"{'steamid': '76561198135008068', 'num_games_owned': 67, 'num_reviews': 12, 'playtime_forever': 468, 'playtime_last_two_weeks': 0, 'playtime_at_review': 468, 'deck_playtime_at_review': 468, 'last_played': 1755457465}",russian,"Душная, переоцененная шляпа. Я тут недавно задушился от бесконечной беготни в graveyard keeper. Но здесь эта беготня не только бесконечная, но еще и бессмысленная! Бежишь через всю карту к какой-то чертиле, а ее нет в магазине. График работы у всех нпс какой-то конченый. Кто-то с утра, кто-то с 11. Приходишь и е***нишь у дверей час игрового времени, листая рилсы. Очень увлекательный геймплей. Есть локации, в которых нет ничего, просто коридор с тропинкой - нахера они нужны? Тратить мое время? Мм, понимаю... Какая-то конченая социалка, на которую вообще насрать. Персонажи болваны, квестов личных нет, как в Сандроке том же или хэллоу Китти Айленд. В итоге всю игру бегал в данж и зажал репку. Отстой. Стим почему-то стал баговать со временем, проведенным в игре. По факту часов 30 Я эту духоту играл. Пойду отзыв на грейвьярд кипер напишу еще. Там такая же дрисня, которая абсолютно не ценит ваше время!",1755458218,1755458218,False,3,0,0.433137416839599609,0,True,False,False,True
202341636,"{'steamid': '76561199068605848', 'num_games_owned': 66, 'num_reviews': 31, 'playtime_forever': 29402, 'playtime_last_two_weeks': 1, 'playtime_at_review': 25206, 'last_played': 1761429575}",spanish,"Este juego me ha robado 400 horas de vida como si fuera un vampiro
Un día decido comprarlo con mis últimos 5 dolares y al otro día llegue a la perfección verdadera",1755456653,1755456653,False,2,8,0.510548532009124756,0,True,False,False,False
202339833,"{'steamid': '76561198332234005', 'num_games_owned': 40, 'num_reviews': 13, 'playtime_forever': 204, 'playtime_last_two_weeks': 0, 'playtime_at_review': 201, 'last_played': 1755497193}",english,this game is lowk boring af,1755454915,1755454915,False,2,0,0.459930300712585449,0,True,False,False,False
202338956,"{'steamid': '76561198264263658', 'num_games_owned': 0, 'num_reviews': 6, 'playtime_forever': 4650, 'playtime_last_two_weeks': 0, 'playtime_at_review': 401, 'last_played': 1756749507}",latam,"el juego es bueno pero el cooperativo en linea es muy malo, se cae constantemente y le cuesta mucho volver a conectarse.",1755454067,1755454067,False,0,0,0.438637495040893555,0,True,False,False,False
84281083,"{'steamid': '76561198365008643', 'num_games_owned': 0, 'num_reviews': 4, 'playtime_forever': 2998, 'playtime_last_two_weeks': 0, 'playtime_at_review': 2998, 'last_played': 1680339044}",koreana,후............,1610102108,1755449388,False,1,0,0.523809552192687988,0,True,False,False,False
202329869,"{'steamid': '76561198979502362', 'num_games_owned': 31, 'num_reviews': 1, 'playtime_forever': 8699, 'playtime_last_two_weeks': 0, 'playtime_at_review': 1861, 'last_played': 1758317307}",english,make sure you can fish properly before spending 31 hours playing avoiding fishing entirely only to realize its REQUIRED to complete the community center and progress in the game overall. either fix the fishing minigame for controller or make it not required to progress because this is dumb. what a waste of time.,1755445567,1755445567,False,1,5,0.401739120483398438,0,True,False,False,False
159292812,"{'steamid': '76561198446753288', 'num_games_owned': 0, 'num_reviews': 153, 'playtime_forever': 615, 'playtime_last_two_weeks': 0, 'playtime_at_review': 615, 'last_played': 1753391059}",schinese,"确实挺烦~~

打开菜单暂停一下都不行吗？？？

笑哭~~~",1708910105,1755443440,False,0,0,0.5,0,True,False,False,False
166152469,"{'steamid': '76561198282807726', 'num_games_owned': 0, 'num_reviews': 12, 'playtime_forever': 501, 'playtime_last_two_weeks': 0, 'playtime_at_review': 501, 'last_played': 1755436658}",schinese,游戏不能随时保存,1716804857,1755441107,False,0,0,0.5,0,True,False,False,False
202321666,"{'steamid': '76561198067461210', 'num_games_owned': 0, 'num_reviews': 1, 'playtime_forever': 3081, 'playtime_last_two_weeks': 0, 'playtime_at_review': 2961, 'deck_playtime_at_review': 114, 'last_played': 1759654369}",russian,"Почему сломался мультиплеер на SteamDeck? Почините, пожалуйста",1755438037,1755438037,False,0,0,0.5,0,True,False,False,False
202313263,"{'steamid': '76561199337280815', 'num_games_owned': 10, 'num_reviews': 1, 'playtime_forever': 12812, 'playtime_last_two_weeks': 50, 'playtime_at_review': 12520, 'last_played': 1761451394}",thai,ถ้าคุณต้องการ ทำงาน ทำการบ้าน อย่าเผลอเข้าไปในเกมนี้เพราะมันจะออกไม่ได้,1755428974,1755428974,False,1,1,0.5,0,True,False,False,False
202306896,"{'steamid': '76561198877888552', 'num_games_owned': 0, 'num_reviews': 1, 'playtime_forever': 4302, 'playtime_last_two_weeks': 910, 'playtime_at_review': 3179, 'last_played': 1761986528}",schinese,矿洞太难了，一点也不休闲,1755420505,1755420505,False,0,1,0.5,0,True,False,False,False
202299047,"{'steamid': '76561199503788332', 'num_games_owned': 0, 'num_reviews': 97, 'playtime_forever': 2776, 'playtime_last_two_weeks': 0, 'playtime_at_review': 2776, 'last_played': 1754607072}",english,only play this game with girls,1755408715,1755408715,False,1,2,0.435512900352478027,0,True,False,False,False
202296973,"{'steamid': '76561198263711456', 'num_games_owned': 120, 'num_reviews': 133, 'playtime_forever': 510, 'playtime_last_two_weeks': 0, 'playtime_at_review': 510, 'last_played': 1618706112}",english,i hate survival games like this it gets sooo boring for me,1755405562,1755405562,False,0,0,0.371219664812088013,0,True,False,False,False
202296864,"{'steamid': '76561198341204709', 'num_games_owned': 0, 'num_reviews': 4, 'playtime_forever': 11942, 'playtime_last_two_weeks': 0, 'playtime_at_review': 11548, 'last_played': 1756651032}",schinese,这祝尼魔赛车是人设计出来的啊？,1755405381,1755405381,False,2,1,0.530516445636749268,0,True,False,False,False
202287250,"{'steamid': '76561199794924757', 'num_games_owned': 0, 'num_reviews': 1, 'playtime_forever': 1322, 'playtime_last_two_weeks': 0, 'playtime_at_review': 436, 'last_played': 1756114416}",russian,игра говна ебаного,1755391454,1755391454,False,0,1,0.383497953414916992,0,True,False,False,False
202268760,"{'steamid': '76561198064768025', 'num_games_owned': 0, 'num_reviews': 22, 'playtime_forever': 7804, 'playtime_last_two_weeks': 0, 'playtime_at_review': 7804, 'last_played': 1571796777}",latam,estaría bueno que lo pongan en español latino,1755369447,1755369447,False,1,0,0.470624357461929321,0,True,False,False,False
202265244,"{'steamid': '76561198328335382', 'num_games_owned': 0, 'num_reviews': 1, 'playtime_forever': 11779, 'playtime_last_two_weeks': 0, 'playtime_at_review': 10057, 'last_played': 1756235166}",russian,game of discrimination based on nationality,1755365920,1755365920,False,0,0,0.5,0,True,False,False,False
202263928,"{'steamid': '76561199883728668', 'num_games_owned': 0, 'num_reviews': 1, 'playtime_forever': 11, 'playtime_last_two_weeks': 0, 'playtime_at_review': 11, 'last_played': 1755363995}",schinese,打不了中文,1755364541,1755364541,False,0,1,0.458715617656707764,0,True,False,False,False
202258591,"{'steamid': '76561199868845733', 'num_games_owned': 28, 'num_reviews': 1, 'playtime_forever': 7581, 'playtime_last_two_weeks': 2, 'playtime_at_review': 5835, 'last_played': 1761494100}",schinese,屎,1755359386,1755359386,False,0,1,0.487804889678955078,2,True,False,False,False
202256480,"{'steamid': '76561199006391130', 'num_games_owned': 23, 'num_reviews': 2, 'playtime_forever': 7664, 'playtime_last_two_weeks': 0, 'playtime_at_review': 7664, 'last_played': 1730636080}",russian,"Игра, которую все хвалят, но лично мне она быстро наскучила. Без модов геймплей слишком простой и однообразный: сажай урожай, копи деньги, улучшай инструменты, взаимодействуй с жителями, повторяй. После 50 часов игра начинает ощущаться как бесконечный цикл одних и тех же действий.

Плюсы:
✔️ Уютная атмосфера и приятная пиксельная графика.
✔️ Хороший саундтрек, помогающий расслабиться.
✔️ Можно играть в своём темпе.

Минусы:
❌ Очень быстро становится скучно — не хватает глубины механик.
❌ Без модов контент ограничен.
❌ Социальная часть (общение с жителями) поверхностная и не цепляет.

Вывод: Если вам нравится спокойный, монотонный геймплей без спешки — Stardew Valley подойдёт. Но если ждёшь сложных систем, разнообразия и долгой вовлекающей игры — лучше поискать что-то другое (или сразу ставить моды). Без них игра быстро выдыхается.

",1755357388,1755357388,False,2,0,0.523809552192687988,0,True,False,False,False
202252271,"{'steamid': '76561199873061723', 'num_games_owned': 0, 'num_reviews': 4, 'playtime_forever': 59, 'playtime_last_two_weeks': 0, 'playtime_at_review': 59, 'last_played': 1755217542}",brazilian,"[h1] NÃO RECOMENDO [/h1]
[h2] opinião pessoal [/h2]

Bom, eu comprei o jogo já assumindo que eu não ia gostar, de fato stardew valley não faz meu tipo de jogo, mas eu não achei que eu acharia ele TÃO tedioso. Eu joguei inicialmente por 30 minutos, e os outros 29 minutos foram literalmente eu andando de um lado pro outro buscando algo pra fazer (e falhando em minha busca), pescando (pra ver se matava o tédio) e procurando pessoas pra cumprimentar (que saco de missão)... Ou seja, eu joguei por 1 hora, e já foi o suficiente pro jogo ficar entedioso, chato e repetitivo. Não que eu esperasse algo frenético em um jogo RPG de fazenda, mas os jogos de fazenda do facebook são melhores, e gratuitos. Não acho que stardew valley seja um jogo ruim no geral, só não faz meu tipo. Sei que provavelmente não explorei todo o potencial de stardew valley, e nem vou fazer isso, mas eu cansei da gameplay em 30 minutos...

[h2] VISÃO GERAL [/h2]
agora sendo um pouco mais imparcial, acho que a ""falta do que fazer"" de fato deixa o jogo um pouco chato, e principalmente missões como ""cumprimente 28 pessoas"" como a primeira missão, não ajuda... acho que o jogo poderia começar melhor, com missões já sobre plantações, ou pescar algum tipo específico de peixe... encontrar algo... coletar algum recurso... algo que faça o jogador de fato jogar e não perambular por ai até encontrar 28 NPCs e clicar neles. Mas o jogo é bem trabalhado e detalhado, consigo ver o carinho e zelo que os criadores tiveram na criação do jogo, e se for uma pessoa que não se entedia fácil e gosta de jogos em um rítimo mais parado, talvez seja um bom jogo.

[h2] conclusão [/h2]

A culpa não é do jogo, pelo menos eu acho, não quero dizer que o jogo é péssimo ou ruim, pois percebe-se o quão bem feito ele é, receio não ter entendido ao certo a proposta do game, mas de qualquer forma não me agradou, principais problemas:
- parado demais
- primeira missão chata, repetitiva e entediante
- demorado
- ""nada acontece""

A decisão se o jogo é ruim ou bom cabe a você que está lendo a review, mas se fosse pra mim escolher por você, ao meu ver, [b] NÃO RECOMENDO. [/b]",1755353222,1755353222,False,1,2,0.423076927661895752,1,True,False,False,False
202236754,"{'steamid': '76561199236298504', 'num_games_owned': 79, 'num_reviews': 3, 'playtime_forever': 3021, 'playtime_last_two_weeks': 0, 'playtime_at_review': 3021, 'last_played': 1753781753}",english,1/10 for not letting me date demetrius in vanilla,1755334549,1755334549,False,0,1,0.449500560760498047,0,True,False,False,False
202196333,"{'steamid': '76561198132302200', 'num_games_owned': 98, 'num_reviews': 22, 'playtime_forever': 228, 'playtime_last_two_weeks': 0, 'playtime_at_review': 90, 'last_played': 1755827209}",english,passing out at 2 am is not a necessary feature,1755280075,1755280075,False,1,0,0.457950681447982788,2,True,False,False,False
198928674,"{'steamid': '76561198968698916', 'num_games_owned': 0, 'num_reviews': 9, 'playtime_forever': 11456, 'playtime_last_two_weeks': 0, 'playtime_at_review': 10815, 'last_played': 1756036609}",schinese,"无论是走joja还是献祭最终上位的实权人物都是男性，州长也是男性，一个女性都没有。
性别比例严重失衡，46个npc只有15个明确是女性，我看改名叫超雄谷吧。
可攻略npc里男性也比女性职业发展更好，而且女性看着太年轻稚嫩，作者就这么害怕成熟强大的女性吗？
乔迪和艾芙琳奶奶就不多说了，典中典的奉献型女性角色塑造。男的可以独立行走别当捞楠了吗？
最恶臭的“镇长幸运内裤”任务，不敢想象性转到女性会伴随多少dfxr，到男的身上就变成了善意的调侃和笑点。

此游和谐氛围离不开女玩家的建设，然而游戏已经完全展示了男作者是如何歧视和畏惧女性，讽刺的是此游还是男作者吃女友软饭制作的。

软饭谷名副其实。",1751638318,1755268892,False,10,3,0.352131932973861694,0,True,False,False,False
202168164,"{'steamid': '76561198358189759', 'num_games_owned': 72, 'num_reviews': 11, 'playtime_forever': 4511, 'playtime_last_two_weeks': 0, 'playtime_at_review': 4367, 'last_played': 1755832901}",schinese,傻逼npc给你爹几个熏鱼机全踢他妈海里去了。无语了,1755248610,1755248610,False,0,1,0.476190477609634399,0,True,False,False,False
202153001,"{'steamid': '76561198087477399', 'num_games_owned': 153, 'num_reviews': 11, 'playtime_forever': 8729, 'playtime_last_two_weeks': 0, 'playtime_at_review': 8697, 'last_played': 1755550264}",english,"I REALLY tried to enjoy it, but ultimately failed. I think it has a lot of charm, but most of the gameplay is honestly boring. If at least it had triple the minigames, or if the map wasn't so tedious to traverse, I might've felt differently. But as it stands, the whole experience ends up feeling more like a chore than something fun or rewarding.",1755224608,1755224608,False,7,10,0.464665442705154419,0,True,False,False,False
202142261,"{'steamid': '76561199163303196', 'num_games_owned': 0, 'num_reviews': 2, 'playtime_forever': 2607, 'playtime_last_two_weeks': 0, 'playtime_at_review': 2607, 'last_played': 1751912712}",english,Paia,1755210368,1755210368,False,0,0,0.476190477609634399,0,True,True,False,False
202141518,"{'steamid': '76561199511387123', 'num_games_owned': 0, 'num_reviews': 1, 'playtime_forever': 10, 'playtime_last_two_weeks': 0, 'playtime_at_review': 10, 'last_played': 1755197209}",brazilian,o jogo não abre,1755209533,1755209533,False,1,1,0.5,0,True,False,False,False
202118771,"{'steamid': '76561199740822815', 'num_games_owned': 0, 'num_reviews': 1, 'playtime_forever': 8479, 'playtime_last_two_weeks': 0, 'playtime_at_review': 8479, 'last_played': 1755188974}",schinese,玩了百小时，建议别玩垃圾游戏，玩了你会被钓鱼系统搞到心态爆炸，钓鱼系统做得把人当狗溜，夏秋两条鱼王最好钓，冬天的是什么玩意，钓两小时钓不上来，写的是伪人代码吗？读条在哪鱼就跑到外面去，玩了百小时最终被钓鱼系统劝退，新人别玩垃圾玩意，玩了你就会被钓鱼恶心到，钓密码鱼，屎屎屎屎屎。,1755186701,1755189477,False,2,0,0.424836605787277222,0,True,False,False,False
202120030,"{'steamid': '76561199352530281', 'num_games_owned': 47, 'num_reviews': 16, 'playtime_forever': 764, 'playtime_last_two_weeks': 0, 'playtime_at_review': 764, 'last_played': 1751967564}",schinese,"重复性操作过多，游戏指引很弱，玩家纯靠自己摸索很多功能都不能解锁，作为一款休闲游戏新手教学很不完善
玩几个小时后很无聊，持续游玩欲望低",1755188018,1755188018,False,12,0,0.492990374565124512,0,True,False,False,False
201333051,"{'steamid': '76561198152586739', 'num_games_owned': 1272, 'num_reviews': 409, 'playtime_forever': 1560, 'playtime_last_two_weeks': 0, 'playtime_at_review': 1560, 'last_played': 1754192999}",russian,"Не, это кошмар, игра неиграбельна без читов и модов. Игра затягивает, но не потому что она интересная, а потому что ты надеешься на что-то большее, но не получаешь этого. И игра задизайнена так, чтобы жрать ваше время тоннами. Если вы думаете, что донатные помойки затягивают и не уважают ваше время - они стоят в стороночке и нерво курят по сравнению с этой игрой.

- Расстояния слишком большие, а времени слишком мало - день слишком быстро проходит и сделано это намеренно, чтобы растянуть игру в 100x раз.
- В игре есть эффективные автополивочные, но до них надо качаться и качаться. А купить их нельзя, во всяком случае, пока, не наиграешь сотни часов.
- В игре нет древа крафта - т.е. ты никак не можешь узнать, что тебе станет доступно для крафта в будущем и какие условия тебе надо выполнить, что смочь крафтить это.
- В игре нет такой банальщины, как велосипед, чтобы ускорить передвижение по долине.
- В игре нет спальных мешков или палаток - не надейся на длительные вылазки с ночёвкой в поле, чтобы сэкономить время. Мне тут сказали, что есть, но я проверил вики - нету.
- В игре отстойная система квестов. Например, тебя просят принести n чего-то. Ты идёшь к себе на склад, потому что у тебя завалялось нужное количество. Но квест ты так не сдашь, потому что ты именно обязан пойти и собрать нужное с нуля.

!!! Даже с читами, которые оптимизируют всё и вся и останавливают время игра слишком душная. !!!

!!! Точно !!!
- В игре нет встроенных читов, которые могли здорово облегчить некоторые моменты.
- В игре нет режима строителя, когда игра превращается в градостроительный симулятор, чтобы разметка грядок была удобной.
- Пугало не показывает границы своего влияния (запугивания).
- Когда заказываешь у кузнеца апгрейд топора, кирки или мотыги он забирает этот инструмент у тебя и ты им пользоваться не можешь, хотя когда заказываешь апгрейд дома, то продолжаешь им пользоваться, а удочки и мечи просто покупаешь новые. Зачем три разные механики?
- В игре есть рыбак, авантюрист, другой фермер, который специализируется на животноводстве, а ещё есть гипермаркет. В игре есть квесты, где надо принести и пожертвовать определённые продукты лесным духам.
Если ты надеешься на то, что сейчас пойдёшь и купишь если не все, то хотя бы половину необходимых продуктов у соответствующих людей, даже в тридорога, то забудь.
Рыбак продаёт только наживку, удочки и снасти, но не рыбу, почему-то.
Авантюристы могут только с тобой поговорить, но не продать лут с монстров.
Фермер может продать только животных, но не яйца, молоко и т.д.
Гипермаркет только семена, но не готовую продукцию.

!!! Почему просто не установить моды !!!

Главная фишка модов в том, чтобы разнообразить игровой опыта, а не исправить геймдизайн. Если моды в-первую очередь направлены на исправление геймдизайна, то может разработчик уже сделает нормальную мастерскую, чтобы пользователи стим дека и линукса устанавливали моды без танцев с бубном?!

А ещё может разработчик уже сделает так, чтобы игра сразу предлагал сыграть в ванильный или модифицированный вариант и объясняла разницу?!",1754192936,1755187157,False,4,1,0.411338865756988525,10,True,False,False,False
202093642,"{'steamid': '76561199092652016', 'num_games_owned': 19, 'num_reviews': 1, 'playtime_forever': 9560, 'playtime_last_two_weeks': 7, 'playtime_at_review': 2382, 'last_played': 1761457489}",schinese,玩过最恶心的钓鱼，恶心，反胃,1755154605,1755154605,False,1,0,0.427777796983718872,0,True,False,False,False
202093350,"{'steamid': '76561198025252442', 'num_games_owned': 0, 'num_reviews': 46, 'playtime_forever': 62, 'playtime_last_two_weeks': 0, 'playtime_at_review': 62, 'last_played': 1755076113}",french,"Laborieusement j'abats quelques arbres puis commence à préparer le sol pour planter ► plus d'énergie... ok je vais dormir bien qu'il ne soit que 16:00 ► Je me réveille avec 50% d'énergie seulement ?? ► remboursement.
Le perso se traîne lamentablement et la consommation d'énergie est risible, pas étonnant qu'ils ne l'affiche pas sur les vidéos publicitaires.
Très peu pour moi.",1755154164,1755154164,False,2,1,0.356756746768951416,0,True,False,False,False
202091362,"{'steamid': '76561199197559930', 'num_games_owned': 142, 'num_reviews': 6, 'playtime_forever': 34041, 'playtime_last_two_weeks': 0, 'playtime_at_review': 32287, 'last_played': 1756952842}",schinese,炸矿手感照1.5差太多了 经常遇到炸矿吃东西瞬间卡死无法进行任何交互的情况，说白了1.6更新这么久理应早就修复的 结果联机档只能卡在原地看时间走自己动不了干瞪眼 而且不是偶发现象 基本炸两次矿就得有一次遇到这个问题，真给人恶心坏了,1755150763,1755150763,False,1,0,0.5,1,True,False,False,False
202074934,"{'steamid': '76561198283809216', 'num_games_owned': 62, 'num_reviews': 9, 'playtime_forever': 8761, 'playtime_last_two_weeks': 1147, 'playtime_at_review': 7082, 'last_played': 1762217798}",russian,"игра говно задания сложные просто ужас не качайте и не покупайте эту игру это просто пиздец какой ужас !!!!!!!!!!!!!!!!!!!!!!!!!!!!!!!!!!    1000000 джунимо карт /10. чтобы еще раз я зашел в эту помойку да ни за что, разраб даун !!!",1755126186,1755126186,False,0,0,0.413533836603164673,0,True,False,False,False
202074273,"{'steamid': '76561199239133653', 'num_games_owned': 95, 'num_reviews': 5, 'playtime_forever': 247, 'playtime_last_two_weeks': 0, 'playtime_at_review': 247, 'last_played': 1712813491}",brazilian,não quero falar sobre isso,1755125386,1755125386,False,0,0,0.5,0,True,False,False,False
202055069,"{'steamid': '76561199285872180', 'num_games_owned': 0, 'num_reviews': 2, 'playtime_forever': 236, 'playtime_last_two_weeks': 0, 'playtime_at_review': 186, 'last_played': 1755106741}",brazilian,67💔,1755103787,1755103787,False,0,0,0.5,0,True,False,False,False
202046976,"{'steamid': '76561199157915435', 'num_games_owned': 74, 'num_reviews': 5, 'playtime_forever': 24, 'playtime_last_two_weeks': 0, 'playtime_at_review': 24, 'deck_playtime_at_review': 24, 'last_played': 1744411139}",english,boring,1755095520,1755095520,False,2,0,0.460076063871383667,0,True,False,False,True
202031799,"{'steamid': '76561198041564556', 'num_games_owned': 0, 'num_reviews': 8, 'playtime_forever': 85, 'playtime_last_two_weeks': 0, 'playtime_at_review': 85, 'last_played': 1533172178}",english,It's pretty boring,1755076209,1755076209,False,1,2,0.437124252319335938,0,True,False,False,False
202029595,"{'steamid': '76561199384036954', 'num_games_owned': 31, 'num_reviews': 1, 'playtime_forever': 949, 'playtime_last_two_weeks': 276, 'playtime_at_review': 268, 'last_played': 1762008981}",schinese,不想当黑奴,1755072744,1755072744,False,0,1,0.426908165216445923,0,True,False,False,False
202026885,"{'steamid': '76561198049030444', 'num_games_owned': 0, 'num_reviews': 74, 'playtime_forever': 115, 'playtime_last_two_weeks': 0, 'playtime_at_review': 102, 'last_played': 1755068822}",english,"dont know how anyone is reeetarded enough to enjoy this gay slop, legit garbage witha  garbage fishing minigame",1755068432,1755068432,False,3,2,0.345263123512268066,0,True,False,False,False
202026397,"{'steamid': '76561198078691444', 'num_games_owned': 0, 'num_reviews': 10, 'playtime_forever': 568, 'playtime_last_two_weeks': 0, 'playtime_at_review': 568, 'last_played': 1707345911}",russian,"[h3]Ну ладно, пришло время признать, что я просто заставлял себя вайбовать[/h3]

Около нулевая глубина геймплея, оч поверхностные персонажи и диалоги. ""Медитативный"" геймплей скорее просто скучный и до ужаса душный. Не имею ничего против чила, но цикл ""посадить - полить х3 - собрать"" ощущается как пытка на заводе. Типа по ощущениям эта игра может по настоящему понравиться только соевым типам, которые в тесте на тип личности стабильно выбивают INFP (Посредник).",1755067590,1755067956,False,2,0,0.443223446607589722,0,True,False,False,False
202020414,"{'steamid': '76561198365829988', 'num_games_owned': 0, 'num_reviews': 1, 'playtime_forever': 5105, 'playtime_last_two_weeks': 0, 'playtime_at_review': 5103, 'last_played': 1757640476}",spanish,Al inicio me tira un pantallazo negro una lastima,1755057594,1755057594,False,0,0,0.495495498180389404,0,True,False,False,False
202013330,"{'steamid': '76561197974773829', 'num_games_owned': 0, 'num_reviews': 12, 'playtime_forever': 10045, 'playtime_last_two_weeks': 0, 'playtime_at_review': 10045, 'last_played': 1754961715}",english,"Game is broken. CTD every time the splash screen comes up upon starting. Have tried all the workarounds and fixes listed. Developer seems too busy porting the game and supporting it on new consoles to bother supporting the original PC base. Unusable, unworkable, totally broken, no resolution, no solution, unacceptable.",1755047143,1755047143,False,1,0,0.405055999755859375,0,True,False,False,False
202004970,"{'steamid': '76561198886504815', 'num_games_owned': 37, 'num_reviews': 17, 'playtime_forever': 2100, 'playtime_last_two_weeks': 0, 'playtime_at_review': 2100, 'last_played': 1755035385}",brazilian,Não tem multiplayer sem rede local no celular.,1755035493,1755035493,False,0,0,0.443037986755371094,0,True,False,False,False
199480689,"{'steamid': '76561199531978051', 'num_games_owned': 0, 'num_reviews': 3, 'playtime_forever': 4937, 'playtime_last_two_weeks': 0, 'playtime_at_review': 4935, 'last_played': 1759685253}",russian,абигейл дочь мертвой шлюхи глотай скрепки вечно мразь,1752176965,1755021715,False,2,0,0.523809552192687988,0,True,False,False,False
201700764,"{'steamid': '76561199811090246', 'num_games_owned': 44, 'num_reviews': 33, 'playtime_forever': 673, 'playtime_last_two_weeks': 0, 'playtime_at_review': 560, 'last_played': 1757569256}",english,game is mid at best half done lazy pixels theres games 1000x better and less boring and with maps that arent useless.. cant even find a damn mine with this crap unlabelled map,1754656062,1755010172,False,2,7,0.396530210971832275,0,True,False,False,False
201970757,"{'steamid': '76561199855050042', 'num_games_owned': 0, 'num_reviews': 1, 'playtime_forever': 14396, 'playtime_last_two_weeks': 0, 'playtime_at_review': 5335, 'last_played': 1758449044}",schinese,。。。,1754998361,1754998361,False,0,0,0.436507940292358398,0,True,False,False,False
201968681,"{'steamid': '76561198194416021', 'num_games_owned': 93, 'num_reviews': 7, 'playtime_forever': 10828, 'playtime_last_two_weeks': 0, 'playtime_at_review': 6685, 'last_played': 1757435648}",turkish,mod yüklemek için insan bu kadar uğraştırılamaz ya ekleyin şuraya atölye,1754995628,1754995628,False,2,0,0.498098880052566528,0,True,False,False,False
201961165,"{'steamid': '76561199438642118', 'num_games_owned': 21, 'num_reviews': 8, 'playtime_forever': 521, 'playtime_last_two_weeks': 0, 'playtime_at_review': 198, 'last_played': 1755277656}",russian,не покупайте,1754983708,1754983708,False,1,0,0.378124982118606567,0,True,False,False,False
201950412,"{'steamid': '76561198188134638', 'num_games_owned': 0, 'num_reviews': 13, 'playtime_forever': 15356, 'playtime_last_two_weeks': 0, 'playtime_at_review': 15356, 'last_played': 1754932132}",spanish,"El juego es muy divertido, pero como me da rabia el alcalde del juego porque el viejo pelon no hace nada. Nomas esta detras de la que vende vacas. Y descuida todo el pueblo pelicano. Es desesperante. 
Otra cosa que no me gusta es que nuestro personaje el granjero pasan las 2 de la mañana y se duerme el muy tonto no puede soportar ni una desvelada en ninguna parte del juego. Mas me da bronca, cuando ocurre una cinematica y pasa de las 2 am y ahi anda despierto socializando y hablando con todos pero pasa la cinematica y se duerme el muy imbecil.
Que sentido tiene. 
En fin jueguenlo con amigos y muevan sus muebles dentro de sus casas eso si es para llorar.
Saludos.",1754965441,1754965441,False,1,5,0.401876896619796753,0,True,False,False,False
201949844,"{'steamid': '76561199094749230', 'num_games_owned': 21, 'num_reviews': 5, 'playtime_forever': 298, 'playtime_last_two_weeks': 0, 'playtime_at_review': 230, 'last_played': 1759768644}",schinese,联机不了，体验很差,1754964640,1754964640,False,0,0,0.416666656732559204,0,True,False,False,False
201941590,"{'steamid': '76561199170379262', 'num_games_owned': 51, 'num_reviews': 10, 'playtime_forever': 9, 'playtime_last_two_weeks': 0, 'playtime_at_review': 9, 'last_played': 1744131920}",turkish,çok kötü bir oyun,1754952571,1754952571,False,0,1,0.5,0,True,False,False,False
201937217,"{'steamid': '76561198991658395', 'num_games_owned': 44, 'num_reviews': 10, 'playtime_forever': 50, 'playtime_last_two_weeks': 0, 'playtime_at_review': 50, 'last_played': 1751820362}",russian,переоцененная залупа,1754947007,1754947007,False,0,0,0.454545468091964722,0,True,False,False,False
201935378,"{'steamid': '76561199654751552', 'num_games_owned': 188, 'num_reviews': 13, 'playtime_forever': 70, 'playtime_last_two_weeks': 0, 'playtime_at_review': 70, 'last_played': 1754731983}",russian,"Душная. Купили мы с другом на фул бабки картошку, вспахали поле, посадили, полили, собрали, продали. На полученные деньги решили купить семена конопли или марихуаны и стать Уолтером Уайтом и Джесси Пинкманом, но оказывается в этой игре их нет! Игра хуйня, не советую",1754944971,1754945330,False,13,9,0.504619061946868896,2,True,False,False,False
201931984,"{'steamid': '76561198804598719', 'num_games_owned': 0, 'num_reviews': 5, 'playtime_forever': 4508, 'playtime_last_two_weeks': 0, 'playtime_at_review': 1030, 'last_played': 1758192620}",brazilian,"Não da pra pegar mulher casada, muito chato isso, mas de resto o jogo é bom",1754941417,1754941417,False,4,2,0.518518507480621338,0,True,False,False,False
201911101,"{'steamid': '76561199817831765', 'num_games_owned': 0, 'num_reviews': 7, 'playtime_forever': 9, 'playtime_last_two_weeks': 0, 'playtime_at_review': 9, 'last_played': 1754842763}",english,booorting,1754920001,1754920001,False,1,1,0.417816668748855591,0,True,True,False,False
201911035,"{'steamid': '76561199238119383', 'num_games_owned': 0, 'num_reviews': 24, 'playtime_forever': 59, 'playtime_last_two_weeks': 0, 'playtime_at_review': 59, 'last_played': 1754918602}",russian,МЕНЯ ЗАСКАМИЛИ НА САЛАТ!!!1,1754919931,1754919931,False,0,0,0.47826087474822998,0,True,False,False,False
201882952,"{'steamid': '76561199204115840', 'num_games_owned': 0, 'num_reviews': 17, 'playtime_forever': 1963, 'playtime_last_two_weeks': 0, 'playtime_at_review': 1510, 'last_played': 1755481612}",spanish,como desbloqueo el cultivo de marihuana??????,1754876886,1754876886,False,10,5,0.588142156600952148,0,True,False,False,False
169333860,"{'steamid': '76561198827529291', 'num_games_owned': 0, 'num_reviews': 2, 'playtime_forever': 28042, 'playtime_last_two_weeks': 0, 'playtime_at_review': 28042, 'last_played': 1754860131}",polish,"After realising i miss Tub of Flowers for my 2 year perfection run, my dissapointment is immeasurable and my day is ruined.

Edit: My day is still ruined.",1720449019,1754873310,False,2,1,0.501895666122436523,0,True,False,False,False
201867672,"{'steamid': '76561198438076705', 'num_games_owned': 0, 'num_reviews': 18, 'playtime_forever': 33, 'playtime_last_two_weeks': 0, 'playtime_at_review': 33, 'deck_playtime_at_review': 33, 'last_played': 1754856922}",russian,.,1754857355,1754857355,False,1,0,0.5,0,True,False,False,True
201867437,"{'steamid': '76561199028091344', 'num_games_owned': 25, 'num_reviews': 43, 'playtime_forever': 31, 'playtime_last_two_weeks': 0, 'playtime_at_review': 31, 'last_played': 1690044205}",turkish,terraria varken bunu oynayan gitsin meydanda götü açık gezsin,1754857113,1754857113,False,0,0,0.397470653057098389,4,True,False,False,False
201839338,"{'steamid': '76561199065994442', 'num_games_owned': 160, 'num_reviews': 28, 'playtime_forever': 13, 'playtime_last_two_weeks': 0, 'playtime_at_review': 13, 'last_played': 1754767062}",russian,говно 60 фпс,1754829373,1754829373,False,0,0,0.476190477609634399,0,True,False,False,False
201836449,"{'steamid': '76561199790725217', 'num_games_owned': 0, 'num_reviews': 3, 'playtime_forever': 1411, 'playtime_last_two_weeks': 0, 'playtime_at_review': 1411, 'last_played': 1738586859}",schinese,23小时感觉有12个小时在回家或者去挖矿或者窜门，关键我还不是很记得路（罗宾的家，酒馆，挖矿的地方，海边……），总是在思考最短路径，也总是按照惯性走一如往常的路，很矛盾，关键这个小人走路还那么慢！！家也装修不好，我讨厌那个箱子，硬硬的感觉，要花很大力气，箱子容积很小，要装的东西很多，没有层次，想要分类，但是没钱买箱子。小鸡也是，没有干草，给不了它想要的幸福生活，经常忘记抚摸小猫，给它水。第一个讨好的朋友是罗宾，但是为了维持好感每天都去她家也很累，给出自己的粮食更可惜了。矿洞好暗，找不到怪物在哪，打不过。也不想种地，很麻烦。,1754826025,1754826025,False,1,1,0.497925341129302979,0,True,False,False,False
201832746,"{'steamid': '76561199536889531', 'num_games_owned': 0, 'num_reviews': 1, 'playtime_forever': 1946, 'playtime_last_two_weeks': 0, 'playtime_at_review': 1946, 'last_played': 1754821040}",vietnamese,"why i can't move in game, while settings are fine",1754821435,1754821435,False,0,0,0.5,0,True,False,False,False
201822998,"{'steamid': '76561199149244627', 'num_games_owned': 0, 'num_reviews': 3, 'playtime_forever': 8119, 'playtime_last_two_weeks': 0, 'playtime_at_review': 5365, 'last_played': 1757590273}",english,Can't marry Robin or Caroline :(,1754807655,1754807655,False,6,4,0.58842921257019043,5,True,False,False,False
201808586,"{'steamid': '76561199190383118', 'num_games_owned': 54, 'num_reviews': 1, 'playtime_forever': 10249, 'playtime_last_two_weeks': 0, 'playtime_at_review': 10194, 'last_played': 1754789071}",brazilian,"fiz de tudo por aquele emo de merda e ele me trocou por uma loira toxica, fdp emo de merda",1754785851,1754785851,False,2,0,0.536423861980438232,0,True,False,False,False
