recommendationid,author,language,review,timestamp_created,timestamp_updated,voted_up,votes_up,votes_funny,weighted_vote_score,comment_count,steam_purchase,received_for_free,written_during_early_access,primarily_steam_deck
208209970,"{'steamid': '76561198800737818', 'num_games_owned': 0, 'num_reviews': 2, 'playtime_forever': 4878, 'playtime_last_two_weeks': 3080, 'playtime_at_review': 3847, 'last_played': 1762215411}",portuguese,Muito bom,1762075466,1762075466,True,0,0,0.5,0,True,False,False,False
207800112,"{'steamid': '76561198802143725', 'num_games_owned': 0, 'num_reviews': 1, 'playtime_forever': 47911, 'playtime_last_two_weeks': 1810, 'playtime_at_review': 47347, 'last_played': 1762200074}",portuguese,perfect,1761667697,1761667697,True,0,0,0.5,0,True,False,False,False
207371822,"{'steamid': '76561199193026267', 'num_games_owned': 0, 'num_reviews': 1, 'playtime_forever': 8483, 'playtime_last_two_weeks': 0, 'playtime_at_review': 8483, 'last_played': 1760895120}",portuguese,"gostei, um novo vicio :>",1761210526,1761210526,True,0,0,0.5,0,True,True,False,False
207337147,"{'steamid': '76561198338661333', 'num_games_owned': 21, 'num_reviews': 8, 'playtime_forever': 3407, 'playtime_last_two_weeks': 189, 'playtime_at_review': 3366, 'last_played': 1761256425}",portuguese,brutal,1761163508,1761163508,True,0,0,0.5,0,True,False,False,False
207336546,"{'steamid': '76561198407819180', 'num_games_owned': 0, 'num_reviews': 1, 'playtime_forever': 2682, 'playtime_last_two_weeks': 989, 'playtime_at_review': 1897, 'last_played': 1762203680}",portuguese,Muito fixe e chill para passar o tempo,1761162975,1761162975,True,0,0,0.5,0,True,False,False,False
207207452,"{'steamid': '76561198965474689', 'num_games_owned': 20, 'num_reviews': 1, 'playtime_forever': 270, 'playtime_last_two_weeks': 0, 'playtime_at_review': 269, 'last_played': 1761007966}",portuguese,Um bom jogo para relaxar,1761007926,1761007926,True,0,0,0.5,0,True,False,False,False
206776471,"{'steamid': '76561199402392276', 'num_games_owned': 0, 'num_reviews': 1, 'playtime_forever': 16408, 'playtime_last_two_weeks': 1223, 'playtime_at_review': 14058, 'last_played': 1761579891}",portuguese,cozy e bom,1760528845,1760528845,True,0,0,0.5,0,True,False,False,False
206628707,"{'steamid': '76561198324296157', 'num_games_owned': 50, 'num_reviews': 18, 'playtime_forever': 771, 'playtime_last_two_weeks': 0, 'playtime_at_review': 602, 'last_played': 1760533537}",portuguese,"fiquei surpeendido , é bom para passar o tempo casual , só o preço é que não é o mais ajustável mas pronto tudo okay",1760358139,1760358139,True,0,0,0.5,0,True,False,False,False
206285901,"{'steamid': '76561199825324180', 'num_games_owned': 0, 'num_reviews': 2, 'playtime_forever': 3431, 'playtime_last_two_weeks': 0, 'playtime_at_review': 2665, 'last_played': 1760638840}",portuguese,"Simplesmente: COMPRA ESTA MARAVILHA AGORA! E serio o jogo  perfeito, lindo , magnifico, sem defeitos, inespilcavel, E MUITAS MAIS COISAS! Eu sempre adorei jogos de fazenda mas ate meus amigos que não gostam de jogo de fazenda adoraram o jogo! e perfeito! E SERIO EU NÃO ESTOU A BRINCAR ESSE JOGO E PERFEITO!",1760040094,1760040094,True,0,0,0.5,0,True,False,False,False
205636158,"{'steamid': '76561199234315057', 'num_games_owned': 41, 'num_reviews': 6, 'playtime_forever': 3599, 'playtime_last_two_weeks': 0, 'playtime_at_review': 3599, 'last_played': 1759342309}",portuguese,"legal
",1759342319,1759342319,True,0,0,0.5,0,True,False,False,False
205615720,"{'steamid': '76561199879973829', 'num_games_owned': 0, 'num_reviews': 1, 'playtime_forever': 1367, 'playtime_last_two_weeks': 32, 'playtime_at_review': 1178, 'last_played': 1761999863}",portuguese,muito top,1759324045,1759324045,True,0,0,0.5,0,True,False,False,False
205539468,"{'steamid': '76561198934180406', 'num_games_owned': 0, 'num_reviews': 2, 'playtime_forever': 579, 'playtime_last_two_weeks': 0, 'playtime_at_review': 242, 'last_played': 1759649266}",portuguese,The game is very cool!,1759236043,1759236043,True,0,0,0.5,0,True,False,False,False
205482698,"{'steamid': '76561198789621764', 'num_games_owned': 0, 'num_reviews': 1, 'playtime_forever': 12076, 'playtime_last_two_weeks': 116, 'playtime_at_review': 9561, 'last_played': 1761173527}",portuguese,10/10 no comments,1759163813,1759163813,True,0,0,0.5,0,True,False,False,False
205465598,"{'steamid': '76561198824385460', 'num_games_owned': 0, 'num_reviews': 2, 'playtime_forever': 8297, 'playtime_last_two_weeks': 0, 'playtime_at_review': 8240, 'last_played': 1760615412}",portuguese,O goat,1759145497,1759145497,True,0,0,0.5,0,True,False,False,False
205268759,"{'steamid': '76561199319543059', 'num_games_owned': 0, 'num_reviews': 1, 'playtime_forever': 4488, 'playtime_last_two_weeks': 1249, 'playtime_at_review': 1180, 'last_played': 1762212030}",portuguese,"É um jogo super relaxante, dá para ir ao nosso ritmo.

Pessoalmente adoro a música.",1758922056,1758922056,True,1,0,0.523809552192687988,0,True,False,False,False
205040382,"{'steamid': '76561198970330402', 'num_games_owned': 20, 'num_reviews': 1, 'playtime_forever': 14276, 'playtime_last_two_weeks': 564, 'playtime_at_review': 12824, 'last_played': 1761749187}",portuguese,foda,1758645632,1758645632,True,0,0,0.5,0,True,False,False,False
204992193,"{'steamid': '76561198047722599', 'num_games_owned': 0, 'num_reviews': 39, 'playtime_forever': 533, 'playtime_last_two_weeks': 0, 'playtime_at_review': 533, 'last_played': 1689199139}",portuguese,WTF,1758585842,1758585842,False,0,0,0.454545468091964722,0,True,False,False,False
204842277,"{'steamid': '76561198072037887', 'num_games_owned': 0, 'num_reviews': 11, 'playtime_forever': 13094, 'playtime_last_two_weeks': 1, 'playtime_at_review': 13092, 'last_played': 1761349159}",portuguese,otimo,1758433075,1758433075,True,0,0,0.5,0,True,False,False,False
204633650,"{'steamid': '76561198786255838', 'num_games_owned': 0, 'num_reviews': 1, 'playtime_forever': 4554, 'playtime_last_two_weeks': 0, 'playtime_at_review': 656, 'last_played': 1760871442}",portuguese,Jogo com algumas missões mas que podes  jogar sem ter a obrigatoriedade de as fazer. É um dos melhores cozy games que joguei nos ultimos tempos.,1758216707,1758216707,True,0,0,0.5,0,True,False,False,False
204484782,"{'steamid': '76561198446728553', 'num_games_owned': 0, 'num_reviews': 5, 'playtime_forever': 12789, 'playtime_last_two_weeks': 0, 'playtime_at_review': 12789, 'last_played': 1748815530}",portuguese,"Basicamente:

Ou você é o herói que salva a cidade.

Ou você vira o vilão corporativo que compra ração em promoção e ainda tem cupom de desconto.

Recomendo 10/10",1758037590,1758037590,True,0,2,0.5,0,True,False,False,False
204274904,"{'steamid': '76561199698358453', 'num_games_owned': 0, 'num_reviews': 1, 'playtime_forever': 5639, 'playtime_last_two_weeks': 0, 'playtime_at_review': 5520, 'last_played': 1757871733}",portuguese,Jogo perfeito para relaxar e aproveitar com amigos!,1757802476,1757802476,True,3,0,0.565217375755310059,0,True,False,False,False
204238418,"{'steamid': '76561199054242347', 'num_games_owned': 0, 'num_reviews': 4, 'playtime_forever': 6329, 'playtime_last_two_weeks': 6, 'playtime_at_review': 2457, 'last_played': 1762000110}",portuguese,fun,1757771073,1757771073,True,0,0,0.5,0,True,False,False,False
204124813,"{'steamid': '76561199270050576', 'num_games_owned': 0, 'num_reviews': 1, 'playtime_forever': 8382, 'playtime_last_two_weeks': 2678, 'playtime_at_review': 2050, 'last_played': 1762018062}",portuguese,:),1757642281,1757642281,True,0,0,0.5,0,True,False,False,False
203968318,"{'steamid': '76561199769834009', 'num_games_owned': 0, 'num_reviews': 1, 'playtime_forever': 3619, 'playtime_last_two_weeks': 0, 'playtime_at_review': 3574, 'last_played': 1757448263}",portuguese,.,1757446575,1757446575,True,0,0,0.5,0,True,False,False,False
203606275,"{'steamid': '76561198978239389', 'num_games_owned': 0, 'num_reviews': 8, 'playtime_forever': 1445, 'playtime_last_two_weeks': 0, 'playtime_at_review': 1434, 'last_played': 1759406345}",portuguese,Só queria dizer que aqui diz apenas 24 horas pq eu uso o SMPI por conta dos mods de aparências que deixam o jogo ainda mais bonitinho do que já é. Atualmente tenho um save de 150 horas e ainda não consegui alcançar a perfeição. Obrigado 👍,1757081609,1757081609,True,1,0,0.5,0,True,False,False,False
203329151,"{'steamid': '76561198119635621', 'num_games_owned': 316, 'num_reviews': 37, 'playtime_forever': 5385, 'playtime_last_two_weeks': 0, 'playtime_at_review': 3842, 'last_played': 1758932570}",portuguese,"Congratulations, to Eric Barone, on the incredible work in Stardew Valley!

What began as a solo project has grown into a global phenomenon, touching the hearts of millions around the world. Your dedication, attention to detail, and clear passion for the world you built have resulted in a rich, comforting, and deeply immersive experience. Stardew Valley isn’t just about farming — it’s about community, balance, purpose, and most of all, finding beauty in life’s simplest moments.

It’s truly inspiring to see what one person, driven by passion and perseverance, can accomplish. Your work stands as a shining example of the power of independent creativity, and you’ve become a role model for developers, artists, and gamers everywhere.

Congratulations on this remarkable achievement — and thank you for creating such a special place that we can always return to.",1756743524,1756743524,True,2,0,0.523809552192687988,0,True,False,False,False
203290694,"{'steamid': '76561199212609669', 'num_games_owned': 0, 'num_reviews': 1, 'playtime_forever': 6132, 'playtime_last_two_weeks': 0, 'playtime_at_review': 5687, 'last_played': 1757787188}",portuguese,10/10,1756686709,1756686709,True,1,0,0.5,0,True,False,False,False
203153565,"{'steamid': '76561199592963033', 'num_games_owned': 0, 'num_reviews': 1, 'playtime_forever': 2325, 'playtime_last_two_weeks': 0, 'playtime_at_review': 2195, 'last_played': 1758242064}",portuguese, e muito bom pescar por 36 hrs,1756522674,1756522674,True,1,0,0.5,0,True,False,False,False
203147235,"{'steamid': '76561198089552152', 'num_games_owned': 58, 'num_reviews': 9, 'playtime_forever': 3089, 'playtime_last_two_weeks': 0, 'playtime_at_review': 3089, 'last_played': 1719086895}",portuguese,não joguei tanto mas considero bom jogar com amigos,1756513421,1756513421,True,2,0,0.523809552192687988,0,True,False,False,False
202939477,"{'steamid': '76561199862069417', 'num_games_owned': 0, 'num_reviews': 1, 'playtime_forever': 1652, 'playtime_last_two_weeks': 0, 'playtime_at_review': 1388, 'last_played': 1760474926}",portuguese,"Jogo extremamente relaxante, a trilha sonora é incrivel",1756238641,1756238641,True,2,0,0.523809552192687988,0,True,False,False,False
202889983,"{'steamid': '76561199055391803', 'num_games_owned': 0, 'num_reviews': 2, 'playtime_forever': 20167, 'playtime_last_two_weeks': 229, 'playtime_at_review': 19613, 'last_played': 1761950034}",portuguese,"Esse jogo literalmente me salvou da depressão na época da pandemia, eu recomendo fortemente para os que procuram um jogo casual para relaxar e passar um tempo. Tem npcs legais e é fácil de baixar mods!",1756172681,1756172681,True,1,1,0.5,0,True,False,False,False
202873655,"{'steamid': '76561199092379860', 'num_games_owned': 55, 'num_reviews': 1, 'playtime_forever': 19511, 'playtime_last_two_weeks': 0, 'playtime_at_review': 15664, 'last_played': 1760045074}",portuguese,"O jogo é muito bom, recomendo jogar.",1756150590,1756150590,True,0,0,0.5,0,True,False,False,False
202605094,"{'steamid': '76561198261160146', 'num_games_owned': 279, 'num_reviews': 4, 'playtime_forever': 22903, 'playtime_last_two_weeks': 56, 'playtime_at_review': 22840, 'last_played': 1761652568}",portuguese,legal,1755806435,1755806435,True,0,0,0.5,0,True,False,False,False
202545471,"{'steamid': '76561199886559101', 'num_games_owned': 0, 'num_reviews': 1, 'playtime_forever': 13770, 'playtime_last_two_weeks': 1172, 'playtime_at_review': 1634, 'last_played': 1762123747}",portuguese,adoro,1755724380,1755724380,True,0,0,0.5,0,True,False,False,False
202541771,"{'steamid': '76561197962296946', 'num_games_owned': 160, 'num_reviews': 26, 'playtime_forever': 439, 'playtime_last_two_weeks': 0, 'playtime_at_review': 439, 'last_played': 1755649569}",portuguese,This game is a work of art!,1755719970,1755719970,True,0,0,0.5,0,True,False,False,False
202534820,"{'steamid': '76561198201966922', 'num_games_owned': 34, 'num_reviews': 7, 'playtime_forever': 7013, 'playtime_last_two_weeks': 0, 'playtime_at_review': 6404, 'last_played': 1757198704}",portuguese,banger,1755712409,1755712409,True,0,0,0.5,0,True,False,False,False
202460791,"{'steamid': '76561198802762089', 'num_games_owned': 88, 'num_reviews': 35, 'playtime_forever': 1987, 'playtime_last_two_weeks': 0, 'playtime_at_review': 1965, 'last_played': 1755807861}",portuguese,10/10 game,1755617536,1755617536,True,0,0,0.5,0,True,False,False,False
202402218,"{'steamid': '76561199243176552', 'num_games_owned': 0, 'num_reviews': 2, 'playtime_forever': 17294, 'playtime_last_two_weeks': 0, 'playtime_at_review': 9223, 'last_played': 1759682636}",portuguese,.,1755537058,1755537058,True,0,0,0.5,0,True,False,False,False
201993399,"{'steamid': '76561198968019266', 'num_games_owned': 0, 'num_reviews': 1, 'playtime_forever': 22399, 'playtime_last_two_weeks': 0, 'playtime_at_review': 18651, 'last_played': 1756429912}",portuguese,jogo perfeito,1755022552,1755022552,True,0,0,0.5,0,True,False,False,False
201889575,"{'steamid': '76561199343676180', 'num_games_owned': 0, 'num_reviews': 2, 'playtime_forever': 5260, 'playtime_last_two_weeks': 0, 'playtime_at_review': 3561, 'last_played': 1757288917}",portuguese,"jogo bom demais, ótimo para passar o tempo, não jogava um jogo durante tantas horas faz alguns anos",1754887486,1754887486,True,1,0,0.5,0,True,False,False,False
201879389,"{'steamid': '76561199521590328', 'num_games_owned': 0, 'num_reviews': 1, 'playtime_forever': 8177, 'playtime_last_two_weeks': 0, 'playtime_at_review': 3504, 'last_played': 1758313026}",portuguese,Melhor jogo que eu ja joguei na minha vida inteira,1754871477,1754871477,True,1,0,0.523809552192687988,0,True,False,False,False
201736229,"{'steamid': '76561199093485755', 'num_games_owned': 0, 'num_reviews': 4, 'playtime_forever': 10167, 'playtime_last_two_weeks': 0, 'playtime_at_review': 9970, 'last_played': 1754876833}",portuguese,"Jogo bom, divertido, ótimo passatempo e ritmo dinâmico. Ajuda na disciplina, mas não consigo pegar mulher casada. Exijo reembolso.",1754694792,1754694792,True,1,0,0.5,0,True,False,False,False
201566939,"{'steamid': '76561199584043849', 'num_games_owned': 32, 'num_reviews': 1, 'playtime_forever': 73731, 'playtime_last_two_weeks': 0, 'playtime_at_review': 73718, 'last_played': 1756131964}",portuguese,"É fácil de jogar, muito envolvente e relaxante. Começamos a jogar e, quando damos por isso, passaram-se horas. A banda sonora, os gráficos e o ambiente do jogo são perfeitos. É o tipo de jogo que nos prende de forma leve e agradável. Simplesmente viciante e especial.",1754484089,1754484089,True,0,0,0.5,0,True,False,False,False
201473957,"{'steamid': '76561199198574384', 'num_games_owned': 14, 'num_reviews': 2, 'playtime_forever': 882, 'playtime_last_two_weeks': 0, 'playtime_at_review': 643, 'last_played': 1760484868}",portuguese,Esse Jogo É Muito Bom Recomendo Muito !!!!,1754359108,1754359108,True,0,0,0.5,0,True,False,False,False
201010416,"{'steamid': '76561199754151072', 'num_games_owned': 0, 'num_reviews': 8, 'playtime_forever': 5007, 'playtime_last_two_weeks': 43, 'playtime_at_review': 2944, 'last_played': 1761387194}",portuguese,"Uma delicia simplesmente. jogava pirata mas comprei, infelizmente 1.6 ainda não deixa casar com a robin😭",1753814334,1753814334,True,0,1,0.5,0,True,False,False,False
200885340,"{'steamid': '76561199662252140', 'num_games_owned': 22, 'num_reviews': 2, 'playtime_forever': 2489, 'playtime_last_two_weeks': 0, 'playtime_at_review': 2479, 'last_played': 1760053277}",portuguese,"Comprei o jogo. Abri o jogo. Criei minha fazenda e meu personagem. Fiz um grande progresso. Vejo a carpinteira e me decido casar com ela. Junto recursos corro atras de tudo. peço ela em casamento. Sou rejeitado. Aprendo a pior lição desse jogo, não da para pegar as casadas. 10/10 comprem, bom pra cacete",1753669819,1753669819,True,0,2,0.5,0,True,False,False,False
200790953,"{'steamid': '76561199228647345', 'num_games_owned': 61, 'num_reviews': 10, 'playtime_forever': 8831, 'playtime_last_two_weeks': 0, 'playtime_at_review': 7661, 'last_played': 1760394547}",portuguese,Best game ever.,1753568666,1753568666,True,0,0,0.5,0,True,False,False,False
200776183,"{'steamid': '76561199867513704', 'num_games_owned': 0, 'num_reviews': 1, 'playtime_forever': 484, 'playtime_last_two_weeks': 0, 'playtime_at_review': 98, 'last_played': 1756237581}",portuguese,"Played this while listening to red dead redemption 2 Building House theme, amazing experience.",1753553617,1753553617,True,0,0,0.5,0,True,False,False,False
200596656,"{'steamid': '76561199873682753', 'num_games_owned': 0, 'num_reviews': 2, 'playtime_forever': 4375, 'playtime_last_two_weeks': 423, 'playtime_at_review': 1859, 'last_played': 1762115803}",portuguese,Melhor jogo de pixel,1753382940,1753382940,True,0,0,0.5,0,True,False,False,False
200418209,"{'steamid': '76561198347614132', 'num_games_owned': 146, 'num_reviews': 31, 'playtime_forever': 16938, 'playtime_last_two_weeks': 0, 'playtime_at_review': 3944, 'last_played': 1756084248}",portuguese,"Achava que era simulador de pesca e plantar batata, esse jogo é mt maluco vsf, 10/10",1753249419,1753249419,True,0,0,0.5,0,True,False,False,False
200392697,"{'steamid': '76561199142944913', 'num_games_owned': 16, 'num_reviews': 6, 'playtime_forever': 3881, 'playtime_last_two_weeks': 0, 'playtime_at_review': 2077, 'last_played': 1753731890}",portuguese,absolute cinema,1753214284,1753214284,True,0,0,0.5,0,True,False,False,False
200326751,"{'steamid': '76561198025645421', 'num_games_owned': 0, 'num_reviews': 31, 'playtime_forever': 6927, 'playtime_last_two_weeks': 0, 'playtime_at_review': 6920, 'last_played': 1753179749}",portuguese,,1753129952,1753129952,True,0,0,0.5,0,True,False,False,False
200321996,"{'steamid': '76561199564499397', 'num_games_owned': 0, 'num_reviews': 1, 'playtime_forever': 16480, 'playtime_last_two_weeks': 0, 'playtime_at_review': 16395, 'last_played': 1760894740}",portuguese,"10/10 game!!
it's the coziest game ever and i hope everyone can like it :) <33",1753124937,1753124937,True,0,0,0.5,0,True,False,False,False
200235929,"{'steamid': '76561199230495218', 'num_games_owned': 0, 'num_reviews': 1, 'playtime_forever': 18594, 'playtime_last_two_weeks': 0, 'playtime_at_review': 12813, 'last_played': 1757864120}",portuguese,i just love lil farming games that consume my soul in the best way possible.,1753022823,1753022823,True,0,0,0.5,0,True,False,False,False
199940340,"{'steamid': '76561199698365672', 'num_games_owned': 0, 'num_reviews': 1, 'playtime_forever': 16250, 'playtime_last_two_weeks': 0, 'playtime_at_review': 9892, 'last_played': 1754666528}",portuguese,I LOVE this game so much! So cozy and chill yet challenging. Just perfect....,1752676094,1752676094,True,0,0,0.5,0,True,False,False,False
199938265,"{'steamid': '76561199701370324', 'num_games_owned': 0, 'num_reviews': 3, 'playtime_forever': 4500, 'playtime_last_two_weeks': 4, 'playtime_at_review': 4421, 'last_played': 1761755961}",portuguese,"Muito viciante no bom sentido horas de gameplay muito boa e combate e modo multijogador bem feito 10/10
😁",1752674124,1752674124,True,0,0,0.5,0,True,False,False,False
199775402,"{'steamid': '76561199239452088', 'num_games_owned': 0, 'num_reviews': 2, 'playtime_forever': 7414, 'playtime_last_two_weeks': 0, 'playtime_at_review': 4279, 'last_played': 1756836933}",portuguese,Muito chill 10/10,1752490079,1752490079,True,0,0,0.5,0,True,False,False,False
199707468,"{'steamid': '76561199137278041', 'num_games_owned': 0, 'num_reviews': 1, 'playtime_forever': 3902, 'playtime_last_two_weeks': 0, 'playtime_at_review': 3899, 'last_played': 1754603234}",portuguese,"really like that the game mixes your casual play with a bit of a grind and combat, really good game tbh.",1752413017,1752413017,True,0,0,0.5,0,True,False,False,False
199532974,"{'steamid': '76561198151853476', 'num_games_owned': 0, 'num_reviews': 6, 'playtime_forever': 4839, 'playtime_last_two_weeks': 0, 'playtime_at_review': 4839, 'last_played': 1752237453}",portuguese,10/10,1752237861,1752237861,True,1,0,0.523809552192687988,0,True,False,False,False
199524984,"{'steamid': '76561198871717625', 'num_games_owned': 36, 'num_reviews': 2, 'playtime_forever': 16760, 'playtime_last_two_weeks': 91, 'playtime_at_review': 13644, 'last_played': 1762208609}",portuguese,"Love this game, recommend 10/10",1752228971,1752228971,True,0,0,0.5,0,True,False,False,False
199405325,"{'steamid': '76561199126465467', 'num_games_owned': 0, 'num_reviews': 3, 'playtime_forever': 2096, 'playtime_last_two_weeks': 0, 'playtime_at_review': 2096, 'last_played': 1743677635}",portuguese,haley.,1752099291,1752099291,True,0,0,0.5,0,True,False,False,False
199364001,"{'steamid': '76561197991966720', 'num_games_owned': 259, 'num_reviews': 8, 'playtime_forever': 31313, 'playtime_last_two_weeks': 0, 'playtime_at_review': 31313, 'last_played': 1730742974}",portuguese,"I first got the game because someone said it was chill like Terraria, 
Little did I knew it would lead me into an unexpected adventure. And it did not just start with the gameplay, but when I learned the origin story of the game.

Stardew Valley is a love story, an unreachable dream of a solo developer, that was carried away by his hard working wife that inspired, supported and bellieved in him.

Stardew Valley is not just a game, It's a love statement.
It's about an inspired man mastering his own mind, and surpassing anything.
It's about a community that gives back to the ones that deserve, 
and I am proud of you all!
🧡🧡🧡
",1752062778,1752062778,True,0,0,0.5,0,True,False,False,False
199363238,"{'steamid': '76561198142573973', 'num_games_owned': 0, 'num_reviews': 20, 'playtime_forever': 5181, 'playtime_last_two_weeks': 0, 'playtime_at_review': 5181, 'last_played': 1752955478}",portuguese,"One of the best games I've ever playd, Concerned ape you're a genius.",1752062014,1754998899,True,0,0,0.5,0,True,False,False,False
199297336,"{'steamid': '76561199227741403', 'num_games_owned': 49, 'num_reviews': 15, 'playtime_forever': 2310, 'playtime_last_two_weeks': 0, 'playtime_at_review': 1969, 'last_played': 1756505112}",portuguese,"Planta, Colhe, Planta, Colhe, Planta, Colhe...

Perfeito",1751991269,1751991269,True,0,0,0.5,0,True,False,False,False
199132763,"{'steamid': '76561198978788089', 'num_games_owned': 0, 'num_reviews': 1, 'playtime_forever': 12326, 'playtime_last_two_weeks': 0, 'playtime_at_review': 11038, 'last_played': 1755555887}",portuguese,yes,1751825575,1751825575,True,0,0,0.5,0,True,False,False,False
199072509,"{'steamid': '76561198992178408', 'num_games_owned': 0, 'num_reviews': 15, 'playtime_forever': 25846, 'playtime_last_two_weeks': 0, 'playtime_at_review': 25846, 'last_played': 1748210529}",portuguese,bom,1751771204,1751771204,True,0,0,0.5,0,True,False,False,False
199022536,"{'steamid': '76561198357058026', 'num_games_owned': 0, 'num_reviews': 18, 'playtime_forever': 390, 'playtime_last_two_weeks': 0, 'playtime_at_review': 299, 'last_played': 1760044401}",portuguese,tome meu dinheiro,1751726728,1751726728,True,0,0,0.5,0,True,False,False,False
198967975,"{'steamid': '76561199849302293', 'num_games_owned': 0, 'num_reviews': 1, 'playtime_forever': 763, 'playtime_last_two_weeks': 0, 'playtime_at_review': 497, 'last_played': 1751756326}",portuguese,I've been loving this game!,1751669203,1751669203,True,0,0,0.5,0,True,False,False,False
198961858,"{'steamid': '76561198077144333', 'num_games_owned': 41, 'num_reviews': 4, 'playtime_forever': 789, 'playtime_last_two_weeks': 0, 'playtime_at_review': 649, 'last_played': 1751753657}",portuguese,Bom para quem quer jogar mais chill,1751663499,1751663499,True,0,0,0.5,0,True,False,False,False
198872180,"{'steamid': '76561198977701314', 'num_games_owned': 0, 'num_reviews': 2, 'playtime_forever': 3945, 'playtime_last_two_weeks': 0, 'playtime_at_review': 3240, 'deck_playtime_at_review': 2786, 'last_played': 1752452555}",portuguese,very good,1751582562,1751582562,True,0,0,0.5,0,True,False,False,True
198868630,"{'steamid': '76561199806506605', 'num_games_owned': 0, 'num_reviews': 1, 'playtime_forever': 7461, 'playtime_last_two_weeks': 532, 'playtime_at_review': 985, 'last_played': 1762099050}",portuguese,"jogo mais q perfeito, principalmente para relaxar",1751579240,1751579240,True,0,0,0.5,0,True,False,False,False
198779294,"{'steamid': '76561198989617239', 'num_games_owned': 96, 'num_reviews': 8, 'playtime_forever': 4900, 'playtime_last_two_weeks': 0, 'playtime_at_review': 859, 'last_played': 1760199889}",portuguese,good game,1751496608,1751496608,True,0,0,0.5,0,True,False,False,False
198565549,"{'steamid': '76561199584183190', 'num_games_owned': 0, 'num_reviews': 4, 'playtime_forever': 1097, 'playtime_last_two_weeks': 0, 'playtime_at_review': 321, 'last_played': 1760733736}",portuguese,jogo sensacional e bom pra passar o tempo,1751300186,1751300186,True,0,0,0.481283396482467651,0,True,False,False,False
198492643,"{'steamid': '76561198326948043', 'num_games_owned': 236, 'num_reviews': 89, 'playtime_forever': 1449, 'playtime_last_two_weeks': 0, 'playtime_at_review': 235, 'last_played': 1752827891}",portuguese,para distrair um pouco dos jogos normais é uma otima escolha,1751228135,1751228135,True,0,0,0.5,0,True,False,False,False
198437949,"{'steamid': '76561199830534146', 'num_games_owned': 0, 'num_reviews': 1, 'playtime_forever': 2113, 'playtime_last_two_weeks': 0, 'playtime_at_review': 642, 'last_played': 1758462070}",portuguese,o jogo é simplesmente lindo e incrivel super recomendo e é muito viciante,1751186517,1751186517,True,0,0,0.5,0,True,False,False,False
198206638,"{'steamid': '76561198855961855', 'num_games_owned': 19, 'num_reviews': 1, 'playtime_forever': 3913, 'playtime_last_two_weeks': 0, 'playtime_at_review': 3018, 'last_played': 1757551427}",portuguese,não casem com a de roxo,1750961726,1750961726,True,0,0,0.5,0,True,False,False,False
198063379,"{'steamid': '76561199795448083', 'num_games_owned': 84, 'num_reviews': 5, 'playtime_forever': 989, 'playtime_last_two_weeks': 18, 'playtime_at_review': 970, 'last_played': 1761686233}",portuguese,jogo insano demais,1750796746,1750796746,True,0,0,0.5,0,True,False,False,False
197918085,"{'steamid': '76561198382994881', 'num_games_owned': 0, 'num_reviews': 2, 'playtime_forever': 1113, 'playtime_last_two_weeks': 39, 'playtime_at_review': 619, 'last_played': 1761780833}",portuguese,É um jogo extremamente viciante e consegue entreter durante horas sem fim.,1750631739,1750631739,True,0,0,0.5,0,True,False,False,False
197888723,"{'steamid': '76561199104150700', 'num_games_owned': 0, 'num_reviews': 1, 'playtime_forever': 3292, 'playtime_last_two_weeks': 0, 'playtime_at_review': 566, 'last_played': 1755786215}",portuguese,"recomendo  imenso, tirando o facto de ser roubada por adormecer",1750606564,1750606564,True,0,0,0.5,0,True,False,False,False
197159714,"{'steamid': '76561198926784318', 'num_games_owned': 0, 'num_reviews': 1, 'playtime_forever': 5497, 'playtime_last_two_weeks': 0, 'playtime_at_review': 2822, 'last_played': 1751157182}",portuguese,"One of the best games i ever play, just love this type of pixel simulation games",1749845990,1749845990,True,0,0,0.5,0,True,False,False,False
197052215,"{'steamid': '76561199038099550', 'num_games_owned': 0, 'num_reviews': 1, 'playtime_forever': 4454, 'playtime_last_two_weeks': 0, 'playtime_at_review': 4318, 'last_played': 1760015510}",portuguese,MUITO BOM PRA JOGA COM AMIGOS Q FOFOOOOOOOOOOOO,1749739475,1749739475,True,0,0,0.5,0,True,False,False,False
196918919,"{'steamid': '76561199514942588', 'num_games_owned': 17, 'num_reviews': 18, 'playtime_forever': 1617, 'playtime_last_two_weeks': 682, 'playtime_at_review': 315, 'last_played': 1761877236}",portuguese,massa 👍,1749589350,1749589350,True,0,0,0.5,0,True,False,False,False
196738774,"{'steamid': '76561199556922563', 'num_games_owned': 0, 'num_reviews': 36, 'playtime_forever': 4992, 'playtime_last_two_weeks': 1, 'playtime_at_review': 4992, 'last_played': 1761676507}",portuguese,i luv dis geime:3,1749408087,1749408087,True,0,0,0.5,0,True,False,False,False
196161058,"{'steamid': '76561199474264453', 'num_games_owned': 0, 'num_reviews': 1, 'playtime_forever': 1584, 'playtime_last_two_weeks': 0, 'playtime_at_review': 1075, 'last_played': 1760730993}",portuguese,Jogo relaxante para se passar bem o tempo,1748787025,1748787025,True,0,0,0.5,0,True,False,False,False
196102481,"{'steamid': '76561199492499279', 'num_games_owned': 0, 'num_reviews': 1, 'playtime_forever': 1217, 'playtime_last_two_weeks': 0, 'playtime_at_review': 1119, 'last_played': 1759697185}",portuguese,"parece mau mas é bom
",1748724380,1748724380,True,0,0,0.5,0,True,False,False,False
195905574,"{'steamid': '76561199219153910', 'num_games_owned': 0, 'num_reviews': 2, 'playtime_forever': 2250, 'playtime_last_two_weeks': 0, 'playtime_at_review': 2250, 'last_played': 1748535577}",portuguese,é uma perfeição de jogo. impossível não gostar,1748535622,1748535622,True,0,0,0.5,0,True,False,False,False
195499223,"{'steamid': '76561198065228892', 'num_games_owned': 172, 'num_reviews': 15, 'playtime_forever': 1188, 'playtime_last_two_weeks': 92, 'playtime_at_review': 527, 'last_played': 1761038710}",portuguese,"Este jogo é muita bom. Para além de ser relaxante, tem uma boa história por de trás",1748033954,1748033954,True,0,0,0.5,0,True,False,False,False
195434631,"{'steamid': '76561199822351116', 'num_games_owned': 0, 'num_reviews': 1, 'playtime_forever': 229, 'playtime_last_two_weeks': 0, 'playtime_at_review': 72, 'last_played': 1748033078}",portuguese,jogo incrivel merecia e muito ter uma inteligencia artificial que faria você conversar com os bots como quiser,1747947471,1747947471,True,0,0,0.5,0,True,False,False,False
195221387,"{'steamid': '76561199472230427', 'num_games_owned': 54, 'num_reviews': 18, 'playtime_forever': 432, 'playtime_last_two_weeks': 0, 'playtime_at_review': 211, 'deck_playtime_at_review': 52, 'last_played': 1750197457}",portuguese,good,1747671389,1747671389,True,0,0,0.5,0,True,False,False,False
195091002,"{'steamid': '76561199440175652', 'num_games_owned': 0, 'num_reviews': 1, 'playtime_forever': 3302, 'playtime_last_two_weeks': 2, 'playtime_at_review': 185, 'last_played': 1761576659}",portuguese,com toda certeza um dos melhores jogos de fazenda,1747504403,1747504403,True,0,0,0.5,0,True,False,False,False
194683333,"{'steamid': '76561199273903064', 'num_games_owned': 0, 'num_reviews': 1, 'playtime_forever': 3379, 'playtime_last_two_weeks': 0, 'playtime_at_review': 2505, 'last_played': 1750008485}",portuguese,"Um jogo prazeiroso de se jogar, sempre com algo para fazer ..",1746968529,1746968529,True,0,0,0.5,0,True,False,False,False
194664036,"{'steamid': '76561199842200965', 'num_games_owned': 0, 'num_reviews': 1, 'playtime_forever': 224, 'playtime_last_two_weeks': 0, 'playtime_at_review': 17, 'last_played': 1748456817}",portuguese,bom demaise,1746946850,1746946850,True,0,0,0.5,0,True,True,False,False
194571342,"{'steamid': '76561198990194857', 'num_games_owned': 0, 'num_reviews': 7, 'playtime_forever': 16824, 'playtime_last_two_weeks': 0, 'playtime_at_review': 14109, 'last_played': 1750742635}",portuguese,O único defeito dessa praga é não poder ficar com a Caroline e a Robin,1746834759,1746834759,True,1,0,0.523809552192687988,0,True,False,False,False
194496615,"{'steamid': '76561199324480284', 'num_games_owned': 37, 'num_reviews': 2, 'playtime_forever': 61, 'playtime_last_two_weeks': 0, 'playtime_at_review': 61, 'last_played': 1682371766}",portuguese,BORING,1746736000,1746736000,False,0,0,0.458715617656707764,1,True,False,False,False
194162796,"{'steamid': '76561198368373234', 'num_games_owned': 159, 'num_reviews': 6, 'playtime_forever': 5132, 'playtime_last_two_weeks': 0, 'playtime_at_review': 4779, 'last_played': 1751375250}",portuguese,Good Game,1746310584,1746310584,True,0,0,0.481927722692489624,0,True,False,False,False
193714413,"{'steamid': '76561198114636774', 'num_games_owned': 80, 'num_reviews': 27, 'playtime_forever': 2196, 'playtime_last_two_weeks': 0, 'playtime_at_review': 2196, 'last_played': 1673147760}",portuguese,"Tenho saudades de jogar esse jogo, muito satisfatório e desafiante, ainda mais quando se joga com uma pessoa que você gosta, fica ainda mais divertido...",1745768038,1745768038,True,0,0,0.5,0,True,False,False,False
193680353,"{'steamid': '76561199095899366', 'num_games_owned': 0, 'num_reviews': 2, 'playtime_forever': 9188, 'playtime_last_two_weeks': 0, 'playtime_at_review': 9188, 'last_played': 1744589703}",portuguese,Jogasso,1745728652,1745728652,True,2,0,0.545454561710357666,0,True,False,False,False
193601723,"{'steamid': '76561199155399506', 'num_games_owned': 0, 'num_reviews': 7, 'playtime_forever': 3456, 'playtime_last_two_weeks': 0, 'playtime_at_review': 3302, 'last_played': 1760589904}",portuguese,Quero morar na roça agora,1745642908,1745642908,True,0,0,0.5,0,True,False,False,False
193543784,"{'steamid': '76561199375656153', 'num_games_owned': 21, 'num_reviews': 1, 'playtime_forever': 6682, 'playtime_last_two_weeks': 0, 'playtime_at_review': 6590, 'last_played': 1759441145}",portuguese,very lovely,1745579134,1745579134,True,1,0,0.523809552192687988,0,True,False,False,False
193444435,"{'steamid': '76561199170879725', 'num_games_owned': 0, 'num_reviews': 1, 'playtime_forever': 4202, 'playtime_last_two_weeks': 0, 'playtime_at_review': 1775, 'last_played': 1753402843}",portuguese,"Bom demais! 
",1745452325,1745452325,True,0,0,0.5,0,True,False,False,False
193434527,"{'steamid': '76561198825949683', 'num_games_owned': 85, 'num_reviews': 7, 'playtime_forever': 10674, 'playtime_last_two_weeks': 0, 'playtime_at_review': 9335, 'last_played': 1760660315}",portuguese,"Relaxante, exceto nas cavernas com um treco voador te seguindo",1745440065,1745440065,True,0,0,0.5,0,True,False,False,False
193045672,"{'steamid': '76561199741525149', 'num_games_owned': 0, 'num_reviews': 1, 'playtime_forever': 17252, 'playtime_last_two_weeks': 0, 'playtime_at_review': 12545, 'last_played': 1753557379}",portuguese,curti,1745005168,1745005168,True,0,0,0.5,0,True,False,False,False
193032951,"{'steamid': '76561199213494715', 'num_games_owned': 0, 'num_reviews': 3, 'playtime_forever': 17499, 'playtime_last_two_weeks': 0, 'playtime_at_review': 17025, 'last_played': 1760290452}",portuguese,"Joguei este jogo,sai do jogo,entrei outra vez viciei me , joguei 200 horas para depois conseguir uma casa a minha net falha e perco todo o meu progresso
melhor jogo que ja joguei (nao é ironia)",1744994499,1744994499,True,0,0,0.5,0,True,False,False,False
192970882,"{'steamid': '76561199789176536', 'num_games_owned': 0, 'num_reviews': 1, 'playtime_forever': 67, 'playtime_last_two_weeks': 0, 'playtime_at_review': 63, 'last_played': 1750623573}",portuguese,Jogo legal,1744924014,1744924014,True,1,0,0.523809552192687988,0,True,False,False,False
192801612,"{'steamid': '76561199434773704', 'num_games_owned': 17, 'num_reviews': 5, 'playtime_forever': 5073, 'playtime_last_two_weeks': 0, 'playtime_at_review': 4524, 'last_played': 1756420310}",portuguese,VIDA DOS SONHOS,1744727896,1744727896,True,0,0,0.5,0,True,False,False,False
192734625,"{'steamid': '76561198336205807', 'num_games_owned': 0, 'num_reviews': 27, 'playtime_forever': 628, 'playtime_last_two_weeks': 0, 'playtime_at_review': 628, 'last_played': 1720231711}",portuguese,trai todo mundo mesmo e quero que se foda,1744640217,1744640217,True,0,0,0.5,0,True,False,False,False
192452800,"{'steamid': '76561199778541792', 'num_games_owned': 0, 'num_reviews': 1, 'playtime_forever': 4192, 'playtime_last_two_weeks': 0, 'playtime_at_review': 1683, 'last_played': 1753291571}",portuguese,otimoo,1744314413,1744314413,True,0,0,0.5,0,True,False,False,False
192005068,"{'steamid': '76561199048585098', 'num_games_owned': 9, 'num_reviews': 2, 'playtime_forever': 18796, 'playtime_last_two_weeks': 170, 'playtime_at_review': 1447, 'last_played': 1761259181}",portuguese,nicol,1743816744,1743816744,True,0,0,0.5,0,True,False,False,False
191721036,"{'steamid': '76561198023965773', 'num_games_owned': 13, 'num_reviews': 4, 'playtime_forever': 18926, 'playtime_last_two_weeks': 316, 'playtime_at_review': 3346, 'last_played': 1762029483}",portuguese,"É um jogo que da para relaxar, e podes jogar com amigos.",1743512051,1743512051,True,0,0,0.5,0,True,False,False,False
191225880,"{'steamid': '76561198391707585', 'num_games_owned': 28, 'num_reviews': 1, 'playtime_forever': 2522, 'playtime_last_two_weeks': 0, 'playtime_at_review': 2522, 'last_played': 1718802510}",portuguese,"Minha segunda conta nesse jogo, perdi horas e horas da minha vida nisso apenas fazendo barris e vinho. Claramente um jogo feito para os portugueses deste mundo 10/10",1742998113,1742998113,True,1,0,0.523809552192687988,0,True,False,False,False
191167609,"{'steamid': '76561199808365435', 'num_games_owned': 6, 'num_reviews': 1, 'playtime_forever': 4135, 'playtime_last_two_weeks': 0, 'playtime_at_review': 1335, 'last_played': 1760872233}",portuguese,viciate,1742925568,1742925568,True,0,0,0.5,0,True,False,False,False
191138716,"{'steamid': '76561199420407705', 'num_games_owned': 0, 'num_reviews': 1, 'playtime_forever': 8064, 'playtime_last_two_weeks': 0, 'playtime_at_review': 2086, 'last_played': 1757165433}",portuguese,Muito bom,1742897109,1742897109,True,0,0,0.5,0,True,False,False,False
191078447,"{'steamid': '76561199375405935', 'num_games_owned': 0, 'num_reviews': 13, 'playtime_forever': 1016, 'playtime_last_two_weeks': 0, 'playtime_at_review': 1008, 'last_played': 1742991591}",portuguese,Eu queria casar me com a Caroline mas vcs n deixam ( n gostam das minha prendas( carvão e pedras)) e uma colega minha quer se casar com Feiticeiro.,1742829452,1742829452,True,0,0,0.5,0,True,False,False,False
190986000,"{'steamid': '76561198829265097', 'num_games_owned': 0, 'num_reviews': 1, 'playtime_forever': 10151, 'playtime_last_two_weeks': 0, 'playtime_at_review': 10009, 'last_played': 1742748287}",portuguese,"bom jogo para jogar com amigos
",1742735555,1742735555,True,0,0,0.5,0,True,False,False,False
190664641,"{'steamid': '76561199244381790', 'num_games_owned': 0, 'num_reviews': 12, 'playtime_forever': 366, 'playtime_last_two_weeks': 0, 'playtime_at_review': 365, 'last_played': 1742425673}",portuguese,fazenda fodastica,1742425210,1742425210,True,0,0,0.5,0,True,False,False,False
190200579,"{'steamid': '76561198310393566', 'num_games_owned': 0, 'num_reviews': 1, 'playtime_forever': 392714, 'playtime_last_two_weeks': 3729, 'playtime_at_review': 333534, 'last_played': 1762211119}",portuguese,"I want to pay for DLCs.
Shut up and take my money!",1741987489,1741987489,True,0,0,0.5,0,True,False,False,False
190052489,"{'steamid': '76561199095200873', 'num_games_owned': 39, 'num_reviews': 4, 'playtime_forever': 9171, 'playtime_last_two_weeks': 0, 'playtime_at_review': 6042, 'last_played': 1758869320}",portuguese,Jogo bom pra relaxar,1741820423,1741820423,True,0,0,0.5,0,True,False,False,False
189823132,"{'steamid': '76561199056653717', 'num_games_owned': 0, 'num_reviews': 1, 'playtime_forever': 9120, 'playtime_last_two_weeks': 0, 'playtime_at_review': 379, 'last_played': 1757208334}",portuguese,"Não tem jeito, o jogo mais cozy de todos os tempos",1741553979,1741553979,True,0,0,0.5,0,True,False,False,False
189718535,"{'steamid': '76561198003989484', 'num_games_owned': 0, 'num_reviews': 15, 'playtime_forever': 935, 'playtime_last_two_weeks': 0, 'playtime_at_review': 876, 'last_played': 1749598432}",portuguese,"Um jogo simplesmente maravilhoso!

",1741464738,1741464738,True,0,0,0.5,0,True,False,False,False
189397377,"{'steamid': '76561199099424090', 'num_games_owned': 0, 'num_reviews': 7, 'playtime_forever': 9938, 'playtime_last_two_weeks': 0, 'playtime_at_review': 9901, 'last_played': 1755993446}",portuguese,Melhor jogo possível,1741134109,1741134109,True,0,0,0.5,0,True,False,False,False
189234698,"{'steamid': '76561198844335071', 'num_games_owned': 15, 'num_reviews': 6, 'playtime_forever': 7604, 'playtime_last_two_weeks': 0, 'playtime_at_review': 3182, 'last_played': 1745720172}",portuguese,"Love this game, there's so much to do",1740972147,1740972147,True,0,0,0.5,0,True,False,False,False
189098467,"{'steamid': '76561198336851440', 'num_games_owned': 0, 'num_reviews': 14, 'playtime_forever': 391, 'playtime_last_two_weeks': 0, 'playtime_at_review': 377, 'last_played': 1748372896}",portuguese,B O M,1740859868,1740859868,True,0,0,0.5,0,True,False,False,False
188999805,"{'steamid': '76561199682359135', 'num_games_owned': 0, 'num_reviews': 1, 'playtime_forever': 2835, 'playtime_last_two_weeks': 0, 'playtime_at_review': 2163, 'last_played': 1759443857}",portuguese,"gastei mais de 10 horas nas cavernas e a haley e uma fdp mas de resto e td bom
",1740783542,1740783542,True,0,0,0.495495498180389404,0,True,False,False,False
188748015,"{'steamid': '76561198148413854', 'num_games_owned': 100, 'num_reviews': 21, 'playtime_forever': 2002, 'playtime_last_two_weeks': 0, 'playtime_at_review': 1927, 'last_played': 1751386996}",portuguese,ok,1740511739,1740511739,True,0,0,0.5,0,True,False,False,False
188569453,"{'steamid': '76561198929994653', 'num_games_owned': 0, 'num_reviews': 18, 'playtime_forever': 3986, 'playtime_last_two_weeks': 0, 'playtime_at_review': 1461, 'last_played': 1754963099}",portuguese,A very cool and fun videogame,1740308030,1740308030,True,0,0,0.5,0,True,False,False,False
188514675,"{'steamid': '76561199643769689', 'num_games_owned': 3, 'num_reviews': 1, 'playtime_forever': 1461, 'playtime_last_two_weeks': 0, 'playtime_at_review': 618, 'last_played': 1757290912}",portuguese,"incrivel
",1740247587,1740247587,True,0,0,0.5,0,True,True,False,False
188036053,"{'steamid': '76561199625364635', 'num_games_owned': 0, 'num_reviews': 9, 'playtime_forever': 2336, 'playtime_last_two_weeks': 0, 'playtime_at_review': 1777, 'last_played': 1744818577}",portuguese,"Bem bom mas se parares de jogar n tem volta, vais ter iniciar outro safe, pq se parares por mt tempo fica chato e n sabes o q fazer.",1739704513,1739704513,True,0,0,0.495495498180389404,0,True,False,False,False
187969621,"{'steamid': '76561199140910715', 'num_games_owned': 0, 'num_reviews': 2, 'playtime_forever': 37941, 'playtime_last_two_weeks': 0, 'playtime_at_review': 37824, 'last_played': 1755130379}",portuguese,"Adorei o jogo.Muito relaxante.
",1739633981,1739633981,True,0,0,0.495495498180389404,0,True,False,False,False
187963727,"{'steamid': '76561198120395938', 'num_games_owned': 0, 'num_reviews': 1, 'playtime_forever': 4170, 'playtime_last_two_weeks': 303, 'playtime_at_review': 2883, 'last_played': 1762016183}",portuguese,"Super fun, relaxing and a blast if you have a group of friends to play with! It's been my go-to cozy game since last year and I can't get tired of it!",1739628884,1739628884,True,0,0,0.495495498180389404,0,True,False,False,False
187741918,"{'steamid': '76561198379764059', 'num_games_owned': 25, 'num_reviews': 1, 'playtime_forever': 26987, 'playtime_last_two_weeks': 0, 'playtime_at_review': 25967, 'last_played': 1756205036}",portuguese,"Melhor jogo de sempre
Além de ganhar dinheiro a vender lixo alguém gosta de mim.",1739333947,1739333947,True,2,1,0.52173912525177002,0,True,False,False,False
187522189,"{'steamid': '76561199144835212', 'num_games_owned': 0, 'num_reviews': 1, 'playtime_forever': 3099, 'playtime_last_two_weeks': 106, 'playtime_at_review': 2507, 'last_played': 1761440042}",portuguese,muiyo bom,1739073691,1739073691,True,0,0,0.5,0,True,False,False,False
187493904,"{'steamid': '76561199166745016', 'num_games_owned': 157, 'num_reviews': 33, 'playtime_forever': 2317, 'playtime_last_two_weeks': 0, 'playtime_at_review': 334, 'last_played': 1753917676}",portuguese,"sim, eu acho muito fixe e eu recomendo a todas as pessoas do universo que gostam de ser fazendeiros e agricultores, parabéns aos criadores deste jogo por fazerem uma obra de arte tão bonita. Obrigado muito mesmo, parabéns para os criadores deste jogo vocês mudaram minha perspectiva de ser um fazendeiro, obrigado, mesmo muito.",1739043832,1739043832,True,1,0,0.519313335418701172,1,True,False,False,False
187340627,"{'steamid': '76561199159757792', 'num_games_owned': 0, 'num_reviews': 6, 'playtime_forever': 10857, 'playtime_last_two_weeks': 147, 'playtime_at_review': 7750, 'last_played': 1761522110}",portuguese,Minha vida no jogo é melhor do que a vida real. Sou feliz e rica agora.,1738887190,1738887190,True,0,0,0.495495498180389404,0,True,False,False,False
187263513,"{'steamid': '76561198810232606', 'num_games_owned': 122, 'num_reviews': 35, 'playtime_forever': 2934, 'playtime_last_two_weeks': 0, 'playtime_at_review': 2687, 'last_played': 1739243151}",portuguese,ye,1738806866,1738806866,True,0,0,0.5,0,True,False,False,False
187262492,"{'steamid': '76561199070858661', 'num_games_owned': 19, 'num_reviews': 1, 'playtime_forever': 6652, 'playtime_last_two_weeks': 0, 'playtime_at_review': 5958, 'last_played': 1752026272}",portuguese,"fico mais preocupado em trabalhar aqui do que no emprego de vdd, vc foge das amarras do capitalismo pra fazer tudo pelos outros e trabalhar o triplo que trabalhava na cidade, absurdo de bom nota dez",1738805497,1738805497,True,0,0,0.495495498180389404,0,True,False,False,False
187179104,"{'steamid': '76561199468993468', 'num_games_owned': 0, 'num_reviews': 1, 'playtime_forever': 248, 'playtime_last_two_weeks': 0, 'playtime_at_review': 236, 'last_played': 1738711542}",portuguese,"fazenda, pesca, riqueza(sinto um vazio no meu peito e passo horas pensando no pq nada faz sentido)",1738707262,1738707262,True,0,0,0.495495498180389404,0,True,False,False,False
187110475,"{'steamid': '76561199121076868', 'num_games_owned': 8, 'num_reviews': 1, 'playtime_forever': 6499, 'playtime_last_two_weeks': 0, 'playtime_at_review': 5479, 'last_played': 1748293168}",portuguese,foda,1738627584,1738627584,True,0,0,0.5,0,True,False,False,False
186815732,"{'steamid': '76561199037975522', 'num_games_owned': 0, 'num_reviews': 16, 'playtime_forever': 9153, 'playtime_last_two_weeks': 0, 'playtime_at_review': 9153, 'last_played': 1711306012}",portuguese,Jogo muito bom. Infelizmente não dá para andar com mulheres casadas.,1738323805,1738323805,True,0,0,0.5,0,True,False,False,False
186767728,"{'steamid': '76561199579484207', 'num_games_owned': 6, 'num_reviews': 2, 'playtime_forever': 2981, 'playtime_last_two_weeks': 0, 'playtime_at_review': 968, 'last_played': 1756316595}",portuguese,jogo muito bom recomendo jogar para quem nao tem vida social,1738265173,1738265173,True,0,0,0.5,0,True,False,False,False
186697319,"{'steamid': '76561199547843824', 'num_games_owned': 0, 'num_reviews': 3, 'playtime_forever': 7791, 'playtime_last_two_weeks': 0, 'playtime_at_review': 6344, 'last_played': 1739910988}",portuguese,é bão,1738179676,1738179676,True,0,0,0.5,0,True,False,False,False
186639643,"{'steamid': '76561199559303968', 'num_games_owned': 0, 'num_reviews': 1, 'playtime_forever': 7426, 'playtime_last_two_weeks': 0, 'playtime_at_review': 2296, 'last_played': 1754677092}",portuguese,o jogo é muito divertido e estimula uma vida autonoma e cheia de disciplina para o futuro,1738108223,1738108223,True,0,0,0.5,0,True,False,False,False
186635470,"{'steamid': '76561198803156295', 'num_games_owned': 25, 'num_reviews': 6, 'playtime_forever': 7502, 'playtime_last_two_weeks': 0, 'playtime_at_review': 5358, 'last_played': 1756943203}",portuguese,Best game ever to relax,1738103271,1738103271,True,0,0,0.5,0,True,False,False,False
186546155,"{'steamid': '76561199016145924', 'num_games_owned': 0, 'num_reviews': 2, 'playtime_forever': 4940, 'playtime_last_two_weeks': 0, 'playtime_at_review': 2503, 'last_played': 1760014888}",portuguese,gostoso,1737998323,1737998323,True,0,0,0.5,0,True,False,False,False
186422058,"{'steamid': '76561198450301803', 'num_games_owned': 65, 'num_reviews': 1, 'playtime_forever': 5126, 'playtime_last_two_weeks': 0, 'playtime_at_review': 936, 'last_played': 1759004455}",portuguese,Muito bom,1737858234,1737858234,True,0,0,0.5,0,True,False,False,False
186313880,"{'steamid': '76561198309390666', 'num_games_owned': 62, 'num_reviews': 7, 'playtime_forever': 9526, 'playtime_last_two_weeks': 0, 'playtime_at_review': 1264, 'last_played': 1753816022}",portuguese,"Stardew Valley is an easy going RPG game that's very relaxing and fun. I'm not very into farming-like games but it made me curious, specially because of the cute pixelated style and funny hidden gems it has to offer.
After playing it for 20h+ (even thought im literally just in the first year) I think stardew valley is a very cool game that I will definately keep playing. Here's a resumed list of the main things I would like to enhance from it (incase you're curious and wanna try it out:)
-Cute farming and mining experiences
-Nice exploration content 
-NPC Character development, including funny and dramatic scenes
-Ur able to PLATONICALLY marry the sewers man
-goofy mouse that sells hats
-Wizard with a hard divorce
-Many unlockable areas with secret and valueable trinkets
-Tools do not break!! (yiippeeers)
-Game makes u have a slightly ok bedtime (2 am)
-Cute in-game npc interactable events and fairs
-LOTS of secrets and easter eggs
-very adorable little joyful apple creatures 
-JUNIMO PLUSHIE
-Neverending content
-A nice amount of diverse furniture

Overall, its a pretty easy going game that keeps u attached for a long time, and that u can always come back to anytime. :)",1737744228,1737744228,True,1,0,0.523809552192687988,0,True,False,False,False
186119697,"{'steamid': '76561198865269117', 'num_games_owned': 23, 'num_reviews': 5, 'playtime_forever': 49958, 'playtime_last_two_weeks': 0, 'playtime_at_review': 49649, 'last_played': 1757401136}",portuguese,to MILIONARIO mermaooooo,1737504361,1737504361,True,0,1,0.5,0,True,False,False,False
186118723,"{'steamid': '76561199280171860', 'num_games_owned': 6, 'num_reviews': 6, 'playtime_forever': 488, 'playtime_last_two_weeks': 0, 'playtime_at_review': 282, 'last_played': 1747698152}",portuguese,Esse jogo é muito bom. Muito viciante também! A forma em que interagimos com os personagens também é boa!,1737503018,1737503018,True,0,0,0.5,0,True,False,False,False
186093144,"{'steamid': '76561199436276935', 'num_games_owned': 0, 'num_reviews': 2, 'playtime_forever': 1781, 'playtime_last_two_weeks': 0, 'playtime_at_review': 991, 'last_played': 1752462979}",portuguese,"Ótimo jogo, passa horas jogando fácil!!",1737475207,1737475207,True,0,0,0.5,0,True,False,False,False
185666223,"{'steamid': '76561199436822447', 'num_games_owned': 2, 'num_reviews': 1, 'playtime_forever': 3110, 'playtime_last_two_weeks': 0, 'playtime_at_review': 1896, 'last_played': 1748579963}",portuguese,esse jogo mudou minha vida EU TE AMO SHANE,1736970436,1736970436,True,1,0,0.523809552192687988,0,True,False,False,False
185603103,"{'steamid': '76561199147930117', 'num_games_owned': 0, 'num_reviews': 2, 'playtime_forever': 11663, 'playtime_last_two_weeks': 0, 'playtime_at_review': 5086, 'last_played': 1738848728}",portuguese,Simplesmente perfeito!,1736887644,1736887644,True,1,0,0.523809552192687988,0,True,False,False,False
185592639,"{'steamid': '76561199116393627', 'num_games_owned': 61, 'num_reviews': 4, 'playtime_forever': 8764, 'playtime_last_two_weeks': 0, 'playtime_at_review': 5128, 'last_played': 1758992412}",portuguese,Jogo perfeito para relaxar,1736876752,1736876752,True,2,0,0.545454561710357666,0,True,False,False,False
185547293,"{'steamid': '76561198408388703', 'num_games_owned': 53, 'num_reviews': 4, 'playtime_forever': 12184, 'playtime_last_two_weeks': 0, 'playtime_at_review': 7086, 'last_played': 1758463656}",portuguese,"Joga, na boa.",1736817018,1750645217,True,0,0,0.5,0,True,False,False,False
185294981,"{'steamid': '76561199350013384', 'num_games_owned': 0, 'num_reviews': 1, 'playtime_forever': 11417, 'playtime_last_two_weeks': 0, 'playtime_at_review': 7879, 'last_played': 1760347354}",portuguese,"Super cozy and relaxing game. No vast tutorial, but the mechanics are easy to understand. Would buy over and over again if needed.
New fav game, for sure.",1736546519,1736546519,True,0,0,0.5,0,True,False,False,False
185271009,"{'steamid': '76561198177249985', 'num_games_owned': 292, 'num_reviews': 61, 'playtime_forever': 468, 'playtime_last_two_weeks': 0, 'playtime_at_review': 436, 'last_played': 1760887887}",portuguese,Jogo feito com carinho.,1736526992,1736526992,True,0,0,0.5,0,True,False,False,False
185190228,"{'steamid': '76561199102718789', 'num_games_owned': 20, 'num_reviews': 1, 'playtime_forever': 3520, 'playtime_last_two_weeks': 0, 'playtime_at_review': 3417, 'last_played': 1756240686}",portuguese,bom jogo,1736437990,1736437990,True,0,0,0.5,0,True,False,False,False
185184911,"{'steamid': '76561199536050134', 'num_games_owned': 0, 'num_reviews': 9, 'playtime_forever': 7579, 'playtime_last_two_weeks': 0, 'playtime_at_review': 2503, 'last_played': 1759082330}",portuguese,é bom até eu gostei muito do jogo e tenho a certeza que vou ter mais horas de jogo por a frente,1736432759,1736432759,True,0,0,0.5,0,True,False,False,False
185155672,"{'steamid': '76561198328296243', 'num_games_owned': 35, 'num_reviews': 3, 'playtime_forever': 5551, 'playtime_last_two_weeks': 0, 'playtime_at_review': 4266, 'last_played': 1757184562}",portuguese,muito top vale muito,1736392479,1736392479,True,0,0,0.5,0,True,False,False,False
184977149,"{'steamid': '76561199161782562', 'num_games_owned': 0, 'num_reviews': 4, 'playtime_forever': 8020, 'playtime_last_two_weeks': 0, 'playtime_at_review': 1397, 'last_played': 1757201707}",portuguese,e bao so,1736209157,1736209157,True,0,0,0.5,0,True,False,False,False
184958583,"{'steamid': '76561199751182178', 'num_games_owned': 0, 'num_reviews': 1, 'playtime_forever': 15532, 'playtime_last_two_weeks': 0, 'playtime_at_review': 9466, 'last_played': 1756678802}",portuguese,muito bom adoro cuidar da minha fazendinha :))),1736193155,1736193155,True,0,0,0.5,0,True,False,False,False
184874640,"{'steamid': '76561198206565424', 'num_games_owned': 63, 'num_reviews': 18, 'playtime_forever': 6024, 'playtime_last_two_weeks': 0, 'playtime_at_review': 4558, 'last_played': 1758124569}",portuguese,cool,1736113097,1736113097,True,0,0,0.5,0,True,False,False,False
184704688,"{'steamid': '76561198450164435', 'num_games_owned': 24, 'num_reviews': 4, 'playtime_forever': 19160, 'playtime_last_two_weeks': 0, 'playtime_at_review': 18867, 'last_played': 1751401357}",portuguese,"Melhor jogo de farm que já joguei! Linda identidade visual, ótimas mecânicas de minigames e personagens perfeitos! PS: te amo Leah",1735962766,1735962766,True,0,0,0.5,0,True,False,False,False
184699663,"{'steamid': '76561198831974548', 'num_games_owned': 0, 'num_reviews': 3, 'playtime_forever': 20425, 'playtime_last_two_weeks': 0, 'playtime_at_review': 20417, 'last_played': 1750988580}",portuguese,EU QUERO VIVER NESTE JOGO,1735957623,1735957623,True,1,0,0.523809552192687988,0,True,False,False,False
184674600,"{'steamid': '76561199373279108', 'num_games_owned': 321, 'num_reviews': 3, 'playtime_forever': 120, 'playtime_last_two_weeks': 0, 'playtime_at_review': 120, 'last_played': 1732124300}",portuguese,"Just take my money, im going to close my eyes, take it now.
 Do it faster.
Totally worth it.",1735935622,1735935622,True,0,0,0.5,0,True,False,False,False
184655001,"{'steamid': '76561198209440733', 'num_games_owned': 180, 'num_reviews': 13, 'playtime_forever': 3820, 'playtime_last_two_weeks': 0, 'playtime_at_review': 1497, 'last_played': 1739070628}",portuguese,viciante,1735921345,1735921345,True,0,0,0.5,0,True,False,False,False
184555650,"{'steamid': '76561199002118803', 'num_games_owned': 0, 'num_reviews': 23, 'playtime_forever': 5531, 'playtime_last_two_weeks': 0, 'playtime_at_review': 5521, 'last_played': 1753224436}",portuguese,"adoro esse jogo, facilmente um dos melhores que já joguei, excepcional, a gameplay, os personagens são muito bem construídos na história de cada um, as mecânicas, como organizar a fazenda, as estações, tudo nesse jogo é muito bom, se você gosta de jogos com exploração, cuidar, de fazendinha obvio kekwkewke, pode comprar sem medo, eu que nem gostava muito do gênero amei o jogo, imagina se você gosta, vai babar no game",1735843500,1735843500,True,0,0,0.5,0,True,False,False,False
184424688,"{'steamid': '76561199588531321', 'num_games_owned': 0, 'num_reviews': 1, 'playtime_forever': 937, 'playtime_last_two_weeks': 0, 'playtime_at_review': 287, 'last_played': 1742682027}",portuguese,"Bom jogo, bastante divertido",1735734809,1735734809,True,1,0,0.523809552192687988,0,True,False,False,False
184416759,"{'steamid': '76561199564907473', 'num_games_owned': 0, 'num_reviews': 1, 'playtime_forever': 12978, 'playtime_last_two_weeks': 0, 'playtime_at_review': 6212, 'last_played': 1760202539}",portuguese,MELHOR JOGO DE SEMPRE,1735727590,1735727590,True,0,0,0.5,0,True,False,False,False
184371085,"{'steamid': '76561199538455275', 'num_games_owned': 14, 'num_reviews': 4, 'playtime_forever': 3369, 'playtime_last_two_weeks': 0, 'playtime_at_review': 3300, 'last_played': 1752776162}",portuguese,"meu avô me deu fazenda podre reformei ela e fiz um monte de capitalismo envolvendo em bebidas alcoólicas que não tinha permissão de fabricação :D 
e foi assim que montei meu império de bebidas alcoólicas. S2",1735682829,1735682829,True,0,0,0.5,0,True,False,False,False
184220496,"{'steamid': '76561199008298978', 'num_games_owned': 0, 'num_reviews': 3, 'playtime_forever': 48375, 'playtime_last_two_weeks': 0, 'playtime_at_review': 37941, 'last_played': 1758131178}",portuguese,"Melhor jogo da vida, vale a pena para quem gosta de história e de ser mais o prefeito da vila que o próprio prefeito.",1735566934,1737808100,True,0,0,0.5,0,True,False,False,False
184169769,"{'steamid': '76561199153307378', 'num_games_owned': 0, 'num_reviews': 1, 'playtime_forever': 11960, 'playtime_last_two_weeks': 0, 'playtime_at_review': 11941, 'last_played': 1757115374}",portuguese,poggers,1735518714,1735518714,True,0,0,0.5,0,True,False,False,False
184030475,"{'steamid': '76561199468527225', 'num_games_owned': 0, 'num_reviews': 2, 'playtime_forever': 451, 'playtime_last_two_weeks': 0, 'playtime_at_review': 426, 'last_played': 1736276041}",portuguese,Não dá pra pegar mulher casa 👎👎👎,1735420664,1735420664,True,0,0,0.5,0,True,False,False,False
184025331,"{'steamid': '76561199482082759', 'num_games_owned': 0, 'num_reviews': 1, 'playtime_forever': 2100, 'playtime_last_two_weeks': 0, 'playtime_at_review': 686, 'last_played': 1758319207}",portuguese,vale muito a pena é melhor ainda quando joga com alguem ksksks,1735417100,1735417100,True,0,0,0.5,0,True,False,False,False
184018639,"{'steamid': '76561199186865451', 'num_games_owned': 0, 'num_reviews': 6, 'playtime_forever': 14983, 'playtime_last_two_weeks': 0, 'playtime_at_review': 9898, 'last_played': 1759842583}",portuguese,.,1735412768,1735412768,True,0,0,0.5,0,True,False,False,False
183946604,"{'steamid': '76561199658550926', 'num_games_owned': 0, 'num_reviews': 1, 'playtime_forever': 3083, 'playtime_last_two_weeks': 0, 'playtime_at_review': 285, 'last_played': 1759357199}",portuguese,"Recomendo, muito bom para pessoas descontraídas , é um jogo bem calmo",1735357333,1735357333,True,0,0,0.5,0,True,False,False,False
183832401,"{'steamid': '76561199215153208', 'num_games_owned': 0, 'num_reviews': 38, 'playtime_forever': 310, 'playtime_last_two_weeks': 0, 'playtime_at_review': 82, 'last_played': 1748218749}",portuguese,jogo legal de fazendinha,1735265591,1735265591,True,0,0,0.5,0,True,False,False,False
183763250,"{'steamid': '76561199074739059', 'num_games_owned': 46, 'num_reviews': 8, 'playtime_forever': 652, 'playtime_last_two_weeks': 0, 'playtime_at_review': 286, 'last_played': 1738460381}",portuguese,".
",1735227630,1735227630,True,0,0,0.5,0,True,False,False,False
183708330,"{'steamid': '76561199744308185', 'num_games_owned': 3, 'num_reviews': 1, 'playtime_forever': 7041, 'playtime_last_two_weeks': 0, 'playtime_at_review': 157, 'last_played': 1760987688}",portuguese,"Very funny and complete game, made with love and not greed",1735177616,1735217044,True,0,0,0.5,0,True,False,False,False
183472836,"{'steamid': '76561198849422294', 'num_games_owned': 0, 'num_reviews': 1, 'playtime_forever': 3901, 'playtime_last_two_weeks': 0, 'playtime_at_review': 3751, 'last_played': 1744563434}",portuguese,"Mm brabo o jogo, 10/10, o Lewis que me pare de chatear a cabeça",1734957361,1734957361,True,1,0,0.523809552192687988,0,True,False,False,False
183278396,"{'steamid': '76561199791419233', 'num_games_owned': 8, 'num_reviews': 1, 'playtime_forever': 1738, 'playtime_last_two_weeks': 0, 'playtime_at_review': 297, 'last_played': 1743283480}",portuguese,"Recompensa muito comprar este jogo, recomendo para quem gosta de jogos aconchegantes para jogar num dia de outono/inverno. Um jogo bem pacifico, onde também pode-se escolher em que ""modo"" queremos jogar. Assim que o comprei passei horas seguidas a jogar, me entreteu de tal forma que não via o tempo passar.",1734783350,1734783350,True,0,0,0.5,0,True,False,False,False
183062386,"{'steamid': '76561199319128425', 'num_games_owned': 0, 'num_reviews': 3, 'playtime_forever': 14332, 'playtime_last_two_weeks': 25, 'playtime_at_review': 651, 'last_played': 1761009607}",portuguese,É muito viciante.,1734550212,1734550212,True,0,0,0.5,0,True,False,False,False
182820959,"{'steamid': '76561198279381583', 'num_games_owned': 113, 'num_reviews': 1, 'playtime_forever': 11945, 'playtime_last_two_weeks': 0, 'playtime_at_review': 11578, 'last_played': 1741220128}",portuguese,best,1734274358,1734274358,True,0,0,0.5,0,True,False,False,False
182673808,"{'steamid': '76561198253155920', 'num_games_owned': 38, 'num_reviews': 1, 'playtime_forever': 3645, 'playtime_last_two_weeks': 0, 'playtime_at_review': 3496, 'last_played': 1750113161}",portuguese,"Great game, unique and good to chill with friends. Mods make it even better.",1734124257,1734124257,True,0,0,0.5,0,True,False,False,False
182571097,"{'steamid': '76561199096695077', 'num_games_owned': 59, 'num_reviews': 3, 'playtime_forever': 28878, 'playtime_last_two_weeks': 0, 'playtime_at_review': 28845, 'last_played': 1734276225}",portuguese,"10/10 sugiro uma expansão que adicione os conflitos da região norte do país como grileiros,trocação com o MST e a rota do narcotráfico parecido com a ilha gengibre",1734012923,1734012923,True,0,2,0.5,0,True,False,False,False
181988729,"{'steamid': '76561199397082394', 'num_games_owned': 0, 'num_reviews': 1, 'playtime_forever': 16558, 'playtime_last_two_weeks': 0, 'playtime_at_review': 16319, 'last_played': 1736374761}",portuguese,Jogasso filho,1733437112,1733437112,True,0,0,0.5,0,True,False,False,False
181904583,"{'steamid': '76561199075116450', 'num_games_owned': 0, 'num_reviews': 2, 'playtime_forever': 2960, 'playtime_last_two_weeks': 0, 'playtime_at_review': 254, 'last_played': 1755898755}",portuguese,"tudo, jogo maravilhoso",1733343202,1733343202,True,0,0,0.5,0,True,False,False,False
181895281,"{'steamid': '76561198406042983', 'num_games_owned': 0, 'num_reviews': 11, 'playtime_forever': 6748, 'playtime_last_two_weeks': 0, 'playtime_at_review': 6690, 'last_played': 1757437932}",portuguese,"It's a good game if you want to relax (while there are some situations were the game can be stressful, am looking at you clock when i'm mining).

Though some interactions could be improved, this game is still being updated so is something that can change with time.

Do things on your own time and not stressing because you're on year 6 or 7 and still haven't completed the community center! Do things your way!",1733335150,1733335333,True,0,0,0.5,0,True,False,False,False
181865751,"{'steamid': '76561198037972884', 'num_games_owned': 139, 'num_reviews': 12, 'playtime_forever': 4839, 'playtime_last_two_weeks': 0, 'playtime_at_review': 4813, 'last_played': 1733329285}",portuguese,É uma cópia descarada do Harvest Moon de SNES só que um pouco inferior.,1733327521,1733327521,True,0,0,0.476190477609634399,0,True,False,False,False
181853726,"{'steamid': '76561198841751645', 'num_games_owned': 0, 'num_reviews': 4, 'playtime_forever': 4251, 'playtime_last_two_weeks': 0, 'playtime_at_review': 4251, 'last_played': 1733322940}",portuguese,Ótimo.,1733322966,1733322966,True,0,0,0.5,0,True,False,False,False
181781196,"{'steamid': '76561199023891115', 'num_games_owned': 36, 'num_reviews': 4, 'playtime_forever': 160, 'playtime_last_two_weeks': 0, 'playtime_at_review': 159, 'last_played': 1733286175}",portuguese,"divertidinho mas começo lento demaaaaaaaaaaaaais
",1733286073,1733286073,True,0,0,0.5,0,True,False,False,False
181760602,"{'steamid': '76561199202188109', 'num_games_owned': 0, 'num_reviews': 4, 'playtime_forever': 18571, 'playtime_last_two_weeks': 0, 'playtime_at_review': 16862, 'last_played': 1748904616}",portuguese,still waiting for Robin's divorce...,1733273156,1733308187,True,0,0,0.5,0,True,False,False,False
181750555,"{'steamid': '76561198174008950', 'num_games_owned': 0, 'num_reviews': 1, 'playtime_forever': 15, 'playtime_last_two_weeks': 0, 'playtime_at_review': 15, 'last_played': 1711144210}",portuguese,This game is very good,1733267349,1733267349,True,0,0,0.5,0,True,False,False,False
181729791,"{'steamid': '76561199065671130', 'num_games_owned': 42, 'num_reviews': 13, 'playtime_forever': 5042, 'playtime_last_two_weeks': 0, 'playtime_at_review': 5024, 'last_played': 1734979989}",portuguese,"Jogo muito interessante e bom para passar o tempo.
Durante minha jogatina aprendi muitas coisas.",1733258095,1733258095,True,1,0,0.523809552192687988,0,True,False,False,False
181728348,"{'steamid': '76561198854003552', 'num_games_owned': 0, 'num_reviews': 10, 'playtime_forever': 7139, 'playtime_last_two_weeks': 0, 'playtime_at_review': 2856, 'last_played': 1742506495}",portuguese,One of the best games to play with a loved one. Very cute and with many itens to play for a long time!,1733257528,1733257528,True,0,0,0.5,0,True,False,False,False
181669982,"{'steamid': '76561198451974224', 'num_games_owned': 0, 'num_reviews': 4, 'playtime_forever': 7524, 'playtime_last_two_weeks': 0, 'playtime_at_review': 7184, 'last_played': 1736647288}",portuguese,Bom pra quem não tem uma vida.,1733234235,1733234235,True,0,0,0.5,0,True,False,False,False
181621876,"{'steamid': '76561199511669879', 'num_games_owned': 32, 'num_reviews': 1, 'playtime_forever': 17721, 'playtime_last_two_weeks': 0, 'playtime_at_review': 8466, 'last_played': 1759340498}",portuguese,"isso é pior que droga

recomendo!",1733203768,1733203768,True,1,0,0.5,0,True,False,False,False
181594419,"{'steamid': '76561198811570348', 'num_games_owned': 0, 'num_reviews': 3, 'playtime_forever': 1054, 'playtime_last_two_weeks': 0, 'playtime_at_review': 1054, 'last_played': 1733185469}",portuguese,very gud,1733185497,1733185497,True,0,0,0.5,0,True,False,False,False
181592625,"{'steamid': '76561198086743267', 'num_games_owned': 0, 'num_reviews': 3, 'playtime_forever': 4831, 'playtime_last_two_weeks': 0, 'playtime_at_review': 4830, 'last_played': 1733184491}",portuguese,"Jogo bastante relaxante, perfeito para quem apenas quer descontrair!",1733184379,1733184379,True,0,0,0.5,0,True,False,False,False
181578098,"{'steamid': '76561198879576291', 'num_games_owned': 0, 'num_reviews': 9, 'playtime_forever': 12339, 'playtime_last_two_weeks': 2876, 'playtime_at_review': 5702, 'last_played': 1762046305}",portuguese,Very good and cozy!,1733176289,1733176289,True,0,0,0.5,0,True,False,False,False
181563786,"{'steamid': '76561199227744396', 'num_games_owned': 0, 'num_reviews': 3, 'playtime_forever': 19723, 'playtime_last_two_weeks': 0, 'playtime_at_review': 14875, 'last_played': 1751226096}",portuguese,mt bom,1733169806,1733169806,True,0,0,0.5,0,True,False,False,False
181554030,"{'steamid': '76561198064344499', 'num_games_owned': 651, 'num_reviews': 2, 'playtime_forever': 46, 'playtime_last_two_weeks': 0, 'playtime_at_review': 46, 'last_played': 1733165464}",portuguese,Relaxing with a good  cosy artstyle.,1733165571,1733165571,True,0,0,0.5,0,True,False,False,False
181516432,"{'steamid': '76561198139926269', 'num_games_owned': 113, 'num_reviews': 6, 'playtime_forever': 5639, 'playtime_last_two_weeks': 0, 'playtime_at_review': 3944, 'last_played': 1759077291}",portuguese,Meu sonho de vida em forma de um jogo maravilhoso e sem falhas.,1733151096,1733151096,True,0,0,0.5,0,True,False,False,False
181515169,"{'steamid': '76561198883020054', 'num_games_owned': 260, 'num_reviews': 12, 'playtime_forever': 2572, 'playtime_last_two_weeks': 0, 'playtime_at_review': 2216, 'last_played': 1753181363}",portuguese,Cute game to relax and pass the time.,1733150581,1733150581,True,0,0,0.5,0,True,False,False,False
181513927,"{'steamid': '76561198401847208', 'num_games_owned': 132, 'num_reviews': 6, 'playtime_forever': 5694, 'playtime_last_two_weeks': 0, 'playtime_at_review': 5435, 'last_played': 1757895207}",portuguese,"Jogo muito legal para passar tempo, chamar amigos para criar uma fazenda enquanto um pesca, um minera, um não faz porra nenhuma e um só gasta dinheiro é um jeito muito legal de criar um vínculo excepcional entre seus amigos. Se o vanilla não for suficiente, tem uma vasta quantidade de modificações para aplicar no jogo, o tornando mais divertido ainda.",1733150029,1733150029,True,0,0,0.5,0,True,False,False,False
181509136,"{'steamid': '76561199390247740', 'num_games_owned': 0, 'num_reviews': 8, 'playtime_forever': 1810, 'playtime_last_two_weeks': 0, 'playtime_at_review': 175, 'last_played': 1757605940}",portuguese,Vou descrever o jogo com uma palavra: Perfeição,1733147942,1733147942,True,0,0,0.5,0,True,False,False,False
181488213,"{'steamid': '76561198107887724', 'num_games_owned': 0, 'num_reviews': 4, 'playtime_forever': 3298, 'playtime_last_two_weeks': 0, 'playtime_at_review': 1760, 'last_played': 1746397082}",portuguese,"Muito bom para ou só desligar e ir cuidar da sua fazendinha, ou se vc é o maluco das tabelas, dar tryhard com os excels e maximizar lucros.",1733137228,1733137228,True,0,0,0.5,0,True,False,False,False
181433061,"{'steamid': '76561198307424750', 'num_games_owned': 56, 'num_reviews': 11, 'playtime_forever': 54664, 'playtime_last_two_weeks': 0, 'playtime_at_review': 48243, 'last_played': 1759114259}",portuguese,eu gosto,1733102690,1733102690,True,0,0,0.5,0,True,False,False,False
181347064,"{'steamid': '76561198309456258', 'num_games_owned': 0, 'num_reviews': 5, 'playtime_forever': 10973, 'playtime_last_two_weeks': 0, 'playtime_at_review': 10571, 'last_played': 1741909050}",portuguese,"Simplesmente perfeito. Ainda mais pra mim que um dos jogos favoritos desde sempre foi Harvest Moon, não tinha como eu não gostar, recomendo TOTALMENTE",1733070584,1733070584,True,0,0,0.5,0,True,False,False,False
181335063,"{'steamid': '76561198394325038', 'num_games_owned': 0, 'num_reviews': 2, 'playtime_forever': 7058, 'playtime_last_two_weeks': 318, 'playtime_at_review': 4515, 'last_played': 1761602378}",portuguese,top,1733066783,1733066783,True,0,0,0.5,0,True,False,False,False
181225276,"{'steamid': '76561198168548603', 'num_games_owned': 0, 'num_reviews': 2, 'playtime_forever': 12653, 'playtime_last_two_weeks': 0, 'playtime_at_review': 12653, 'last_played': 1733025292}",portuguese,Saudades do que não vivi com a Robin.,1733025387,1733025560,True,0,0,0.5,0,True,False,False,False
181223303,"{'steamid': '76561198161060241', 'num_games_owned': 138, 'num_reviews': 5, 'playtime_forever': 148, 'playtime_last_two_weeks': 0, 'playtime_at_review': 148, 'last_played': 1733024346}",portuguese,joguin bom,1733024471,1733024471,True,0,0,0.5,0,True,False,False,False
181202429,"{'steamid': '76561199241147338', 'num_games_owned': 0, 'num_reviews': 1, 'playtime_forever': 2780, 'playtime_last_two_weeks': 0, 'playtime_at_review': 2031, 'last_played': 1758225066}",portuguese,Simplesmente a fazenda,1733015245,1733015245,True,1,0,0.523809552192687988,0,True,False,False,False
181201996,"{'steamid': '76561198822896682', 'num_games_owned': 0, 'num_reviews': 4, 'playtime_forever': 6645, 'playtime_last_two_weeks': 0, 'playtime_at_review': 5717, 'last_played': 1742257316}",portuguese,Nice :),1733015050,1733015050,True,0,0,0.5,0,True,False,False,False
181201168,"{'steamid': '76561199041854610', 'num_games_owned': 30, 'num_reviews': 6, 'playtime_forever': 7639, 'playtime_last_two_weeks': 0, 'playtime_at_review': 7327, 'last_played': 1739738566}",portuguese,Play it just play :D,1733014713,1733014713,True,0,0,0.5,0,True,False,False,False
181192357,"{'steamid': '76561198067223492', 'num_games_owned': 343, 'num_reviews': 2, 'playtime_forever': 10564, 'playtime_last_two_weeks': 0, 'playtime_at_review': 10564, 'last_played': 1733011328}",portuguese,Simplesmente Bom,1733011484,1733011484,True,0,0,0.5,0,True,False,False,False
181185597,"{'steamid': '76561199167528354', 'num_games_owned': 0, 'num_reviews': 1, 'playtime_forever': 14551, 'playtime_last_two_weeks': 307, 'playtime_at_review': 7977, 'last_played': 1762133492}",portuguese,"maravilloso, seria un 11/10 se Robin fuera soltera",1733008681,1733008681,True,0,0,0.5,0,True,True,False,False
181143633,"{'steamid': '76561199053525644', 'num_games_owned': 73, 'num_reviews': 5, 'playtime_forever': 7583, 'playtime_last_two_weeks': 0, 'playtime_at_review': 6929, 'last_played': 1760917433}",portuguese,É bom para relaxar,1732996021,1732996021,True,0,0,0.5,0,True,False,False,False
181058622,"{'steamid': '76561198082300032', 'num_games_owned': 82, 'num_reviews': 3, 'playtime_forever': 3139, 'playtime_last_two_weeks': 0, 'playtime_at_review': 3134, 'last_played': 1746038903}",portuguese,"Stardew Valley é um jogo que combina simplicidade e profundidade de uma maneira única. Sua jogabilidade acessível, personagens carismáticos e mundo detalhado fazem dele uma experiência envolvente e gratificante. O equilíbrio entre a exploração, o gerenciamento e a construção de relacionamentos proporciona uma experiência atemporal e cativante. O impacto cultural que o jogo teve, especialmente no cenário indie, só reforça sua relevância e a forma como ele conseguiu tocar tantos jogadores ao redor do mundo. Se você procura um jogo que mistura aventura, criatividade e calma, Stardew Valley é uma excelente escolha.",1732975612,1732975612,True,2,0,0.545454561710357666,0,True,False,False,False
181034530,"{'steamid': '76561198176610145', 'num_games_owned': 89, 'num_reviews': 2, 'playtime_forever': 19246, 'playtime_last_two_weeks': 0, 'playtime_at_review': 13988, 'last_played': 1741656741}",portuguese,There is something for everyone,1732968973,1732968973,True,0,0,0.5,0,True,False,False,False
181021861,"{'steamid': '76561198098427064', 'num_games_owned': 92, 'num_reviews': 3, 'playtime_forever': 9681, 'playtime_last_two_weeks': 0, 'playtime_at_review': 8869, 'last_played': 1737577448}",portuguese,Chillest game,1732965117,1732965117,True,0,0,0.5,0,True,False,False,False
180929949,"{'steamid': '76561198867561084', 'num_games_owned': 96, 'num_reviews': 4, 'playtime_forever': 8422, 'playtime_last_two_weeks': 342, 'playtime_at_review': 7846, 'last_played': 1761866194}",portuguese,jogo de fazenda? ta mais pra um tente nao se apsixonar por personagem 2d,1732931365,1732983920,True,0,0,0.5,0,True,False,False,False
180922800,"{'steamid': '76561199594918786', 'num_games_owned': 0, 'num_reviews': 2, 'playtime_forever': 3911, 'playtime_last_two_weeks': 0, 'playtime_at_review': 1098, 'last_played': 1760627279}",portuguese,very good very cutsie,1732928478,1732928478,True,0,0,0.5,0,True,False,False,False
180896953,"{'steamid': '76561199070371619', 'num_games_owned': 0, 'num_reviews': 1, 'playtime_forever': 1529, 'playtime_last_two_weeks': 64, 'playtime_at_review': 1440, 'last_played': 1761697956}",portuguese,confortável :),1732919104,1732919104,True,0,0,0.5,0,True,False,False,False
180895078,"{'steamid': '76561198848814842', 'num_games_owned': 64, 'num_reviews': 10, 'playtime_forever': 8918, 'playtime_last_two_weeks': 1085, 'playtime_at_review': 2904, 'last_played': 1762215941}",portuguese,Nice!,1732918464,1732918464,True,0,0,0.5,0,True,False,False,False
180883805,"{'steamid': '76561198305407019', 'num_games_owned': 0, 'num_reviews': 21, 'playtime_forever': 15210, 'playtime_last_two_weeks': 0, 'playtime_at_review': 12662, 'last_played': 1757793005}",portuguese,"Um dos melhores jogos que comprei este ano, muito relaxante com várias coisas para fazer. Estou muito feliz em o ter comprado",1732914910,1732914910,True,1,0,0.523809552192687988,0,True,False,False,False
180880883,"{'steamid': '76561199058259957', 'num_games_owned': 0, 'num_reviews': 1, 'playtime_forever': 6219, 'playtime_last_two_weeks': 0, 'playtime_at_review': 5690, 'last_played': 1759579420}",portuguese,"O Jogo tem gráficos lindos, e é prefeito para jogar com amigos ou sozinho! ✨",1732914055,1732914055,True,0,0,0.5,0,True,False,False,False
180838786,"{'steamid': '76561199019727232', 'num_games_owned': 0, 'num_reviews': 3, 'playtime_forever': 806, 'playtime_last_two_weeks': 189, 'playtime_at_review': 467, 'last_played': 1761476947}",portuguese,Loved This Game,1732903033,1732903033,True,0,0,0.5,0,True,False,False,False
180810585,"{'steamid': '76561199037331389', 'num_games_owned': 118, 'num_reviews': 12, 'playtime_forever': 16392, 'playtime_last_two_weeks': 854, 'playtime_at_review': 13220, 'last_played': 1761483323}",portuguese,!,1732896517,1732896517,True,0,0,0.5,0,True,False,False,False
180764934,"{'steamid': '76561199426601974', 'num_games_owned': 50, 'num_reviews': 1, 'playtime_forever': 2350, 'playtime_last_two_weeks': 0, 'playtime_at_review': 1995, 'last_played': 1757337880}",portuguese,Melhor jogo para quem quer ser agricultor com os amigos!!,1732885866,1732885866,True,0,0,0.5,0,True,False,False,False
180764106,"{'steamid': '76561198321244921', 'num_games_owned': 0, 'num_reviews': 10, 'playtime_forever': 4399, 'playtime_last_two_weeks': 0, 'playtime_at_review': 2649, 'last_played': 1749588905}",portuguese,Absolute cinema,1732885652,1732885652,True,0,0,0.5,0,True,False,False,False
180746543,"{'steamid': '76561198056842273', 'num_games_owned': 0, 'num_reviews': 5, 'playtime_forever': 7097, 'playtime_last_two_weeks': 0, 'playtime_at_review': 7089, 'last_played': 1749381004}",portuguese,Relaxing and fun,1732880815,1732880815,True,0,0,0.5,0,True,False,False,False
180715766,"{'steamid': '76561198994875175', 'num_games_owned': 60, 'num_reviews': 4, 'playtime_forever': 1828, 'playtime_last_two_weeks': 0, 'playtime_at_review': 1002, 'last_played': 1755066160}",portuguese,MUITO BOM!!!,1732871531,1732871786,True,1,0,0.523809552192687988,0,True,False,False,False
180668184,"{'steamid': '76561198037485761', 'num_games_owned': 0, 'num_reviews': 14, 'playtime_forever': 48, 'playtime_last_two_weeks': 0, 'playtime_at_review': 48, 'last_played': 1732852690}",portuguese,Top,1732852722,1732852722,True,0,0,0.5,0,True,False,False,False
180631549,"{'steamid': '76561199172618927', 'num_games_owned': 84, 'num_reviews': 6, 'playtime_forever': 3729, 'playtime_last_two_weeks': 0, 'playtime_at_review': 3559, 'last_played': 1760309840}",portuguese,"Best chill game ever, complex but good for grinding and just relax",1732838873,1732838873,True,0,0,0.5,0,True,False,False,False
180611596,"{'steamid': '76561198341547561', 'num_games_owned': 42, 'num_reviews': 9, 'playtime_forever': 35257, 'playtime_last_two_weeks': 0, 'playtime_at_review': 26145, 'last_played': 1758714421}",portuguese,"Good, play it",1732832376,1732832376,True,0,0,0.5,0,True,False,False,False
180597113,"{'steamid': '76561198295353781', 'num_games_owned': 324, 'num_reviews': 11, 'playtime_forever': 166, 'playtime_last_two_weeks': 0, 'playtime_at_review': 147, 'last_played': 1757203169}",portuguese,"Que jogo bom, relaxante, com uma trilha sonora muito boa
",1732828609,1732828609,True,0,0,0.5,0,True,False,False,False
180595967,"{'steamid': '76561198081878611', 'num_games_owned': 109, 'num_reviews': 7, 'playtime_forever': 11648, 'playtime_last_two_weeks': 617, 'playtime_at_review': 6823, 'last_played': 1762027318}",portuguese,Jogo muito bem feito e super divertido.,1732828341,1732828341,True,0,0,0.5,0,True,False,False,False
180584518,"{'steamid': '76561198967679468', 'num_games_owned': 0, 'num_reviews': 3, 'playtime_forever': 12198, 'playtime_last_two_weeks': 0, 'playtime_at_review': 12076, 'last_played': 1736206821}",portuguese,O peso da enxada parece mais leve que o da caneta.,1732825793,1732825793,True,0,0,0.5,0,True,False,False,False
180563900,"{'steamid': '76561199142048542', 'num_games_owned': 44, 'num_reviews': 3, 'playtime_forever': 27937, 'playtime_last_two_weeks': 0, 'playtime_at_review': 20791, 'last_played': 1760035316}",portuguese,one of the best games ever made,1732821646,1732821646,True,1,0,0.523809552192687988,0,True,False,False,False
180504894,"{'steamid': '76561198072143598', 'num_games_owned': 92, 'num_reviews': 6, 'playtime_forever': 21188, 'playtime_last_two_weeks': 0, 'playtime_at_review': 20866, 'last_played': 1758249423}",portuguese,I love this game so much 10/10,1732811921,1732811921,True,0,0,0.5,0,True,False,False,False
180468633,"{'steamid': '76561198062049860', 'num_games_owned': 0, 'num_reviews': 2, 'playtime_forever': 15384, 'playtime_last_two_weeks': 724, 'playtime_at_review': 8735, 'last_played': 1762200055}",portuguese,Este jogo é perfeito.,1732806731,1732806731,True,0,0,0.5,0,True,False,False,False
180460234,"{'steamid': '76561198825840630', 'num_games_owned': 123, 'num_reviews': 17, 'playtime_forever': 5932, 'playtime_last_two_weeks': 0, 'playtime_at_review': 506, 'last_played': 1752774416}",portuguese,I love this game,1732805561,1732805561,True,0,0,0.5,0,True,False,False,False
180445197,"{'steamid': '76561198992461134', 'num_games_owned': 184, 'num_reviews': 7, 'playtime_forever': 8455, 'playtime_last_two_weeks': 0, 'playtime_at_review': 8455, 'last_played': 1732803487}",portuguese,quem quer namorar com o agricultor,1732803542,1732803542,True,0,0,0.5,0,True,False,False,False
180410588,"{'steamid': '76561198829460560', 'num_games_owned': 280, 'num_reviews': 15, 'playtime_forever': 36061, 'playtime_last_two_weeks': 116, 'playtime_at_review': 27092, 'last_played': 1761015035}",portuguese,"Joguei pouco, mas do pouco que joguei eu amei!",1732798691,1732798691,True,0,0,0.5,0,True,False,False,False
180385505,"{'steamid': '76561198372769548', 'num_games_owned': 116, 'num_reviews': 5, 'playtime_forever': 4355, 'playtime_last_two_weeks': 0, 'playtime_at_review': 4355, 'last_played': 1711412273}",portuguese,"Incrível, tem sido atualizado e melhorado ao longo dos anos.
Jogabilidade muito boa, historia muito boa e horas e horas de diversão.",1732794834,1732794834,True,0,0,0.5,0,True,False,False,False
180367282,"{'steamid': '76561197979957815', 'num_games_owned': 235, 'num_reviews': 7, 'playtime_forever': 761, 'playtime_last_two_weeks': 0, 'playtime_at_review': 760, 'last_played': 1732791935}",portuguese,Jogo muito bom e relaxante,1732791890,1732791890,True,0,0,0.5,0,True,False,False,False
180341207,"{'steamid': '76561198178951281', 'num_games_owned': 0, 'num_reviews': 5, 'playtime_forever': 355, 'playtime_last_two_weeks': 0, 'playtime_at_review': 342, 'last_played': 1757160330}",portuguese,Really relaxing game.,1732787505,1732787505,True,0,0,0.5,0,True,False,False,False
180311235,"{'steamid': '76561198103440416', 'num_games_owned': 81, 'num_reviews': 10, 'playtime_forever': 4299, 'playtime_last_two_weeks': 0, 'playtime_at_review': 3133, 'last_played': 1753705663}",portuguese,Muito bom! :),1732782025,1732782025,True,0,0,0.5,0,True,False,False,False
180231342,"{'steamid': '76561198806817059', 'num_games_owned': 0, 'num_reviews': 6, 'playtime_forever': 1077, 'playtime_last_two_weeks': 0, 'playtime_at_review': 1071, 'last_played': 1742707375}",portuguese,muito bom!!,1732767377,1732767377,True,0,0,0.5,0,True,False,False,False
180205417,"{'steamid': '76561199073034860', 'num_games_owned': 0, 'num_reviews': 4, 'playtime_forever': 14288, 'playtime_last_two_weeks': 0, 'playtime_at_review': 5439, 'last_played': 1757001071}",portuguese,não da pra pegar mulher casada,1732762715,1732762715,True,0,0,0.5,0,True,False,False,False
180174572,"{'steamid': '76561198189009305', 'num_games_owned': 232, 'num_reviews': 20, 'playtime_forever': 3415, 'playtime_last_two_weeks': 0, 'playtime_at_review': 3395, 'last_played': 1734282449}",portuguese,é bao,1732757225,1732757225,True,0,0,0.5,0,True,False,False,False
180155407,"{'steamid': '76561198868873196', 'num_games_owned': 189, 'num_reviews': 5, 'playtime_forever': 1979, 'playtime_last_two_weeks': 0, 'playtime_at_review': 1889, 'last_played': 1738354252}",portuguese,"love it
",1732753772,1732753772,True,0,0,0.5,0,True,False,False,False
180152605,"{'steamid': '76561198076565244', 'num_games_owned': 0, 'num_reviews': 12, 'playtime_forever': 76, 'playtime_last_two_weeks': 0, 'playtime_at_review': 34, 'last_played': 1753549072}",portuguese,Relax game :),1732753262,1732753262,True,0,0,0.5,0,True,False,False,False
180132476,"{'steamid': '76561198314026742', 'num_games_owned': 111, 'num_reviews': 1, 'playtime_forever': 1312, 'playtime_last_two_weeks': 0, 'playtime_at_review': 1207, 'last_played': 1746992824}",portuguese,Colheita feliz,1732749725,1732749725,True,1,0,0.523809552192687988,0,True,False,False,False
180121991,"{'steamid': '76561198806462833', 'num_games_owned': 446, 'num_reviews': 35, 'playtime_forever': 15985, 'playtime_last_two_weeks': 0, 'playtime_at_review': 15984, 'last_played': 1732748136}",portuguese,foda,1732748131,1732748131,True,0,0,0.5,0,True,False,False,False
180110438,"{'steamid': '76561198152856761', 'num_games_owned': 138, 'num_reviews': 10, 'playtime_forever': 6917, 'playtime_last_two_weeks': 175, 'playtime_at_review': 4089, 'last_played': 1762128078}",portuguese,"It either is one of the most relaxing games you will ever play or one of the most stressful.
Either ways I recommend it to anyone",1732746489,1732746489,True,0,1,0.5,0,True,False,False,False
180092133,"{'steamid': '76561198161772651', 'num_games_owned': 70, 'num_reviews': 3, 'playtime_forever': 384, 'playtime_last_two_weeks': 0, 'playtime_at_review': 269, 'last_played': 1733865774}",portuguese,Amazing,1732744139,1732744139,True,0,0,0.5,0,True,False,False,False
180074111,"{'steamid': '76561198325404407', 'num_games_owned': 0, 'num_reviews': 8, 'playtime_forever': 40545, 'playtime_last_two_weeks': 0, 'playtime_at_review': 35830, 'last_played': 1757719049}",portuguese,:3,1732742039,1732742039,True,0,0,0.5,0,True,False,False,False
180028195,"{'steamid': '76561199063360997', 'num_games_owned': 49, 'num_reviews': 1, 'playtime_forever': 1874, 'playtime_last_two_weeks': 0, 'playtime_at_review': 1849, 'last_played': 1749909340}",portuguese,Otimo para relaxar e passar o tempo.,1732737421,1732737421,True,0,0,0.5,0,True,False,False,False
180004019,"{'steamid': '76561199133882440', 'num_games_owned': 161, 'num_reviews': 22, 'playtime_forever': 10986, 'playtime_last_two_weeks': 0, 'playtime_at_review': 9555, 'last_played': 1744315845}",portuguese,estou aqui só para a medalha de nomear jogos,1732735452,1732735452,True,1,0,0.523809552192687988,0,True,False,False,False
179995795,"{'steamid': '76561198114689813', 'num_games_owned': 0, 'num_reviews': 20, 'playtime_forever': 1553, 'playtime_last_two_weeks': 7, 'playtime_at_review': 1546, 'last_played': 1761346039}",portuguese,Very Nice,1732734821,1732734821,True,0,0,0.5,0,True,False,False,False
179992520,"{'steamid': '76561199068510241', 'num_games_owned': 0, 'num_reviews': 3, 'playtime_forever': 2511, 'playtime_last_two_weeks': 61, 'playtime_at_review': 1835, 'last_played': 1761494334}",portuguese,dá para passar um tempo,1732734579,1732734579,True,0,0,0.5,0,True,False,False,False
179990062,"{'steamid': '76561199004146868', 'num_games_owned': 282, 'num_reviews': 19, 'playtime_forever': 3113, 'playtime_last_two_weeks': 0, 'playtime_at_review': 3042, 'last_played': 1757777882}",portuguese,O desenvolvedor deste jogo merece todo o sucesso que ele está tendo.,1732734399,1732734399,True,0,0,0.5,0,True,False,False,False
179940779,"{'steamid': '76561198369817095', 'num_games_owned': 124, 'num_reviews': 8, 'playtime_forever': 21898, 'playtime_last_two_weeks': 0, 'playtime_at_review': 21692, 'last_played': 1755098439}",portuguese,🫶🫶🫶🫶,1732731393,1732731393,True,1,0,0.523809552192687988,0,True,False,False,False
179809898,"{'steamid': '76561199202648172', 'num_games_owned': 35, 'num_reviews': 2, 'playtime_forever': 758, 'playtime_last_two_weeks': 0, 'playtime_at_review': 8, 'last_played': 1752184134}",portuguese,eu quero mulher casadaaaaaaa,1732565947,1732565947,True,2,0,0.545454561710357666,0,True,False,False,False
179575518,"{'steamid': '76561197983370349', 'num_games_owned': 91, 'num_reviews': 5, 'playtime_forever': 1758, 'playtime_last_two_weeks': 0, 'playtime_at_review': 1758, 'deck_playtime_at_review': 1454, 'last_played': 1732061455}",portuguese,o meu jogo de eleição quando estou na cama com o Deck a espera que o sono chegue,1732288532,1732787328,True,0,0,0.5,0,True,False,False,True
179440145,"{'steamid': '76561198993501561', 'num_games_owned': 0, 'num_reviews': 1, 'playtime_forever': 4682, 'playtime_last_two_weeks': 0, 'playtime_at_review': 4144, 'last_played': 1747580995}",portuguese,É bem doce,1732123817,1732123817,True,0,0,0.5,0,True,False,False,False
179386483,"{'steamid': '76561199413321752', 'num_games_owned': 14, 'num_reviews': 2, 'playtime_forever': 9106, 'playtime_last_two_weeks': 0, 'playtime_at_review': 4194, 'last_played': 1760032376}",portuguese,"você perde sua vida social, mas recomendo.",1732046672,1732046672,True,0,0,0.5,0,True,False,False,False
179275326,"{'steamid': '76561199274365657', 'num_games_owned': 0, 'num_reviews': 1, 'playtime_forever': 3581, 'playtime_last_two_weeks': 0, 'playtime_at_review': 2717, 'last_played': 1757902439}",portuguese," esse jogo  esta me tirando noites de sono

10/10",1731894560,1731894560,True,0,0,0.5,0,True,True,False,False
179253593,"{'steamid': '76561198978715541', 'num_games_owned': 0, 'num_reviews': 2, 'playtime_forever': 3635, 'playtime_last_two_weeks': 0, 'playtime_at_review': 2285, 'last_played': 1742006733}",portuguese,horrivvel,1731868874,1731868874,False,0,0,0.438596516847610474,0,True,False,False,False
179223408,"{'steamid': '76561199124095426', 'num_games_owned': 0, 'num_reviews': 2, 'playtime_forever': 7449, 'playtime_last_two_weeks': 0, 'playtime_at_review': 2308, 'last_played': 1755527770}",portuguese,"I pirated this game but it was so good I needed to buy it, that should tell you how good the game is",1731840349,1731840349,True,1,0,0.523809552192687988,0,True,False,False,False
179092004,"{'steamid': '76561198318333136', 'num_games_owned': 0, 'num_reviews': 30, 'playtime_forever': 7575, 'playtime_last_two_weeks': 162, 'playtime_at_review': 6776, 'last_played': 1762217150}",portuguese,"Um dos jogos mais legais q ja joguei, embora seja com graficos simples, tem uma historia legal, personagens bons e jogabilidades legal, ta no meu top 10 jogos sem duvidas. 10/10",1731706582,1731706582,True,1,0,0.5,0,True,False,False,False
178654388,"{'steamid': '76561199306784597', 'num_games_owned': 0, 'num_reviews': 1, 'playtime_forever': 855, 'playtime_last_two_weeks': 0, 'playtime_at_review': 666, 'last_played': 1744999623}",portuguese,Best chill game in the world,1731116958,1731116958,True,0,0,0.5,0,True,False,False,False
178590648,"{'steamid': '76561198145378948', 'num_games_owned': 0, 'num_reviews': 7, 'playtime_forever': 6619, 'playtime_last_two_weeks': 0, 'playtime_at_review': 6023, 'last_played': 1751353822}",portuguese,"Perfect chill game for Lazy nights. Perfect with friends. Perfect Single player.
Dunno what to say more 10/10",1731026216,1731026216,True,0,0,0.5,0,True,False,False,False
178337335,"{'steamid': '76561199467753438', 'num_games_owned': 0, 'num_reviews': 7, 'playtime_forever': 5089, 'playtime_last_two_weeks': 0, 'playtime_at_review': 4304, 'last_played': 1743353924}",portuguese,"Simplesmente melhor jogo de fazenda, artes lindas pra crl, 300 mil vezes melhor que vida real principalmente se for jogado com música, o jogo é 99,9% perfeito, tem mineração, tem plantação, tem luta, tem minigames, tem cavalo, tem história de pescadores, SIMPLESMENTE PERFEITO, fui uma pessoa bem melhor dps de comprar este jogo, única coisa que reclamo desse jogo é que não dá pra namorar casadas, facilmente namoraria a Robin mas a Leah tbm serve vai.


joja vtmnc.",1730661319,1730661319,True,0,0,0.5,0,True,False,False,False
177799896,"{'steamid': '76561199201197998', 'num_games_owned': 0, 'num_reviews': 1, 'playtime_forever': 45094, 'playtime_last_two_weeks': 0, 'playtime_at_review': 42846, 'last_played': 1740846922}",portuguese,"Muito bom, como adoro jogos de fazenda para mim é maravilhoso!",1729971208,1729971208,True,0,0,0.5,0,True,True,False,False
177550046,"{'steamid': '76561199465852289', 'num_games_owned': 0, 'num_reviews': 9, 'playtime_forever': 883, 'playtime_last_two_weeks': 0, 'playtime_at_review': 305, 'last_played': 1758908846}",portuguese,é muito bom,1729632130,1729632130,True,0,0,0.5,0,True,False,False,False
177530334,"{'steamid': '76561199159127783', 'num_games_owned': 0, 'num_reviews': 5, 'playtime_forever': 33383, 'playtime_last_two_weeks': 0, 'playtime_at_review': 17568, 'last_played': 1753557688}",portuguese,"My favorite game of all times.
",1729611711,1729611711,True,0,0,0.5,0,True,False,False,False
177435857,"{'steamid': '76561198430158103', 'num_games_owned': 22, 'num_reviews': 4, 'playtime_forever': 11392, 'playtime_last_two_weeks': 1047, 'playtime_at_review': 9447, 'last_played': 1762199099}",portuguese,Não da pra casar com a Robin,1729464910,1729464910,True,0,0,0.5,0,True,False,False,False
177431989,"{'steamid': '76561199496417039', 'num_games_owned': 0, 'num_reviews': 1, 'playtime_forever': 2353, 'playtime_last_two_weeks': 0, 'playtime_at_review': 1128, 'last_played': 1735402294}",portuguese,"AMEI, MELHOR COMPRA DA MINHA VIDA
WORTH EVERY PENNY",1729459417,1729459417,True,0,1,0.5,0,True,False,False,False
177403908,"{'steamid': '76561199678222233', 'num_games_owned': 0, 'num_reviews': 1, 'playtime_forever': 4877, 'playtime_last_two_weeks': 1083, 'playtime_at_review': 720, 'last_played': 1762103815}",portuguese,Amo Farmsssss,1729430764,1729430764,True,0,0,0.5,0,True,False,False,False
177269636,"{'steamid': '76561199172691008', 'num_games_owned': 0, 'num_reviews': 5, 'playtime_forever': 3800, 'playtime_last_two_weeks': 0, 'playtime_at_review': 684, 'last_played': 1760719641}",portuguese,FANTASTIC,1729259925,1729259925,True,0,0,0.5,0,True,False,False,False
177225491,"{'steamid': '76561199191770754', 'num_games_owned': 0, 'num_reviews': 5, 'playtime_forever': 4615, 'playtime_last_two_weeks': 7, 'playtime_at_review': 1152, 'last_played': 1761328876}",portuguese,"Um jogo relaxante e que não te força a fazer nada em um tempo determinado, tudo no seu tempo.
É um jogo bastante fofo e calmo. Recomendo!",1729189407,1743961392,True,1,0,0.523809552192687988,0,True,False,False,False
177152955,"{'steamid': '76561198093683301', 'num_games_owned': 0, 'num_reviews': 28, 'playtime_forever': 1813, 'playtime_last_two_weeks': 179, 'playtime_at_review': 1268, 'last_played': 1762211712}",portuguese,The most cozy game I've ever played.,1729084834,1732831407,True,0,0,0.5,0,True,False,False,False
177056494,"{'steamid': '76561199574108910', 'num_games_owned': 18, 'num_reviews': 15, 'playtime_forever': 794, 'playtime_last_two_weeks': 0, 'playtime_at_review': 794, 'last_played': 1715738880}",portuguese,"fiquei pescando durante 13 horas, adorei",1728934005,1728934005,True,0,0,0.5,0,True,False,False,False
177008204,"{'steamid': '76561199511313734', 'num_games_owned': 10, 'num_reviews': 1, 'playtime_forever': 2936, 'playtime_last_two_weeks': 0, 'playtime_at_review': 411, 'last_played': 1731859858}",portuguese,"Muito Bom, Recomendo-",1728864490,1728864490,True,0,0,0.5,0,True,False,False,False
176977280,"{'steamid': '76561199027803184', 'num_games_owned': 0, 'num_reviews': 3, 'playtime_forever': 1669, 'playtime_last_two_weeks': 0, 'playtime_at_review': 1298, 'last_played': 1757282621}",portuguese,Muito bom podia ter DLC,1728832478,1728832478,True,0,0,0.5,0,True,False,False,False
176941419,"{'steamid': '76561199446583151', 'num_games_owned': 0, 'num_reviews': 3, 'playtime_forever': 14982, 'playtime_last_two_weeks': 0, 'playtime_at_review': 10526, 'last_played': 1746309798}",portuguese,"Stardew Valley é um dos jogos mais cativantes e bem-sucedidos dos últimos anos, especialmente no gênero dos simuladores de fazenda. Um dos principais motivos de sua popularidade está na sua capacidade de oferecer uma experiência imersiva e relaxante, combinando aspectos de administração de uma fazenda com interações sociais e exploração. Ao iniciar o jogo, o jogador herda uma fazenda abandonada e, a partir daí, tem a liberdade de moldá-la ao seu gosto, cultivando plantas, criando animais, minerando, pescando e se relacionando com os moradores da vila.

Uma das qualidades mais notáveis de Stardew Valley é a flexibilidade que oferece. Diferente de outros jogos, onde há uma pressão constante para atingir metas, aqui o jogador pode avançar no seu próprio ritmo. Seja dedicando-se a tornar a fazenda lucrativa, explorando as minas em busca de recursos, ou simplesmente passando o tempo conhecendo os habitantes locais, não há uma única maneira ""correta"" de jogar. Isso torna o jogo acessível para diferentes tipos de jogadores, desde os que preferem uma abordagem mais estratégica até aqueles que buscam apenas relaxar e desfrutar da tranquilidade do ambiente rural.

Outro ponto positivo é o aspecto social do jogo. A pequena vila de Pelican Town é repleta de personagens únicos, cada um com sua própria história, personalidade e rotinas diárias. Interagir com esses personagens adiciona profundidade à experiência de jogo, criando laços afetivos entre o jogador e os moradores. A possibilidade de formar amizades, relacionamentos românticos e até se casar com um dos habitantes traz uma camada adicional de envolvimento emocional, o que é raro em jogos desse estilo.

Além disso, Stardew Valley oferece uma sensação de progresso constante. Com o passar das estações, o jogador desbloqueia novos cultivos, eventos e até mesmo áreas a serem exploradas. O ciclo de crescimento das plantações, combinado com as mudanças sazonais e as festividades da vila, mantém o jogador engajado e sempre ansioso pelo que virá a seguir. Esse ciclo também é reforçado pelo sistema de recompensas, que incentiva o jogador a completar tarefas e atingir metas pessoais, sem, no entanto, ser punitivo.

Outro ponto importante é a estética do jogo. O visual em pixel art, apesar de simples, é incrivelmente detalhado e colorido, transmitindo uma sensação de nostalgia para aqueles que jogaram clássicos dos videogames. A trilha sonora suave e calmante complementa perfeitamente o ambiente relaxante, tornando a experiência ainda mais agradável. A combinação desses elementos cria uma atmosfera aconchegante e acolhedora, ideal para quem busca uma fuga do ritmo acelerado da vida real.

Por fim, Stardew Valley também tem um apelo especial por ser uma obra de um único desenvolvedor, Eric Barone. O fato de que o jogo foi inteiramente criado por uma única pessoa impressiona e reforça o valor da dedicação e do trabalho árduo. Barone não apenas desenvolveu o jogo, mas continua a atualizá-lo, adicionando novos conteúdos e melhorias, o que mantém a comunidade de jogadores engajada.

Em resumo, Stardew Valley é mais do que um simples simulador de fazenda; é uma experiência rica, relaxante e envolvente. A combinação de liberdade de escolha, interação social, progresso constante e estética agradável faz dele uma escolha excelente tanto para jogadores casuais quanto para aqueles que buscam algo mais profundo e imersivo.

100% chatgpt",1728791073,1728791073,True,0,0,0.5,0,True,False,False,False
176891275,"{'steamid': '76561198862586592', 'num_games_owned': 0, 'num_reviews': 1, 'playtime_forever': 22524, 'playtime_last_two_weeks': 0, 'playtime_at_review': 1967, 'last_played': 1744989400}",portuguese,Jogo que dá para acalamar,1728738085,1728738085,True,0,0,0.5,0,True,False,False,False
176772648,"{'steamid': '76561199091745980', 'num_games_owned': 0, 'num_reviews': 2, 'playtime_forever': 4899, 'playtime_last_two_weeks': 0, 'playtime_at_review': 493, 'last_played': 1759874795}",portuguese,Otimo para passar o tempo e ficar de boa,1728585084,1728585084,True,0,0,0.5,0,True,False,False,False
176745274,"{'steamid': '76561198850295849', 'num_games_owned': 47, 'num_reviews': 3, 'playtime_forever': 6580, 'playtime_last_two_weeks': 17, 'playtime_at_review': 5838, 'last_played': 1761745124}",portuguese,"Ihhh...
Imaculada senhora dos pastéis
Faz com que o vinho não se acabe nos tunéis
E que água ardente seja cada vez mais forte
Juro e jurarei beberei até à morte
Quando eu morrer não quero choros nem gritos
Ao pé de mim quero cinco, cinco litros
Vai, vai acima, vai acima e vai abaixo
Vai, vai ao centro...
Vai ao centro e bota abaixo",1728551471,1728551471,True,1,1,0.523809552192687988,0,True,False,False,False
176694947,"{'steamid': '76561199489572434', 'num_games_owned': 0, 'num_reviews': 1, 'playtime_forever': 42310, 'playtime_last_two_weeks': 701, 'playtime_at_review': 20858, 'last_played': 1762187828}",portuguese,很好的农民模拟器使我的三倍浓缩咖啡旋转，喜欢沙盒经营类可无脑冲,1728481234,1728481234,True,0,0,0.5,0,True,False,False,False
176656089,"{'steamid': '76561198132827887', 'num_games_owned': 57, 'num_reviews': 7, 'playtime_forever': 8290, 'playtime_last_two_weeks': 0, 'playtime_at_review': 7183, 'last_played': 1749039233}",portuguese,"Stardew Valley is my comfort game. I love everything—farming, fishing, or talking to the villagers. It’s such a relaxing experience, and I always come back when I need a break. There’s something so peaceful about the game that it’s the perfect escape when I need a break. 10/10",1728420275,1728420275,True,0,0,0.5,0,True,False,False,False
176598435,"{'steamid': '76561199046767017', 'num_games_owned': 30, 'num_reviews': 1, 'playtime_forever': 524, 'playtime_last_two_weeks': 0, 'playtime_at_review': 121, 'last_played': 1734810693}",portuguese,"Very relaxing game, not a single miss from the soundtrack to the actual gameplay. The characters are insteresting and likeable, not to mention how pleasant the scenario is. A perfect cozy game to play with friends, really enjoy playing it with gumie, we made a lot of memories in it! And many more to come :)",1728349288,1728349288,True,1,0,0.523809552192687988,0,True,False,False,False
176536196,"{'steamid': '76561199493667393', 'num_games_owned': 8, 'num_reviews': 4, 'playtime_forever': 492, 'playtime_last_two_weeks': 0, 'playtime_at_review': 453, 'last_played': 1736428534}",portuguese,"é massinha
",1728265721,1728265721,True,0,0,0.5,0,True,False,False,False
176531291,"{'steamid': '76561198122352127', 'num_games_owned': 0, 'num_reviews': 38, 'playtime_forever': 4956, 'playtime_last_two_weeks': 0, 'playtime_at_review': 3857, 'last_played': 1728690728}",portuguese,RELAXANTE,1728258380,1728258380,True,0,0,0.5,0,True,False,False,False
176520801,"{'steamid': '76561199103879835', 'num_games_owned': 13, 'num_reviews': 7, 'playtime_forever': 3152, 'playtime_last_two_weeks': 0, 'playtime_at_review': 3152, 'last_played': 1727338622}",portuguese,i have touched more grass here then in real life,1728245610,1728245610,True,0,0,0.5,0,True,False,False,False
176321372,"{'steamid': '76561199657131109', 'num_games_owned': 0, 'num_reviews': 1, 'playtime_forever': 4641, 'playtime_last_two_weeks': 134, 'playtime_at_review': 2685, 'last_played': 1761266628}",portuguese,Joguinho muito relaxante e divertido.,1728005016,1728005016,True,0,0,0.5,0,True,False,False,False
176283514,"{'steamid': '76561198991697373', 'num_games_owned': 27, 'num_reviews': 2, 'playtime_forever': 4372, 'playtime_last_two_weeks': 13, 'playtime_at_review': 3425, 'last_played': 1761156314}",portuguese,"meu único objetivo no jogo era pegar mulher casada, porra lek não dá.",1727959798,1727959798,True,2,0,0.545454561710357666,0,True,False,False,False
176088790,"{'steamid': '76561198012509756', 'num_games_owned': 0, 'num_reviews': 1, 'playtime_forever': 7150, 'playtime_last_two_weeks': 0, 'playtime_at_review': 1969, 'last_played': 1759332638}",portuguese,Muito chill. Sempre tem coisas novas para fazer e aprender c:,1727701816,1727701816,True,0,0,0.5,0,True,False,False,False
175590306,"{'steamid': '76561199004798218', 'num_games_owned': 0, 'num_reviews': 1, 'playtime_forever': 15586, 'playtime_last_two_weeks': 0, 'playtime_at_review': 7074, 'last_played': 1739912243}",portuguese,"Esse jogo me lembrou muito o Havest moon que marcou muito pra mim, claro que ainda melhor e por existir a possibilidade de jogar online com os amigos é perfeito!!!",1727065971,1727065971,True,0,0,0.5,0,True,False,False,False
175568765,"{'steamid': '76561199207203931', 'num_games_owned': 27, 'num_reviews': 11, 'playtime_forever': 9437, 'playtime_last_two_weeks': 0, 'playtime_at_review': 4703, 'last_played': 1752957622}",portuguese,ficou rico = completou o jogo,1727035776,1727035776,True,0,0,0.5,0,True,False,False,False
175567109,"{'steamid': '76561198178336262', 'num_games_owned': 0, 'num_reviews': 5, 'playtime_forever': 3027, 'playtime_last_two_weeks': 0, 'playtime_at_review': 2618, 'last_played': 1735658894}",portuguese,"Super relaxante, perco várias horas jogando",1727034100,1727034100,True,0,0,0.5,0,True,False,False,False
175418112,"{'steamid': '76561199526346589', 'num_games_owned': 0, 'num_reviews': 2, 'playtime_forever': 2451, 'playtime_last_two_weeks': 0, 'playtime_at_review': 2191, 'last_played': 1745522550}",portuguese,"mt bom o jogo, paraboes criadores",1726884765,1726884765,True,0,0,0.5,0,True,False,False,False
175291624,"{'steamid': '76561198401956300', 'num_games_owned': 39, 'num_reviews': 18, 'playtime_forever': 5898, 'playtime_last_two_weeks': 0, 'playtime_at_review': 5462, 'last_played': 1732434618}",portuguese,te amo sebastian,1726735659,1726735659,True,0,0,0.5,0,True,False,False,False
175269663,"{'steamid': '76561198849032287', 'num_games_owned': 0, 'num_reviews': 22, 'playtime_forever': 79304, 'playtime_last_two_weeks': 0, 'playtime_at_review': 59482, 'last_played': 1757389723}",portuguese,Muito bom,1726698758,1726698758,True,0,0,0.5,0,True,False,False,False
175264433,"{'steamid': '76561199681178283', 'num_games_owned': 0, 'num_reviews': 6, 'playtime_forever': 72, 'playtime_last_two_weeks': 0, 'playtime_at_review': 72, 'last_played': 1726675307}",portuguese,muito ruim,1726691515,1726691515,False,0,0,0.5,0,True,False,False,False
175191427,"{'steamid': '76561199109626981', 'num_games_owned': 17, 'num_reviews': 8, 'playtime_forever': 2154, 'playtime_last_two_weeks': 0, 'playtime_at_review': 1785, 'last_played': 1728207190}",portuguese,very goog,1726595501,1726595501,True,0,0,0.5,0,True,False,False,False
175085257,"{'steamid': '76561199778677514', 'num_games_owned': 0, 'num_reviews': 1, 'playtime_forever': 7093, 'playtime_last_two_weeks': 0, 'playtime_at_review': 505, 'last_played': 1736248125}",portuguese,Muito bom mano,1726477048,1726477048,True,0,0,0.5,0,True,False,False,False
174972720,"{'steamid': '76561199121566386', 'num_games_owned': 0, 'num_reviews': 1, 'playtime_forever': 3302, 'playtime_last_two_weeks': 0, 'playtime_at_review': 854, 'last_played': 1758502657}",portuguese,BUE BOM,1726351468,1726351468,True,0,0,0.5,0,True,False,False,False
174834721,"{'steamid': '76561199231924989', 'num_games_owned': 60, 'num_reviews': 6, 'playtime_forever': 30010, 'playtime_last_two_weeks': 0, 'playtime_at_review': 22541, 'last_played': 1756008485}",portuguese,tem maconha,1726192676,1726192676,True,2,0,0.545454561710357666,0,True,False,False,False
174800408,"{'steamid': '76561199278714019', 'num_games_owned': 3, 'num_reviews': 1, 'playtime_forever': 13593, 'playtime_last_two_weeks': 0, 'playtime_at_review': 462, 'last_played': 1757805023}",portuguese,muito bom!!!,1726151801,1726151801,True,0,0,0.5,0,True,False,False,False
174793015,"{'steamid': '76561199275144482', 'num_games_owned': 0, 'num_reviews': 1, 'playtime_forever': 3621, 'playtime_last_two_weeks': 0, 'playtime_at_review': 243, 'last_played': 1753710921}",portuguese,"muito relaxante,boa historia,fácil de compreender como se joga e é muito divertido",1726144702,1726144702,True,0,0,0.5,0,True,False,False,False
174694169,"{'steamid': '76561199099068968', 'num_games_owned': 0, 'num_reviews': 6, 'playtime_forever': 10825, 'playtime_last_two_weeks': 0, 'playtime_at_review': 1376, 'last_played': 1759536656}",portuguese,Empolgante!,1726004129,1726004129,True,0,0,0.5,0,True,False,False,False
174563287,"{'steamid': '76561199189023073', 'num_games_owned': 0, 'num_reviews': 1, 'playtime_forever': 578, 'playtime_last_two_weeks': 0, 'playtime_at_review': 568, 'last_played': 1738970251}",portuguese,"muito fixe
",1725837312,1725837312,True,0,0,0.5,0,True,False,False,False
174551424,"{'steamid': '76561198353566144', 'num_games_owned': 75, 'num_reviews': 73, 'playtime_forever': 61, 'playtime_last_two_weeks': 0, 'playtime_at_review': 61, 'last_played': 1716146235}",portuguese,Não gostei muito da jogabilidade.,1725823392,1725823392,False,0,0,0.458715617656707764,0,True,False,False,False
174543295,"{'steamid': '76561199181266852', 'num_games_owned': 0, 'num_reviews': 2, 'playtime_forever': 52664, 'playtime_last_two_weeks': 1551, 'playtime_at_review': 29983, 'last_played': 1762211632}",portuguese,the bestest,1725815816,1725815816,True,1,0,0.523809552192687988,0,True,False,False,False
174540906,"{'steamid': '76561198142338562', 'num_games_owned': 0, 'num_reviews': 5, 'playtime_forever': 1047, 'playtime_last_two_weeks': 1, 'playtime_at_review': 902, 'last_played': 1761582111}",portuguese,"The best cozy game ever. Since the graphics, sound track and back story.",1725813794,1725813794,True,0,0,0.5,0,True,False,False,False
174480744,"{'steamid': '76561198105172164', 'num_games_owned': 0, 'num_reviews': 1, 'playtime_forever': 13826, 'playtime_last_two_weeks': 0, 'playtime_at_review': 7237, 'last_played': 1752156311}",portuguese,"I can't seem to get bored of this game! Cozy, exciting, calm, full of mystery and regular days, to me it truly scratches the itch of feeling I have my shit together. My favourite game right now (and probably forever)",1725752442,1725752442,True,0,0,0.5,0,True,False,False,False
174390583,"{'steamid': '76561199523343473', 'num_games_owned': 0, 'num_reviews': 1, 'playtime_forever': 12625, 'playtime_last_two_weeks': 0, 'playtime_at_review': 2137, 'last_played': 1759513828}",portuguese,"Além de ser um jogo incrível, e´meu jogo favorito. Se for tua primeira vez ou uma das primeiras vezes jogando, você vai adorar e vai jogar muito, mas, agora, se você já jogou varias vezes antes e é um pro-player nesse jogo, você vai enjoar até que rápido. Mesmo assim, continuo jogando e continua sendo meu jogo favorito. Me desculpem meus erros de português!",1725659589,1725659589,True,0,0,0.5,0,True,False,False,False
174223595,"{'steamid': '76561197997718484', 'num_games_owned': 981, 'num_reviews': 45, 'playtime_forever': 4970, 'playtime_last_two_weeks': 0, 'playtime_at_review': 833, 'last_played': 1738718165}",portuguese,"Jogo bem mais divertido do que parece! 
Vale muito a pena , com amigos ainda é mais engraçado!
",1725470984,1725470984,True,0,0,0.5,0,True,False,False,False
174199121,"{'steamid': '76561199507220999', 'num_games_owned': 54, 'num_reviews': 2, 'playtime_forever': 11329, 'playtime_last_two_weeks': 0, 'playtime_at_review': 11329, 'last_played': 1742682187}",portuguese,jogo bacano mas queria casar com o linus,1725447733,1758048090,True,1,0,0.504504501819610596,0,True,False,False,False
174000594,"{'steamid': '76561198752104547', 'num_games_owned': 13, 'num_reviews': 9, 'playtime_forever': 19680, 'playtime_last_two_weeks': 288, 'playtime_at_review': 5121, 'last_played': 1762125740}",portuguese,Yes,1725206832,1725206832,True,0,0,0.5,0,True,False,False,False
173845495,"{'steamid': '76561199197614848', 'num_games_owned': 0, 'num_reviews': 8, 'playtime_forever': 2403, 'playtime_last_two_weeks': 0, 'playtime_at_review': 1058, 'last_played': 1748981372}",portuguese,jogo pica,1725059290,1725059290,True,0,0,0.5,0,True,False,False,False
173667538,"{'steamid': '76561199063640093', 'num_games_owned': 0, 'num_reviews': 9, 'playtime_forever': 3591, 'playtime_last_two_weeks': 0, 'playtime_at_review': 1084, 'last_played': 1758058972}",portuguese,"One of the best cozy and farm game I played in my life, I recomend playing with someone. 5 stars.",1724890875,1725926563,True,0,0,0.5,0,True,False,False,False
173577404,"{'steamid': '76561198080510137', 'num_games_owned': 27, 'num_reviews': 3, 'playtime_forever': 4681, 'playtime_last_two_weeks': 0, 'playtime_at_review': 4452, 'last_played': 1724817777}",portuguese,Good,1724801474,1724801474,True,0,0,0.5,0,True,False,False,False
173570389,"{'steamid': '76561199130613871', 'num_games_owned': 31, 'num_reviews': 2, 'playtime_forever': 15137, 'playtime_last_two_weeks': 0, 'playtime_at_review': 10046, 'last_played': 1756351884}",portuguese,jogo muito bom,1724792547,1724792547,True,1,0,0.523809552192687988,0,True,False,False,False
173565544,"{'steamid': '76561199179426480', 'num_games_owned': 0, 'num_reviews': 2, 'playtime_forever': 2460, 'playtime_last_two_weeks': 0, 'playtime_at_review': 452, 'last_played': 1752103092}",portuguese,amei 😞,1724787623,1724787623,True,0,0,0.5,0,True,False,False,False
173270652,"{'steamid': '76561199588023749', 'num_games_owned': 0, 'num_reviews': 16, 'playtime_forever': 4894, 'playtime_last_two_weeks': 102, 'playtime_at_review': 3854, 'last_played': 1761613060}",portuguese,"carambolas=milhoes de carambolas=comprar um pirulito la na venda
fruta antiga= geleia riqueza
porcos=trufa=dinheiro",1724538226,1724538226,True,1,0,0.52173912525177002,0,True,False,False,False
173268606,"{'steamid': '76561199261578404', 'num_games_owned': 0, 'num_reviews': 14, 'playtime_forever': 255, 'playtime_last_two_weeks': 0, 'playtime_at_review': 69, 'last_played': 1741038527}",portuguese,w game but,1724536026,1724536026,True,0,0,0.5,0,True,False,False,False
173024649,"{'steamid': '76561198873752379', 'num_games_owned': 0, 'num_reviews': 2, 'playtime_forever': 150, 'playtime_last_two_weeks': 0, 'playtime_at_review': 5, 'last_played': 1759700645}",portuguese,muito bom 👍,1724360679,1724360679,True,0,0,0.5,0,True,False,False,False
173023800,"{'steamid': '76561199150842176', 'num_games_owned': 0, 'num_reviews': 1, 'playtime_forever': 10381, 'playtime_last_two_weeks': 0, 'playtime_at_review': 5956, 'last_played': 1749406706}",portuguese,"Um jogo intenso que nunca mais acalma, nunca fica aborrecido! Adoro
",1724359850,1724359850,True,0,0,0.5,0,True,False,False,False
172986917,"{'steamid': '76561198299529604', 'num_games_owned': 0, 'num_reviews': 1, 'playtime_forever': 24515, 'playtime_last_two_weeks': 0, 'playtime_at_review': 21627, 'last_played': 1725278940}",portuguese,Um jogo para descomprimir nos dias mais complicados.,1724338208,1724338208,True,0,0,0.5,0,True,False,False,False
172867679,"{'steamid': '76561199199790159', 'num_games_owned': 0, 'num_reviews': 2, 'playtime_forever': 9724, 'playtime_last_two_weeks': 60, 'playtime_at_review': 592, 'last_played': 1761022712}",portuguese,maravilha,1724260842,1724260842,True,0,0,0.5,0,True,False,False,False
172491979,"{'steamid': '76561199239730825', 'num_games_owned': 0, 'num_reviews': 1, 'playtime_forever': 12881, 'playtime_last_two_weeks': 0, 'playtime_at_review': 12284, 'last_played': 1735144108}",portuguese,muito bom :),1724116793,1724116793,True,0,0,0.5,0,True,False,False,False
172489755,"{'steamid': '76561199079137894', 'num_games_owned': 49, 'num_reviews': 4, 'playtime_forever': 12749, 'playtime_last_two_weeks': 0, 'playtime_at_review': 10835, 'last_played': 1752413039}",portuguese,👍,1724113391,1724113391,True,0,0,0.5,0,True,False,False,False
172418714,"{'steamid': '76561198340950538', 'num_games_owned': 69, 'num_reviews': 2, 'playtime_forever': 3570, 'playtime_last_two_weeks': 0, 'playtime_at_review': 3489, 'last_played': 1746027644}",portuguese,"Estava cansado da vida rotineira da cidade grande, aquele trabalho já não me satisfazia mais e vivia meus dias apenas para lucrar e não dava certo. Decidi, então, largar tudo que eu conhecia e visitar a aldeia pelicanos, onde meu querido vózinho residiu por muitos anos antes de sua morte, chegando lá, descobri as maravilhas de uma vida tranquila e pacifica, onde conheci muitas pessoas divertidas, ta certo que algumas delas perdiam seus shorts e outras perdiam seus machados, mas eu encontrei uma vida que pude finalmente me orgulhar.",1724017217,1724017217,True,3,0,0.541666686534881592,0,True,False,False,False
172347538,"{'steamid': '76561198120032193', 'num_games_owned': 0, 'num_reviews': 1, 'playtime_forever': 31410, 'playtime_last_two_weeks': 0, 'playtime_at_review': 20557, 'last_played': 1760885919}",portuguese,O jogo só não é perfeito porque a Robin e a Caroline são casadas,1723931561,1723931561,True,0,1,0.5,0,True,False,False,False
172315206,"{'steamid': '76561199529195337', 'num_games_owned': 0, 'num_reviews': 5, 'playtime_forever': 3135, 'playtime_last_two_weeks': 0, 'playtime_at_review': 1675, 'last_played': 1756334479}",portuguese,"Jogo muito bem feito, é difícil acreditar que foi feito por só uma pessoa.

10/10",1723898705,1723898705,True,2,1,0.545454561710357666,0,True,False,False,False
172204602,"{'steamid': '76561199034896686', 'num_games_owned': 109, 'num_reviews': 6, 'playtime_forever': 3360, 'playtime_last_two_weeks': 0, 'playtime_at_review': 412, 'last_played': 1742943585}",portuguese,"Very relaxing and fun. The perfect game exists, Ladies Gentleman and fine person.",1723758753,1723758753,True,0,0,0.5,0,True,False,False,False
172117209,"{'steamid': '76561199443301378', 'num_games_owned': 0, 'num_reviews': 1, 'playtime_forever': 1757, 'playtime_last_two_weeks': 0, 'playtime_at_review': 1527, 'last_played': 1759696491}",portuguese,m,1723651559,1723651559,True,0,0,0.5,0,True,False,False,False
172050865,"{'steamid': '76561199544813789', 'num_games_owned': 0, 'num_reviews': 3, 'playtime_forever': 25980, 'playtime_last_two_weeks': 17, 'playtime_at_review': 16029, 'last_played': 1761066405}",portuguese,"lINDO mARAVILHOSO
",1723564924,1723564924,True,0,0,0.5,0,True,True,False,False
171967969,"{'steamid': '76561198313531357', 'num_games_owned': 82, 'num_reviews': 3, 'playtime_forever': 3010, 'playtime_last_two_weeks': 0, 'playtime_at_review': 1646, 'last_played': 1732999930}",portuguese,"aquele jogo para relaxar, não existe pressa nem ninguém te forçando a te fazer o que você não quer",1723472010,1723472010,True,0,0,0.5,0,True,False,False,False
171852922,"{'steamid': '76561198246020436', 'num_games_owned': 40, 'num_reviews': 3, 'playtime_forever': 17676, 'playtime_last_two_weeks': 0, 'playtime_at_review': 16653, 'last_played': 1757971821}",portuguese,"não da pra pegar mulher casada, único erro do jogo é este.",1723323672,1723323672,True,1,0,0.523809552192687988,0,True,False,False,False
171784208,"{'steamid': '76561199230069334', 'num_games_owned': 27, 'num_reviews': 2, 'playtime_forever': 3031, 'playtime_last_two_weeks': 0, 'playtime_at_review': 1736, 'last_played': 1753381225}",portuguese,Eric Barone lysm,1723238919,1723238919,True,0,0,0.5,0,True,False,False,False
171637998,"{'steamid': '76561199489740766', 'num_games_owned': 0, 'num_reviews': 2, 'playtime_forever': 5825, 'playtime_last_two_weeks': 0, 'playtime_at_review': 1120, 'last_played': 1759421926}",portuguese,"Por vezes é um pouco overwhelming por ter tanta coisa para fazer em só um dia, mas é questão de gerir as coisas.
É o tipo de jogo que se perde a jogar <3",1723060685,1723060685,True,1,0,0.523809552192687988,0,True,False,False,False
171562493,"{'steamid': '76561199696219295', 'num_games_owned': 0, 'num_reviews': 1, 'playtime_forever': 26670, 'playtime_last_two_weeks': 1, 'playtime_at_review': 6837, 'last_played': 1761057557}",portuguese,Simplesmente perfeito,1722963461,1722963461,True,0,0,0.5,0,True,True,False,False
171216344,"{'steamid': '76561198085009215', 'num_games_owned': 0, 'num_reviews': 7, 'playtime_forever': 802, 'playtime_last_two_weeks': 0, 'playtime_at_review': 317, 'last_played': 1722977588}",portuguese,Pura nostalgia. Lembro das dezenas de horas que joguei Harvest Moon: Back to the Nature do Playstation 1. Bons tempos.,1722505357,1722505357,True,1,0,0.523809552192687988,0,True,False,False,False
171079318,"{'steamid': '76561199724836328', 'num_games_owned': 0, 'num_reviews': 1, 'playtime_forever': 9222, 'playtime_last_two_weeks': 0, 'playtime_at_review': 5009, 'last_played': 1741842686}",portuguese,"Falta a opção de tornar o linus rico, ou dar uma casa pra ele(cabana), e da Robin e do Demetrius terminarem e a robin se tornar personagem casavél, e adicionar uma nova ilha, a Joja ilha, onde descobrimos o mundo macabro da joja e seu monopolio de grana",1722325311,1722325311,True,0,0,0.5,0,True,False,False,False
171056220,"{'steamid': '76561199036985572', 'num_games_owned': 0, 'num_reviews': 7, 'playtime_forever': 1480, 'playtime_last_two_weeks': 0, 'playtime_at_review': 1451, 'last_played': 1741904977}",portuguese,Fazenda.Muito top sugiro muito para relaxar descansar.Muito poguers!!!!!!!!!!!!!!!!!!!,1722289474,1722289474,True,0,0,0.5,0,True,False,False,False
170910635,"{'steamid': '76561198116519963', 'num_games_owned': 179, 'num_reviews': 18, 'playtime_forever': 1504, 'playtime_last_two_weeks': 0, 'playtime_at_review': 1139, 'last_played': 1760560500}",portuguese,pretty cool and relaxing game :D,1722113507,1722113507,True,0,0,0.5,0,True,False,False,False
170840601,"{'steamid': '76561199529987894', 'num_games_owned': 0, 'num_reviews': 6, 'playtime_forever': 18297, 'playtime_last_two_weeks': 0, 'playtime_at_review': 17469, 'last_played': 1750283374}",portuguese,"melhor jogo q joguei de sempre, estas foram as melhores 290 horas da minha vida recomendo para qualquer pessoa.",1722038093,1732729559,True,3,1,0.565217375755310059,0,True,False,False,False
170586500,"{'steamid': '76561198295501341', 'num_games_owned': 0, 'num_reviews': 10, 'playtime_forever': 4153, 'playtime_last_two_weeks': 0, 'playtime_at_review': 439, 'last_played': 1757279150}",portuguese,"I truly cannot recommend you enough to play this game. The game is just amazing to play, both the single and multiplayer. I had previously played in another account. You should really try out this game especially if you want a break from the common games you play. I believe this game is suited for everyone, even tho I found it hard to start playing it at the benning (like for the first 2-4 hours), still, I'm glad I keept playing because this was one of the best games I played since a few years and I cannot describe how relaxing and good experience it was. You will have guaranteed like 100 hours of play in your first save.",1721773255,1721774171,True,0,0,0.5,0,True,False,False,False
170322845,"{'steamid': '76561198069570887', 'num_games_owned': 0, 'num_reviews': 1, 'playtime_forever': 8265, 'playtime_last_two_weeks': 0, 'playtime_at_review': 7756, 'last_played': 1760316644}",portuguese,legal,1721486164,1721486164,True,0,0,0.5,0,True,False,False,False
170108395,"{'steamid': '76561198167259702', 'num_games_owned': 0, 'num_reviews': 1, 'playtime_forever': 956, 'playtime_last_two_weeks': 0, 'playtime_at_review': 395, 'last_played': 1733693764}",portuguese,"MUITO BOM, DIVERSAS ATIVIDADES E MODOS",1721245976,1721245976,True,0,0,0.5,0,True,False,False,False
170006801,"{'steamid': '76561199177950639', 'num_games_owned': 0, 'num_reviews': 1, 'playtime_forever': 8619, 'playtime_last_two_weeks': 0, 'playtime_at_review': 490, 'last_played': 1727636016}",portuguese,"Viciante, divertido, com muitas variedades de missões.",1721143784,1721143784,True,0,0,0.5,0,True,False,False,False
169993262,"{'steamid': '76561198079108905', 'num_games_owned': 0, 'num_reviews': 4, 'playtime_forever': 790, 'playtime_last_two_weeks': 0, 'playtime_at_review': 500, 'last_played': 1721179854}",portuguese,muito bom,1721131355,1721131355,True,0,0,0.5,0,True,False,False,False
169819503,"{'steamid': '76561199080026227', 'num_games_owned': 23, 'num_reviews': 6, 'playtime_forever': 4805, 'playtime_last_two_weeks': 0, 'playtime_at_review': 1958, 'last_played': 1756502104}",portuguese,Viciantemente bom!,1720928612,1720928612,True,0,0,0.5,0,True,True,False,False
169802817,"{'steamid': '76561198190186817', 'num_games_owned': 22, 'num_reviews': 4, 'playtime_forever': 6359, 'playtime_last_two_weeks': 0, 'playtime_at_review': 1459, 'last_played': 1747251118}",portuguese,JOGO PERFEITO,1720908167,1720908167,True,0,0,0.5,0,True,False,False,False
169801813,"{'steamid': '76561198844684695', 'num_games_owned': 0, 'num_reviews': 5, 'playtime_forever': 49208, 'playtime_last_two_weeks': 0, 'playtime_at_review': 18048, 'last_played': 1753480435}",portuguese,SEBASTIANNNNNNNNNNNNNNNNNNNNNNNNNNN,1720907136,1720907136,True,0,0,0.5,0,True,False,False,False
169756685,"{'steamid': '76561198044319064', 'num_games_owned': 57, 'num_reviews': 2, 'playtime_forever': 2728, 'playtime_last_two_weeks': 0, 'playtime_at_review': 1580, 'last_played': 1753281519}",portuguese,So much to do. never boring :D,1720866766,1720866766,True,0,0,0.5,0,True,False,False,False
169552774,"{'steamid': '76561199122045588', 'num_games_owned': 31, 'num_reviews': 34, 'playtime_forever': 259, 'playtime_last_two_weeks': 0, 'playtime_at_review': 259, 'last_played': 1700520686}",portuguese,quase adormeci mas curto de pescar e matar bixos,1720660723,1720660723,True,0,0,0.5,0,True,False,False,False
169534867,"{'steamid': '76561198307423657', 'num_games_owned': 96, 'num_reviews': 16, 'playtime_forever': 318, 'playtime_last_two_weeks': 0, 'playtime_at_review': 199, 'last_played': 1731865782}",portuguese,Muito bom,1720642557,1720642557,True,0,0,0.5,0,True,False,False,False
169529017,"{'steamid': '76561198166816283', 'num_games_owned': 93, 'num_reviews': 2, 'playtime_forever': 4074, 'playtime_last_two_weeks': 0, 'playtime_at_review': 3488, 'last_played': 1757029825}",portuguese,"perfect, to the most minute detail",1720637553,1720637553,True,0,0,0.5,0,True,False,False,False
169355004,"{'steamid': '76561199210102633', 'num_games_owned': 0, 'num_reviews': 3, 'playtime_forever': 3525, 'playtime_last_two_weeks': 0, 'playtime_at_review': 703, 'last_played': 1747254233}",portuguese,"muito fiche
",1720466683,1720466683,True,1,1,0.523809552192687988,0,True,False,False,False
169341828,"{'steamid': '76561198953542476', 'num_games_owned': 0, 'num_reviews': 5, 'playtime_forever': 13221, 'playtime_last_two_weeks': 0, 'playtime_at_review': 12990, 'last_played': 1720557121}",portuguese,bom,1720455543,1720455543,True,0,0,0.5,0,True,False,False,False
169331744,"{'steamid': '76561199380380830', 'num_games_owned': 9, 'num_reviews': 8, 'playtime_forever': 8881, 'playtime_last_two_weeks': 0, 'playtime_at_review': 2671, 'last_played': 1754151864}",portuguese,Incraibel,1720447197,1720447197,True,0,0,0.5,0,True,False,False,False
169284378,"{'steamid': '76561198807857707', 'num_games_owned': 0, 'num_reviews': 3, 'playtime_forever': 1570, 'playtime_last_two_weeks': 0, 'playtime_at_review': 767, 'last_played': 1756766072}",portuguese,goated,1720392572,1720392572,True,0,0,0.5,0,True,False,False,False
169271649,"{'steamid': '76561199008189495', 'num_games_owned': 0, 'num_reviews': 10, 'playtime_forever': 1726, 'playtime_last_two_weeks': 0, 'playtime_at_review': 234, 'last_played': 1760986257}",portuguese,.,1720381471,1720381471,True,0,0,0.5,0,True,False,False,False
169188597,"{'steamid': '76561199078251737', 'num_games_owned': 0, 'num_reviews': 9, 'playtime_forever': 23628, 'playtime_last_two_weeks': 0, 'playtime_at_review': 6784, 'last_played': 1731271678}",portuguese,"É bonzinho e tem bastante coisa pra fazer. ( fiquei muito viciado, cuidado! )",1720309033,1720309033,True,0,0,0.5,0,True,False,False,False
169103019,"{'steamid': '76561198913735447', 'num_games_owned': 0, 'num_reviews': 13, 'playtime_forever': 2534, 'playtime_last_two_weeks': 0, 'playtime_at_review': 2171, 'last_played': 1759384421}",portuguese,simplesmente o melhor jogo,1720226854,1720226854,True,0,0,0.5,0,True,False,False,False
169091654,"{'steamid': '76561199480559537', 'num_games_owned': 130, 'num_reviews': 7, 'playtime_forever': 14230, 'playtime_last_two_weeks': 0, 'playtime_at_review': 320, 'last_played': 1758650231}",portuguese,ser fazendeiro é bom demais uai!,1720214611,1720214611,True,0,0,0.5,0,True,False,False,False
168915249,"{'steamid': '76561199083721725', 'num_games_owned': 0, 'num_reviews': 3, 'playtime_forever': 3415, 'playtime_last_two_weeks': 0, 'playtime_at_review': 1643, 'last_played': 1747502863}",portuguese,Excelente jogo!,1720039462,1720039462,True,0,0,0.5,0,True,False,False,False
168736894,"{'steamid': '76561199170290437', 'num_games_owned': 0, 'num_reviews': 33, 'playtime_forever': 2074, 'playtime_last_two_weeks': 0, 'playtime_at_review': 2074, 'last_played': 1719879566}",portuguese,"I liked the game in the beggining but i played for so long i got tired and it's now sh1t. Anyways i got married and i got a cat so i guess it's cool. And i got mushrooms too yea that's cool ig. The fishing was pretty cool ngl and i gifted rocks to an homeless person so i guess that's cool too. Anyways 0/10 would not play again, but buy this game, just don't play like 10 hours straight like me, because you'll get tired pretty soon. Oh and i tought this was a simple planting type sh1t game or lofi type game but when you go to a fckin cave to get yo @ss wooped by some 3 mother fuckin green ahh bug it's sh1t asf because i get scared to loose my everything i got in inventory so it's BAD. Overall the farm part is pretty chill, but the rest of the game is just bad and tilting so yea buy this terraria ahh lookin game.",1719879910,1719879910,True,0,0,0.5,1,True,False,False,False
168701927,"{'steamid': '76561199237796776', 'num_games_owned': 0, 'num_reviews': 3, 'playtime_forever': 2068, 'playtime_last_two_weeks': 0, 'playtime_at_review': 1988, 'last_played': 1742746537}",portuguese,Eu nao gostei do jogo pois tenho um amigo chamado Henrique que so faz porcaria no map,1719848181,1719848181,True,0,0,0.5,0,True,False,False,False
168624780,"{'steamid': '76561199229929937', 'num_games_owned': 57, 'num_reviews': 10, 'playtime_forever': 5831, 'playtime_last_two_weeks': 0, 'playtime_at_review': 4758, 'last_played': 1760266787}",portuguese,cat,1719771047,1755192573,True,0,0,0.5,0,True,False,False,False
168537608,"{'steamid': '76561198849029287', 'num_games_owned': 44, 'num_reviews': 11, 'playtime_forever': 4677, 'playtime_last_two_weeks': 0, 'playtime_at_review': 264, 'last_played': 1746295325}",portuguese,best gamer eveeeerrrrrr (linus is jesus on morden days),1719700515,1719700515,True,0,2,0.5,0,True,False,False,False
168532062,"{'steamid': '76561198877749792', 'num_games_owned': 91, 'num_reviews': 16, 'playtime_forever': 18232, 'playtime_last_two_weeks': 0, 'playtime_at_review': 17838, 'last_played': 1748145665}",portuguese,"um jogo 2D Quase perfeito, pena que não dá pra pegar casadas :(",1719695333,1719695333,True,6,2,0.614035129547119141,0,True,False,False,False
168388169,"{'steamid': '76561198931564828', 'num_games_owned': 0, 'num_reviews': 2, 'playtime_forever': 3283, 'playtime_last_two_weeks': 5, 'playtime_at_review': 1347, 'last_played': 1761847703}",portuguese,This game is so good. I first bought it for the switch but I loved it so much that I ended up buying it again for the PC. One of my favorite games EVER!,1719563359,1719563359,True,0,0,0.5,0,True,False,False,False
168388095,"{'steamid': '76561199079084208', 'num_games_owned': 0, 'num_reviews': 3, 'playtime_forever': 43921, 'playtime_last_two_weeks': 0, 'playtime_at_review': 42859, 'last_played': 1755202010}",portuguese,,1719563272,1719563272,True,0,0,0.5,0,True,False,False,False
168258203,"{'steamid': '76561198367599693', 'num_games_owned': 36, 'num_reviews': 5, 'playtime_forever': 12573, 'playtime_last_two_weeks': 0, 'playtime_at_review': 8462, 'last_played': 1722526024}",portuguese,bm d+,1719415577,1719415577,True,0,0,0.5,0,True,False,False,False
168223580,"{'steamid': '76561199138303828', 'num_games_owned': 0, 'num_reviews': 2, 'playtime_forever': 2600, 'playtime_last_two_weeks': 0, 'playtime_at_review': 230, 'last_played': 1747958984}",portuguese,stardew valley,1719373693,1719373693,True,0,1,0.5,0,True,False,False,False
167952697,"{'steamid': '76561199050380093', 'num_games_owned': 38, 'num_reviews': 1, 'playtime_forever': 3544, 'playtime_last_two_weeks': 0, 'playtime_at_review': 3113, 'last_played': 1745026307}",portuguese,jogo foda,1719091750,1719097139,True,5,0,0.60000002384185791,0,True,False,False,False
167933208,"{'steamid': '76561198151184699', 'num_games_owned': 0, 'num_reviews': 4, 'playtime_forever': 13204, 'playtime_last_two_weeks': 0, 'playtime_at_review': 10661, 'last_played': 1759702456}",portuguese,Sooooooooooooooooooooo goooooooooooooooood,1719075102,1719075102,True,0,0,0.5,0,True,False,False,False
167884610,"{'steamid': '76561198259274653', 'num_games_owned': 15, 'num_reviews': 3, 'playtime_forever': 9235, 'playtime_last_two_weeks': 0, 'playtime_at_review': 9198, 'last_played': 1719029335}",portuguese,bom,1719026683,1719026683,True,0,0,0.5,0,True,False,False,False
167830459,"{'steamid': '76561199155207344', 'num_games_owned': 0, 'num_reviews': 15, 'playtime_forever': 5249, 'playtime_last_two_weeks': 0, 'playtime_at_review': 3140, 'last_played': 1752153287}",portuguese,don't choose the wrong hair,1718968494,1718968494,True,0,0,0.5,0,True,False,False,False
167828725,"{'steamid': '76561199085001806', 'num_games_owned': 78, 'num_reviews': 7, 'playtime_forever': 3865, 'playtime_last_two_weeks': 0, 'playtime_at_review': 2298, 'last_played': 1755529348}",portuguese,"very good to play with friends and when ur bored xD.

recommend very much",1718966402,1718966402,True,0,0,0.476190477609634399,1,True,False,False,False
167701153,"{'steamid': '76561199567684815', 'num_games_owned': 0, 'num_reviews': 1, 'playtime_forever': 8202, 'playtime_last_two_weeks': 0, 'playtime_at_review': 7746, 'last_played': 1740326533}",portuguese,O jogo é muito relaxante,1718810902,1718810902,True,0,0,0.5,0,True,False,False,False
167681713,"{'steamid': '76561199165693242', 'num_games_owned': 0, 'num_reviews': 7, 'playtime_forever': 3274, 'playtime_last_two_weeks': 0, 'playtime_at_review': 2911, 'last_played': 1721248184}",portuguese,:),1718786003,1718786003,True,0,0,0.5,0,True,False,False,False
167632184,"{'steamid': '76561199066450596', 'num_games_owned': 0, 'num_reviews': 2, 'playtime_forever': 2199, 'playtime_last_two_weeks': 0, 'playtime_at_review': 1695, 'last_played': 1752017360}",portuguese,joguinho bom para quem quer relaxar mas acho que quem trabalha o dia todo aceitaria como jogo relaxante,1718722041,1718722041,True,0,0,0.5,0,True,False,False,False
167587059,"{'steamid': '76561199230965253', 'num_games_owned': 4, 'num_reviews': 1, 'playtime_forever': 3616, 'playtime_last_two_weeks': 8, 'playtime_at_review': 1816, 'last_played': 1761513367}",portuguese,"gosto
",1718657096,1718657096,True,0,0,0.5,0,True,False,False,False
167556739,"{'steamid': '76561199244466527', 'num_games_owned': 0, 'num_reviews': 1, 'playtime_forever': 4951, 'playtime_last_two_weeks': 0, 'playtime_at_review': 3029, 'last_played': 1752169265}",portuguese,"Bem relaxante e calmo
Super recomendo para dias de stress",1718623792,1718623792,True,0,0,0.5,0,True,False,False,False
167500433,"{'steamid': '76561199558316436', 'num_games_owned': 0, 'num_reviews': 1, 'playtime_forever': 4835, 'playtime_last_two_weeks': 0, 'playtime_at_review': 4835, 'last_played': 1714768827}",portuguese,o jogo é muito satisfatório e bom para quem gosta de simuladores de vida e também de interagir com os outros personagens.,1718550574,1718550574,True,1,0,0.523809552192687988,0,True,True,False,False
167498640,"{'steamid': '76561199228485061', 'num_games_owned': 0, 'num_reviews': 1, 'playtime_forever': 6150, 'playtime_last_two_weeks': 0, 'playtime_at_review': 2556, 'last_played': 1727580630}",portuguese,"Fazendinha bacana, né.",1718549127,1718549127,True,0,0,0.5,0,True,False,False,False
167438939,"{'steamid': '76561199205888496', 'num_games_owned': 0, 'num_reviews': 2, 'playtime_forever': 12816, 'playtime_last_two_weeks': 0, 'playtime_at_review': 12815, 'last_played': 1759583503}",portuguese,fazendinha<3,1718477633,1718477633,True,0,0,0.5,0,True,False,False,False
167283354,"{'steamid': '76561199529852131', 'num_games_owned': 12, 'num_reviews': 2, 'playtime_forever': 4632, 'playtime_last_two_weeks': 0, 'playtime_at_review': 628, 'last_played': 1755884801}",portuguese,acabou com a minha vida mas eu adoro,1718293908,1718293908,True,0,0,0.5,0,True,False,False,False
167221757,"{'steamid': '76561199585611606', 'num_games_owned': 5, 'num_reviews': 1, 'playtime_forever': 27380, 'playtime_last_two_weeks': 0, 'playtime_at_review': 371, 'last_played': 1750349356}",portuguese,J,1718206347,1718206347,True,0,0,0.5,0,True,False,False,False
167172042,"{'steamid': '76561199481931807', 'num_games_owned': 0, 'num_reviews': 5, 'playtime_forever': 8889, 'playtime_last_two_weeks': 0, 'playtime_at_review': 6471, 'last_played': 1727140293}",portuguese,D+ ᕙ(^▿^-ᕙ),1718135899,1718135899,True,0,0,0.5,0,True,False,False,False
167015826,"{'steamid': '76561199202005580', 'num_games_owned': 0, 'num_reviews': 3, 'playtime_forever': 19605, 'playtime_last_two_weeks': 447, 'playtime_at_review': 11658, 'last_played': 1761384688}",portuguese,",,,,,,,",1717940958,1717940958,True,0,0,0.5,0,True,False,False,False
166985672,"{'steamid': '76561198330662834', 'num_games_owned': 5, 'num_reviews': 1, 'playtime_forever': 1513, 'playtime_last_two_weeks': 0, 'playtime_at_review': 198, 'last_played': 1741585910}",portuguese,É perfeito. Gostaria de viver nesse jogo. Muita paz.,1717904836,1717904836,True,0,0,0.5,0,True,False,False,False
166977457,"{'steamid': '76561199092885357', 'num_games_owned': 18, 'num_reviews': 4, 'playtime_forever': 6040, 'playtime_last_two_weeks': 0, 'playtime_at_review': 5845, 'last_played': 1739901163}",portuguese,mtt foda ter 4 namoradas ao mesmo tempo slkkk cachorro,1717893870,1717893870,True,0,0,0.5,0,True,False,False,False
166943611,"{'steamid': '76561198980846085', 'num_games_owned': 0, 'num_reviews': 1, 'playtime_forever': 12290, 'playtime_last_two_weeks': 0, 'playtime_at_review': 2938, 'last_played': 1732745867}",portuguese,"Muito tranquilo o jogo, bom para horas vagas.",1717860469,1717860469,True,0,0,0.5,0,True,False,False,False
166851014,"{'steamid': '76561198014571754', 'num_games_owned': 0, 'num_reviews': 4, 'playtime_forever': 491, 'playtime_last_two_weeks': 0, 'playtime_at_review': 456, 'last_played': 1758459032}",portuguese,"I've always loved Pokemon games for Gameboy, and this game reminds me of my childhood days, due to its graphics and also a little bit of its gameplay. When I found the game on the Steam market, I was immediately curious, also because it is supported for Mac. I only played for 5 hours but I can say that it is super fun and you don't notice how much time passes.

Love this game!",1717745715,1732824020,True,0,0,0.5,0,True,False,False,False
166833611,"{'steamid': '76561199469250575', 'num_games_owned': 0, 'num_reviews': 1, 'playtime_forever': 39233, 'playtime_last_two_weeks': 0, 'playtime_at_review': 693, 'last_played': 1761007502}",portuguese,JOGUEM. <3 !!!! =D,1717716769,1717716769,True,0,0,0.5,0,True,False,False,False
166621027,"{'steamid': '76561198869130725', 'num_games_owned': 0, 'num_reviews': 1, 'playtime_forever': 8703, 'playtime_last_two_weeks': 0, 'playtime_at_review': 1107, 'last_played': 1756337634}",portuguese,Jogo muito bom,1717449604,1717449604,True,0,0,0.5,0,True,True,False,False
166433341,"{'steamid': '76561198108147827', 'num_games_owned': 0, 'num_reviews': 6, 'playtime_forever': 8538, 'playtime_last_two_weeks': 0, 'playtime_at_review': 548, 'last_played': 1735262586}",portuguese,Jogo de fazendinha muito além das fazendinhas. Superou minhas expectativas.,1717208677,1717208677,True,0,0,0.5,0,True,False,False,False
166409337,"{'steamid': '76561199146072272', 'num_games_owned': 124, 'num_reviews': 8, 'playtime_forever': 10408, 'playtime_last_two_weeks': 95, 'playtime_at_review': 1868, 'last_played': 1761096812}",portuguese,"Oque dizer de um jogo que tem a Penny, Robin e fazenda, simsplesmente perfeito",1717177539,1717177539,True,1,0,0.523809552192687988,0,True,False,False,False
166400273,"{'steamid': '76561199082736207', 'num_games_owned': 0, 'num_reviews': 7, 'playtime_forever': 604, 'playtime_last_two_weeks': 0, 'playtime_at_review': 553, 'last_played': 1717281854}",portuguese,its perfect. but its shit because Pierre exists,1717167910,1717167910,False,0,0,0.5,0,True,False,False,False
166300190,"{'steamid': '76561199101293328', 'num_games_owned': 0, 'num_reviews': 3, 'playtime_forever': 811, 'playtime_last_two_weeks': 0, 'playtime_at_review': 726, 'last_played': 1717669536}",portuguese,Bom jogo,1717017980,1717017980,True,0,0,0.5,0,True,False,False,False
166297916,"{'steamid': '76561199138374730', 'num_games_owned': 0, 'num_reviews': 2, 'playtime_forever': 15231, 'playtime_last_two_weeks': 0, 'playtime_at_review': 10772, 'last_played': 1739633251}",portuguese,Feel loved simulator,1717015029,1717015029,True,0,0,0.5,0,True,False,False,False
166174427,"{'steamid': '76561198069722100', 'num_games_owned': 178, 'num_reviews': 5, 'playtime_forever': 15578, 'playtime_last_two_weeks': 0, 'playtime_at_review': 15578, 'last_played': 1716833420}",portuguese,:STARDROP:,1716833623,1716833623,True,0,0,0.5,0,True,False,False,False
166157863,"{'steamid': '76561199292239926', 'num_games_owned': 10, 'num_reviews': 7, 'playtime_forever': 4273, 'playtime_last_two_weeks': 1, 'playtime_at_review': 464, 'last_played': 1761589352}",portuguese,Jogo muito daora pa joga no tedio :),1716813977,1716813977,True,0,0,0.5,0,True,False,False,False
166067930,"{'steamid': '76561199387614727', 'num_games_owned': 0, 'num_reviews': 1, 'playtime_forever': 17898, 'playtime_last_two_weeks': 0, 'playtime_at_review': 576, 'last_played': 1745182420}",portuguese,"muito relaxing
",1716682777,1716682777,True,0,0,0.5,0,True,False,False,False
166033686,"{'steamid': '76561199049698359', 'num_games_owned': 38, 'num_reviews': 8, 'playtime_forever': 13176, 'playtime_last_two_weeks': 0, 'playtime_at_review': 661, 'last_played': 1759145109}",portuguese,Why make spring mission include winter and autumn fish.,1716645209,1716645209,True,0,0,0.5,1,True,False,False,False
166010087,"{'steamid': '76561199636528094', 'num_games_owned': 0, 'num_reviews': 4, 'playtime_forever': 1389, 'playtime_last_two_weeks': 0, 'playtime_at_review': 267, 'last_played': 1760097766}",portuguese,이런 개시발 이리듐 낚시대 존나 비싸네요;;,1716611205,1716611205,True,0,0,0.5,0,True,False,False,False
165763631,"{'steamid': '76561199070667784', 'num_games_owned': 0, 'num_reviews': 1, 'playtime_forever': 986, 'playtime_last_two_weeks': 0, 'playtime_at_review': 343, 'last_played': 1723513368}",portuguese,.,1716244448,1716244448,True,0,0,0.5,0,True,False,False,False
165601737,"{'steamid': '76561198798236500', 'num_games_owned': 9, 'num_reviews': 1, 'playtime_forever': 4167, 'playtime_last_two_weeks': 0, 'playtime_at_review': 234, 'last_played': 1737815720}",portuguese,ok,1716041984,1716041984,True,0,0,0.5,0,True,False,False,False
165442299,"{'steamid': '76561199656176010', 'num_games_owned': 0, 'num_reviews': 1, 'playtime_forever': 9587, 'playtime_last_two_weeks': 0, 'playtime_at_review': 511, 'last_played': 1750901010}",portuguese,"Perfeito, roda até em uma batata. Um amor de jogo.",1715824032,1715824032,True,0,0,0.5,0,True,False,False,False
165428992,"{'steamid': '76561198812356333', 'num_games_owned': 0, 'num_reviews': 1, 'playtime_forever': 14795, 'playtime_last_two_weeks': 0, 'playtime_at_review': 3555, 'last_played': 1754435782}",portuguese,"Muito bom, exceto pelo fato da impossibilidade de pegar mulher casada. 8/10",1715804230,1715804230,True,0,1,0.5,0,True,False,False,False
165162125,"{'steamid': '76561199441765427', 'num_games_owned': 9, 'num_reviews': 3, 'playtime_forever': 45836, 'playtime_last_two_weeks': 0, 'playtime_at_review': 12840, 'last_played': 1724281363}",portuguese,estou com problemas de instalação,1715454391,1715454391,True,0,0,0.5,0,True,False,False,False
165158117,"{'steamid': '76561199072598802', 'num_games_owned': 55, 'num_reviews': 31, 'playtime_forever': 602, 'playtime_last_two_weeks': 0, 'playtime_at_review': 205, 'last_played': 1718819065}",portuguese,jogo da fazenda,1715450686,1715450686,True,0,0,0.5,0,True,False,False,False
165155347,"{'steamid': '76561199622030464', 'num_games_owned': 0, 'num_reviews': 1, 'playtime_forever': 459, 'playtime_last_two_weeks': 0, 'playtime_at_review': 336, 'last_played': 1730648105}",portuguese,ok,1715448211,1715448211,True,0,0,0.5,0,True,False,False,False
165108282,"{'steamid': '76561199147999060', 'num_games_owned': 86, 'num_reviews': 1, 'playtime_forever': 2080, 'playtime_last_two_weeks': 0, 'playtime_at_review': 728, 'last_played': 1716507325}",portuguese,esse jogo e muito bereaful de fofinho,1715395156,1715395156,True,0,0,0.5,0,True,False,False,False
165102103,"{'steamid': '76561198994582754', 'num_games_owned': 0, 'num_reviews': 2, 'playtime_forever': 14069, 'playtime_last_two_weeks': 0, 'playtime_at_review': 10556, 'last_played': 1720033966}",portuguese,jogo bom agora libera as casada ai fazendo o favor,1715387375,1715387375,True,0,0,0.5,0,True,False,False,False
165027805,"{'steamid': '76561199678812401', 'num_games_owned': 0, 'num_reviews': 1, 'playtime_forever': 10339, 'playtime_last_two_weeks': 0, 'playtime_at_review': 1801, 'last_played': 1747779668}",portuguese,Excelente jogo!,1715300775,1715300775,True,0,0,0.5,0,True,False,False,False
165004155,"{'steamid': '76561199379870374', 'num_games_owned': 0, 'num_reviews': 4, 'playtime_forever': 4160, 'playtime_last_two_weeks': 0, 'playtime_at_review': 398, 'last_played': 1757253657}",portuguese,"very good , and here u can have a girlfriend thing that u dont have in real life",1715275251,1715275251,True,0,0,0.5,0,True,False,False,False
164948471,"{'steamid': '76561198271073386', 'num_games_owned': 75, 'num_reviews': 2, 'playtime_forever': 29971, 'playtime_last_two_weeks': 0, 'playtime_at_review': 25044, 'last_played': 1754264886}",portuguese,Vtf Demetrius,1715204225,1716154612,True,0,0,0.5,1,True,False,False,False
164922190,"{'steamid': '76561199091466192', 'num_games_owned': 16, 'num_reviews': 1, 'playtime_forever': 531, 'playtime_last_two_weeks': 0, 'playtime_at_review': 40, 'last_played': 1740169106}",portuguese,"pescar, pescar, pescar, pescar, pescar, pescar, pescar, pescar, pescar, pescar, pescar, pescar, pescar, pescar, pescar, pescar, pescar, pescar, pescar, pescar, pescar, pescar, pescar, pescar, pescar, pescar, pescar, pescar, pescar, pescar, pescar, pescar, pescar, pescar, pescar, pescar, pescar, pescar, pescar, pescar, pescar, pescar, pescar, pescar, pescar, pescar, pescar, pescar, pescar, pescar, pescar, pescar, pescar, pescar, pescar, pescar, pescar, pescar, pescar, pescar, pescar, pescar, pescar, pescar, pescar, pescar, pescar, pescar, pescar, pescar",1715180521,1715180521,True,0,0,0.5,0,True,False,False,False
164878678,"{'steamid': '76561198955856849', 'num_games_owned': 85, 'num_reviews': 2, 'playtime_forever': 612, 'playtime_last_two_weeks': 0, 'playtime_at_review': 427, 'deck_playtime_at_review': 6, 'last_played': 1716749062}",portuguese,muito bom,1715125406,1715125406,True,0,0,0.5,0,True,False,False,False
164603716,"{'steamid': '76561199445989979', 'num_games_owned': 109, 'num_reviews': 5, 'playtime_forever': 8845, 'playtime_last_two_weeks': 0, 'playtime_at_review': 5931, 'last_played': 1756371353}",portuguese,maionese de dinossauro.,1714953477,1714953477,True,0,0,0.5,0,True,False,False,False
164428746,"{'steamid': '76561198980615579', 'num_games_owned': 9, 'num_reviews': 2, 'playtime_forever': 643, 'playtime_last_two_weeks': 0, 'playtime_at_review': 305, 'last_played': 1746303573}",portuguese,fffffffffffff,1714885687,1714885687,True,0,0,0.5,0,True,False,False,False
164394088,"{'steamid': '76561198271710447', 'num_games_owned': 0, 'num_reviews': 3, 'playtime_forever': 1352, 'playtime_last_two_weeks': 0, 'playtime_at_review': 502, 'last_played': 1728955054}",portuguese,bom jogo,1714868998,1714868998,True,0,0,0.5,0,True,False,False,False
164337873,"{'steamid': '76561199191808869', 'num_games_owned': 0, 'num_reviews': 1, 'playtime_forever': 5388, 'playtime_last_two_weeks': 0, 'playtime_at_review': 802, 'last_played': 1759702785}",portuguese,o stardew valley é bue booom um dos melhores jogos q ja joguei,1714843777,1714843777,True,0,0,0.5,0,True,False,False,False
164151027,"{'steamid': '76561199142715033', 'num_games_owned': 0, 'num_reviews': 9, 'playtime_forever': 556, 'playtime_last_two_weeks': 0, 'playtime_at_review': 209, 'last_played': 1758896639}",portuguese,FOD4,1714752587,1714752587,True,0,0,0.5,0,True,False,False,False
164085249,"{'steamid': '76561199240848006', 'num_games_owned': 0, 'num_reviews': 2, 'playtime_forever': 4512, 'playtime_last_two_weeks': 0, 'playtime_at_review': 234, 'last_played': 1751588580}",portuguese,incrivel,1714686881,1714686881,True,0,0,0.5,0,True,False,False,False
164072076,"{'steamid': '76561199593726576', 'num_games_owned': 7, 'num_reviews': 2, 'playtime_forever': 1107, 'playtime_last_two_weeks': 0, 'playtime_at_review': 384, 'last_played': 1743265091}",portuguese,uns dos melhores jogos,1714672164,1714672164,True,1,0,0.523809552192687988,0,True,False,False,False
164054057,"{'steamid': '76561198108048908', 'num_games_owned': 83, 'num_reviews': 16, 'playtime_forever': 13625, 'playtime_last_two_weeks': 0, 'playtime_at_review': 9988, 'last_played': 1737755981}",portuguese,"Jogo incrível, recomendo a qualquer pessoa jogar, algo vai te prender nele por horas e horas",1714652913,1714652913,True,1,0,0.52173912525177002,0,True,False,False,False
163974519,"{'steamid': '76561198292551992', 'num_games_owned': 24, 'num_reviews': 2, 'playtime_forever': 6308, 'playtime_last_two_weeks': 0, 'playtime_at_review': 1844, 'last_played': 1718053085}",portuguese,Melhor joguinho de sempre,1714555603,1714555603,True,0,0,0.5,0,True,False,False,False
163852199,"{'steamid': '76561198884352267', 'num_games_owned': 0, 'num_reviews': 2, 'playtime_forever': 8152, 'playtime_last_two_weeks': 0, 'playtime_at_review': 4214, 'last_played': 1726668818}",portuguese,,1714407990,1714407990,True,2,0,0.545454561710357666,0,True,False,False,False
163799266,"{'steamid': '76561198984447677', 'num_games_owned': 57, 'num_reviews': 6, 'playtime_forever': 11218, 'playtime_last_two_weeks': 0, 'playtime_at_review': 10418, 'last_played': 1729440093}",portuguese,🐸👍,1714334304,1714334304,True,1,0,0.523809552192687988,0,True,False,False,False
163780797,"{'steamid': '76561199368090483', 'num_games_owned': 0, 'num_reviews': 2, 'playtime_forever': 9998, 'playtime_last_two_weeks': 0, 'playtime_at_review': 9084, 'last_played': 1741549677}",portuguese,   b,1714317475,1714317475,True,0,0,0.5,0,True,False,False,False
163760609,"{'steamid': '76561199137516091', 'num_games_owned': 0, 'num_reviews': 1, 'playtime_forever': 24144, 'playtime_last_two_weeks': 0, 'playtime_at_review': 4308, 'last_played': 1750880902}",portuguese,viciante,1714296482,1714296482,True,0,0,0.5,0,True,False,False,False
163741628,"{'steamid': '76561199191680383', 'num_games_owned': 11, 'num_reviews': 2, 'playtime_forever': 8599, 'playtime_last_two_weeks': 0, 'playtime_at_review': 5535, 'last_played': 1734225288}",portuguese,"jogo em dupla, só recomendo se jogar com alguém, ai vc tem com quem brigar k, amo",1714268885,1714268885,True,0,0,0.5,0,True,False,False,False
163653334,"{'steamid': '76561198313664959', 'num_games_owned': 47, 'num_reviews': 7, 'playtime_forever': 6749, 'playtime_last_two_weeks': 0, 'playtime_at_review': 6302, 'last_played': 1755126601}",portuguese,amo,1714170362,1714170362,True,0,0,0.5,0,True,False,False,False
163646170,"{'steamid': '76561198149027524', 'num_games_owned': 0, 'num_reviews': 1, 'playtime_forever': 7113, 'playtime_last_two_weeks': 0, 'playtime_at_review': 3268, 'last_played': 1716183093}",portuguese,"muito bom o jogo
vc nem ver a hora passar",1714162679,1714162679,True,0,0,0.5,0,True,False,False,False
163641440,"{'steamid': '76561199574100921', 'num_games_owned': 0, 'num_reviews': 4, 'playtime_forever': 6400, 'playtime_last_two_weeks': 0, 'playtime_at_review': 5673, 'last_played': 1748382037}",portuguese,POR QUE UE N POSSO CASAR COM ROBIN,1714158107,1714158107,True,0,0,0.5,0,True,False,False,False
163620221,"{'steamid': '76561199566302913', 'num_games_owned': 0, 'num_reviews': 4, 'playtime_forever': 20207, 'playtime_last_two_weeks': 0, 'playtime_at_review': 4374, 'last_played': 1758143852}",portuguese,"Viciante pa caralho, mas amável, Alex best charactrer",1714138599,1714138599,True,0,0,0.5,0,True,False,False,False
163564800,"{'steamid': '76561199117551149', 'num_games_owned': 0, 'num_reviews': 2, 'playtime_forever': 8631, 'playtime_last_two_weeks': 896, 'playtime_at_review': 5754, 'last_played': 1761699757}",portuguese,"É um dos melhores jogos alguma vez criado, acho incrível como é que apenas 1 pessoa conseguiu transformar este jogo em algo tão incrível! É otimo para passar o tempo e de longe um jogo extremamente relaxante!",1714058396,1714058396,True,0,0,0.5,0,True,False,False,False
163508834,"{'steamid': '76561199360944230', 'num_games_owned': 16, 'num_reviews': 5, 'playtime_forever': 4436, 'playtime_last_two_weeks': 0, 'playtime_at_review': 4414, 'last_played': 1716072297}",portuguese,dam,1713974912,1713974912,True,0,0,0.476190477609634399,0,True,False,False,False
163421007,"{'steamid': '76561198012879314', 'num_games_owned': 0, 'num_reviews': 11, 'playtime_forever': 3628, 'playtime_last_two_weeks': 0, 'playtime_at_review': 3628, 'last_played': 1682561247}",portuguese,"Não tinha grandes expectativas com esse jogo, mas me surpreendeu bastante. É bem viciante",1713846979,1713846979,True,0,0,0.5,0,True,False,False,False
163317757,"{'steamid': '76561199656145696', 'num_games_owned': 0, 'num_reviews': 1, 'playtime_forever': 1078, 'playtime_last_two_weeks': 0, 'playtime_at_review': 862, 'last_played': 1727509429}",portuguese,"The best farming role playing game out there. Fight me over it.
My second time on PC and also played on switch, holds himself on all, this last patch is prestine.",1713709851,1713709851,True,0,0,0.5,0,True,False,False,False
163268709,"{'steamid': '76561199111507687', 'num_games_owned': 0, 'num_reviews': 2, 'playtime_forever': 6197, 'playtime_last_two_weeks': 482, 'playtime_at_review': 4501, 'last_played': 1761778013}",portuguese,relaxante,1713649924,1713649924,True,0,0,0.5,0,True,False,False,False
163135444,"{'steamid': '76561199582369909', 'num_games_owned': 0, 'num_reviews': 1, 'playtime_forever': 14105, 'playtime_last_two_weeks': 0, 'playtime_at_review': 1379, 'last_played': 1755212811}",portuguese,<3,1713485738,1713485738,True,0,0,0.5,0,True,False,False,False
163129235,"{'steamid': '76561198401544528', 'num_games_owned': 0, 'num_reviews': 1, 'playtime_forever': 13692, 'playtime_last_two_weeks': 0, 'playtime_at_review': 5600, 'last_played': 1748221656}",portuguese,fazemda,1713476718,1713476718,True,1,0,0.523809552192687988,0,True,False,False,False
163064308,"{'steamid': '76561198821719133', 'num_games_owned': 0, 'num_reviews': 21, 'playtime_forever': 10355, 'playtime_last_two_weeks': 0, 'playtime_at_review': 6586, 'last_played': 1754094442}",portuguese,melhor jogo de fazenda q tem,1713384595,1713384595,True,0,0,0.5,0,True,False,False,False
162981437,"{'steamid': '76561199070383193', 'num_games_owned': 0, 'num_reviews': 1, 'playtime_forever': 4560, 'playtime_last_two_weeks': 0, 'playtime_at_review': 2292, 'last_played': 1716914481}",portuguese,haley so me trata mal e eu ainda amo ela,1713268476,1713268476,True,0,0,0.5,0,True,False,False,False
162940684,"{'steamid': '76561198441017093', 'num_games_owned': 0, 'num_reviews': 4, 'playtime_forever': 1317, 'playtime_last_two_weeks': 0, 'playtime_at_review': 661, 'last_played': 1730684301}",portuguese,Jogo calmo e trilha sonora mto boa >),1713202096,1713202096,True,0,0,0.5,0,True,False,False,False
162929354,"{'steamid': '76561198945535487', 'num_games_owned': 34, 'num_reviews': 3, 'playtime_forever': 2898, 'playtime_last_two_weeks': 0, 'playtime_at_review': 1157, 'last_played': 1756426508}",portuguese,"No começo meio estranho de acostumar, porem depois de poucas hrs de jogo fica perfeito e viciante, cada vez querendo mais.",1713188817,1713188817,True,0,0,0.5,0,True,False,False,False
162855473,"{'steamid': '76561199161401505', 'num_games_owned': 0, 'num_reviews': 2, 'playtime_forever': 6411, 'playtime_last_two_weeks': 0, 'playtime_at_review': 397, 'last_played': 1756831540}",portuguese,É um jogo muito bom para aliviar o stress do trabalho e quem não ama um bom jogo de fazenda.,1713089765,1713089765,True,0,0,0.5,0,True,False,False,False
162854691,"{'steamid': '76561198879751718', 'num_games_owned': 0, 'num_reviews': 12, 'playtime_forever': 8444, 'playtime_last_two_weeks': 0, 'playtime_at_review': 4687, 'last_played': 1760880632}",portuguese,Very relaxing and great endgame.,1713088826,1713088826,True,0,0,0.5,0,True,False,False,False
162815810,"{'steamid': '76561198807069229', 'num_games_owned': 32, 'num_reviews': 4, 'playtime_forever': 3569, 'playtime_last_two_weeks': 0, 'playtime_at_review': 790, 'last_played': 1757897099}",portuguese,oi parece terraria,1713036925,1713036925,True,1,0,0.523809552192687988,0,True,False,False,False
162691953,"{'steamid': '76561198212209236', 'num_games_owned': 65, 'num_reviews': 23, 'playtime_forever': 6397, 'playtime_last_two_weeks': 0, 'playtime_at_review': 3729, 'last_played': 1715543370}",portuguese,"jogue esse jogo sem pressa e sem ser ""tryhard"". vai ser divertido e relaxante.",1712877487,1712877487,True,0,0,0.5,0,True,False,False,False
162419338,"{'steamid': '76561198869138651', 'num_games_owned': 0, 'num_reviews': 57, 'playtime_forever': 1390, 'playtime_last_two_weeks': 0, 'playtime_at_review': 1242, 'last_played': 1716683867}",portuguese,healing.,1712503293,1712503293,True,2,0,0.545454561710357666,0,True,False,False,False
162403288,"{'steamid': '76561199219851972', 'num_games_owned': 0, 'num_reviews': 1, 'playtime_forever': 1994, 'playtime_last_two_weeks': 77, 'playtime_at_review': 683, 'last_played': 1762107785}",portuguese,"o jogo é muito fofo
",1712487278,1712487278,True,0,0,0.5,0,True,False,False,False
162300709,"{'steamid': '76561198296574518', 'num_games_owned': 56, 'num_reviews': 2, 'playtime_forever': 17728, 'playtime_last_two_weeks': 0, 'playtime_at_review': 12014, 'last_played': 1751662989}",portuguese,Literally one of the best games ever!,1712366448,1712366448,True,0,0,0.5,0,True,False,False,False
162224481,"{'steamid': '76561198219602939', 'num_games_owned': 40, 'num_reviews': 1, 'playtime_forever': 3925, 'playtime_last_two_weeks': 0, 'playtime_at_review': 3446, 'last_played': 1715462302}",portuguese,Baita game,1712276596,1712276596,True,0,0,0.5,0,True,False,False,False
162116199,"{'steamid': '76561198376245038', 'num_games_owned': 0, 'num_reviews': 1, 'playtime_forever': 15547, 'playtime_last_two_weeks': 469, 'playtime_at_review': 7373, 'last_played': 1761098450}",portuguese,its cool and cozy,1712156679,1712156679,True,0,0,0.5,0,True,False,False,False
162114860,"{'steamid': '76561198366000993', 'num_games_owned': 0, 'num_reviews': 3, 'playtime_forever': 3477, 'playtime_last_two_weeks': 0, 'playtime_at_review': 248, 'deck_playtime_at_review': 167, 'last_played': 1746373697}",portuguese,Hella fun farm game! You never get bored! Have it on multiple platforms and I just keep playing!!,1712155438,1712155438,True,5,1,0.576923072338104248,0,True,False,False,True
162096198,"{'steamid': '76561198121268702', 'num_games_owned': 258, 'num_reviews': 4, 'playtime_forever': 5015, 'playtime_last_two_weeks': 0, 'playtime_at_review': 3222, 'last_played': 1757791225}",portuguese,"jogo com alto fator de replay, agradavel para TODOS os tipos de jogadores.

para os tryhard: tenta completar o centro da comunidade 
para os relaxados: só planta e vai casar 

impossivel nao se emocionar com o centro, todos os personagens sao cativantes (e os chatos tem seus motivos para serem chatos)

roda em qualquer pc, e é multiplayer, se optar por este modo.
trilha sonora divertida, nada muito tchan
para os amantes de pixel art, é bem bonito!
Melhor esposa é a Emily (depois da Ni***e)
nota 9/10 (faltou uma musiquinha ambiente)",1712134393,1712134393,True,0,0,0.5,0,True,False,False,False
162055196,"{'steamid': '76561198283096870', 'num_games_owned': 0, 'num_reviews': 8, 'playtime_forever': 6750, 'playtime_last_two_weeks': 0, 'playtime_at_review': 2637, 'last_played': 1747157521}",portuguese,Probably the best farm sim out there! Not only that but you can do sooo so much in this game that it becomes well worth the money,1712086038,1712086038,True,0,0,0.5,0,True,False,False,False
162028433,"{'steamid': '76561198963567626', 'num_games_owned': 105, 'num_reviews': 2, 'playtime_forever': 13644, 'playtime_last_two_weeks': 0, 'playtime_at_review': 8707, 'last_played': 1743382461}",portuguese,A unica coisa ruim é que não da pra pegar casadas,1712066445,1712066445,True,0,1,0.5,0,True,False,False,False
161962716,"{'steamid': '76561199442163157', 'num_games_owned': 0, 'num_reviews': 3, 'playtime_forever': 2310, 'playtime_last_two_weeks': 0, 'playtime_at_review': 505, 'last_played': 1760551614}",portuguese,e bom,1711990041,1711990041,True,0,0,0.5,0,True,False,False,False
161930317,"{'steamid': '76561198072807564', 'num_games_owned': 0, 'num_reviews': 1, 'playtime_forever': 4167, 'playtime_last_two_weeks': 0, 'playtime_at_review': 1563, 'last_played': 1712953299}",portuguese,Ótimo jogo para passar o tempo e jogar com os amigos.,1711946285,1711946285,True,0,0,0.5,0,True,False,False,False
161904260,"{'steamid': '76561198862202972', 'num_games_owned': 34, 'num_reviews': 6, 'playtime_forever': 1086, 'playtime_last_two_weeks': 0, 'playtime_at_review': 775, 'last_played': 1755295886}",portuguese,"O jogo é muito bom! Vale cada centavo, a trilha sonora, todos os moradores da vila são incríveis! A mina, as tasks de matar monstros, o centro comunitário é tudo muito bom, vale a pena dar uma chance para esse jogo, no começo é um pouco difícil, mas vale a pena!",1711913700,1711913700,True,0,0,0.5,0,True,False,False,False
161889075,"{'steamid': '76561199237612458', 'num_games_owned': 85, 'num_reviews': 21, 'playtime_forever': 810, 'playtime_last_two_weeks': 0, 'playtime_at_review': 322, 'last_played': 1754322477}",portuguese,Relaxante,1711898765,1711898765,True,0,0,0.5,0,True,False,False,False
161875133,"{'steamid': '76561198925431601', 'num_games_owned': 0, 'num_reviews': 2, 'playtime_forever': 4413, 'playtime_last_two_weeks': 0, 'playtime_at_review': 1452, 'last_played': 1757183764}",portuguese,Jogo relaxante e com muitos segredos fixes para descobrir,1711884826,1711884826,True,0,0,0.5,0,True,False,False,False
161831770,"{'steamid': '76561198858506964', 'num_games_owned': 0, 'num_reviews': 3, 'playtime_forever': 6452, 'playtime_last_two_weeks': 0, 'playtime_at_review': 2664, 'last_played': 1754957020}",portuguese,"Tava jogando com meus amigos. Todo mundo tava se pegando e eu não peguei ninguém, achei paia. Não curto muito capilar lote, meu pai capina e eu acho ele paia, logo capinar é paia. Então eu fiquei pescando, pegar na vara é legal. Como faz para pegar a Leah? Já que meus amigos me abandonaram vou meter-lhe na Inteligência Artificial.",1711831067,1711831067,True,0,0,0.5,0,True,False,False,False
161806972,"{'steamid': '76561199657389678', 'num_games_owned': 0, 'num_reviews': 4, 'playtime_forever': 9153, 'playtime_last_two_weeks': 0, 'playtime_at_review': 669, 'last_played': 1758301332}",portuguese,o jogo é incri,1711808770,1711808770,True,0,0,0.5,0,True,False,False,False
161771101,"{'steamid': '76561198157177865', 'num_games_owned': 173, 'num_reviews': 4, 'playtime_forever': 28737, 'playtime_last_two_weeks': 0, 'playtime_at_review': 28476, 'last_played': 1750724790}",portuguese,Jogo excelente,1711763779,1711763779,True,1,0,0.5,0,True,False,False,False
161761441,"{'steamid': '76561198027181571', 'num_games_owned': 0, 'num_reviews': 2, 'playtime_forever': 1961, 'playtime_last_two_weeks': 359, 'playtime_at_review': 1477, 'last_played': 1762196325}",portuguese,"Jogo incrível. Relaxante, calmo, muita coisa para fazer, muitas actividades diferentes e aquele gostinho a RPG para sentirmos a evolução da personagem.",1711752349,1711752349,True,2,0,0.523809552192687988,0,True,False,False,False
161757941,"{'steamid': '76561198825782726', 'num_games_owned': 0, 'num_reviews': 1, 'playtime_forever': 4648, 'playtime_last_two_weeks': 0, 'playtime_at_review': 272, 'last_played': 1758316448}",portuguese,Great game :),1711748625,1711748625,True,0,0,0.5,0,True,False,False,False
161737573,"{'steamid': '76561199128206148', 'num_games_owned': 0, 'num_reviews': 1, 'playtime_forever': 5435, 'playtime_last_two_weeks': 0, 'playtime_at_review': 3772, 'last_played': 1716757574}",portuguese,amoooo oooooooooooooooooooooooooooooooooooooooooooooooooooooooooooooooooooooooooooooooooooooooooooooooooooooooooooo,1711729186,1711729186,True,0,0,0.5,0,True,False,False,False
161731039,"{'steamid': '76561198832971203', 'num_games_owned': 5, 'num_reviews': 1, 'playtime_forever': 3098, 'playtime_last_two_weeks': 0, 'playtime_at_review': 1911, 'last_played': 1716742794}",portuguese,fishe,1711723741,1711723741,True,0,0,0.5,0,True,False,False,False
161719590,"{'steamid': '76561199514130089', 'num_games_owned': 0, 'num_reviews': 4, 'playtime_forever': 3129, 'playtime_last_two_weeks': 0, 'playtime_at_review': 698, 'last_played': 1751492189}",portuguese,EU NÃO CONSIGO..........EU NÃO CONSIGO PEGAR MULHER CASADAAA,1711713032,1711713032,True,0,0,0.5,0,True,False,False,False
161718117,"{'steamid': '76561199591521936', 'num_games_owned': 0, 'num_reviews': 1, 'playtime_forever': 7150, 'playtime_last_two_weeks': 0, 'playtime_at_review': 408, 'last_played': 1748105422}",portuguese,10/10 Sam is my one true husband.,1711711335,1711711335,True,0,0,0.5,0,True,False,False,False
161706404,"{'steamid': '76561199545911184', 'num_games_owned': 0, 'num_reviews': 2, 'playtime_forever': 3288, 'playtime_last_two_weeks': 0, 'playtime_at_review': 1583, 'last_played': 1752146252}",portuguese,esse jogo é uma terapia,1711696880,1711696880,True,0,0,0.5,0,True,False,False,False
161660120,"{'steamid': '76561199257383740', 'num_games_owned': 0, 'num_reviews': 1, 'playtime_forever': 1815, 'playtime_last_two_weeks': 0, 'playtime_at_review': 720, 'last_played': 1759867270}",portuguese,"É um jogo muito relaxante e às vezes frustrante porque esqueço-me de tirar as coisas do baú ou de fazer as coisas que necessito de fazer mas enfim jogo muito bom, recomendo muito :)",1711641642,1711641642,True,0,0,0.5,0,True,False,False,False
161660060,"{'steamid': '76561198826076667', 'num_games_owned': 0, 'num_reviews': 1, 'playtime_forever': 471, 'playtime_last_two_weeks': 0, 'playtime_at_review': 334, 'last_played': 1760871574}",portuguese,10/10,1711641577,1711641577,True,1,0,0.523809552192687988,0,True,False,False,False
161619361,"{'steamid': '76561199099811425', 'num_games_owned': 0, 'num_reviews': 9, 'playtime_forever': 4254, 'playtime_last_two_weeks': 0, 'playtime_at_review': 1503, 'last_played': 1757127027}",portuguese,"Jogo muito bom para relaxar e se divertir com seus amigos, também é uma ótima opção para passar o tempo!",1711586238,1711586238,True,0,0,0.5,0,True,False,False,False
161615300,"{'steamid': '76561199066454325', 'num_games_owned': 191, 'num_reviews': 13, 'playtime_forever': 2478, 'playtime_last_two_weeks': 0, 'playtime_at_review': 1820, 'last_played': 1753112327}",portuguese,"que banger senhores, que banger!",1711581143,1732733435,True,12,0,0.661240637302398682,0,True,False,False,False
161614635,"{'steamid': '76561199194711142', 'num_games_owned': 0, 'num_reviews': 1, 'playtime_forever': 13506, 'playtime_last_two_weeks': 0, 'playtime_at_review': 9774, 'last_played': 1758896912}",portuguese,jepj,1711580292,1711580292,True,0,0,0.5,0,True,False,False,False
161588424,"{'steamid': '76561198964933429', 'num_games_owned': 0, 'num_reviews': 2, 'playtime_forever': 38060, 'playtime_last_two_weeks': 0, 'playtime_at_review': 14542, 'last_played': 1746575864}",portuguese,"One of the best farming games out there. Even after all this time, ConcernedApe is still pushing out updates.
Give it a try if you haven't already",1711553006,1711553006,True,1,0,0.52173912525177002,0,True,False,False,False
161581261,"{'steamid': '76561199500867928', 'num_games_owned': 0, 'num_reviews': 1, 'playtime_forever': 517, 'playtime_last_two_weeks': 0, 'playtime_at_review': 252, 'last_played': 1711923676}",portuguese,Muito bonito o gráfico do Jogo! Se você gosta de fazenda você vai adora este jogo!,1711546148,1711546148,True,0,0,0.5,0,True,False,False,False
161573968,"{'steamid': '76561198265382423', 'num_games_owned': 0, 'num_reviews': 7, 'playtime_forever': 1868, 'playtime_last_two_weeks': 0, 'playtime_at_review': 1175, 'last_played': 1759607022}",portuguese,Jogo muito bom e relaxante para jogar com amigos.,1711537846,1711537846,True,0,0,0.5,0,True,False,False,False
161537753,"{'steamid': '76561198086306019', 'num_games_owned': 0, 'num_reviews': 2, 'playtime_forever': 9044, 'playtime_last_two_weeks': 0, 'playtime_at_review': 3737, 'last_played': 1734734328}",portuguese,JOGO HORRIVEL NAO CONSIGO PARAR ME AJUDA PF MTO BOM HELP,1711487598,1711487598,True,0,0,0.5,0,True,False,False,False
161517820,"{'steamid': '76561198814013904', 'num_games_owned': 0, 'num_reviews': 1, 'playtime_forever': 2116, 'playtime_last_two_weeks': 0, 'playtime_at_review': 1836, 'last_played': 1721298562}",portuguese,amo aqui,1711469809,1711469809,True,0,0,0.5,0,True,False,False,False
161506463,"{'steamid': '76561199032158491', 'num_games_owned': 63, 'num_reviews': 6, 'playtime_forever': 11784, 'playtime_last_two_weeks': 0, 'playtime_at_review': 7055, 'last_played': 1732637146}",portuguese,Jogo fixe para ir apanhar batatas e me esquecer que tenho problemas reais,1711459489,1711459489,True,0,0,0.5,0,True,False,False,False
161475477,"{'steamid': '76561198378731833', 'num_games_owned': 0, 'num_reviews': 3, 'playtime_forever': 5709, 'playtime_last_two_weeks': 0, 'playtime_at_review': 5454, 'last_played': 1736263092}",portuguese,"Love SW but I literally cannot play it without mods, grinding is for the nerds, I just want a laid back gameplay and a cute farm.

Yes im saying this game requires a lot of time and energy, I dont have either of that",1711415845,1711415845,True,0,0,0.5,0,True,False,False,False
161453966,"{'steamid': '76561198059293194', 'num_games_owned': 0, 'num_reviews': 1, 'playtime_forever': 16790, 'playtime_last_two_weeks': 0, 'playtime_at_review': 13035, 'last_played': 1744378922}",portuguese,muito bom!,1711394344,1711394344,True,0,0,0.5,0,True,False,False,False
161448200,"{'steamid': '76561199076100578', 'num_games_owned': 0, 'num_reviews': 1, 'playtime_forever': 2777, 'playtime_last_two_weeks': 0, 'playtime_at_review': 1418, 'last_played': 1760298017}",portuguese,"É um jogo bastante dinâmico, há sempre coisas fazer e não fica secante. No entanto, acho que é um bocado complicado ganhar dinheiro. Temos de completar missões e vender coisas na caixa ao pé de casa, mas mesmo assim, acho difícil arranjar muito dinheiro.
Tirando isso, o jogo é bastante bom e divertido de jogar",1711389167,1711389167,True,1,0,0.523809552192687988,0,True,False,False,False
161434016,"{'steamid': '76561199124774222', 'num_games_owned': 0, 'num_reviews': 1, 'playtime_forever': 2737, 'playtime_last_two_weeks': 0, 'playtime_at_review': 2456, 'last_played': 1711392899}",portuguese,A wothy Harvest moon succesor.,1711376028,1711376028,True,0,0,0.5,0,True,False,False,False
161396302,"{'steamid': '76561199387439725', 'num_games_owned': 0, 'num_reviews': 5, 'playtime_forever': 1580, 'playtime_last_two_weeks': 0, 'playtime_at_review': 1124, 'last_played': 1722728710}",portuguese,e bom,1711324383,1711324383,True,0,0,0.5,0,True,False,False,False
161352604,"{'steamid': '76561199031358417', 'num_games_owned': 22, 'num_reviews': 1, 'playtime_forever': 40831, 'playtime_last_two_weeks': 3, 'playtime_at_review': 25130, 'last_played': 1761150688}",portuguese,"O jogo  faz querer sair e viver, mais a vida e aproveitar ela. 
Além de ser um jogo muito bom, eu aconselho a comprar ele.",1711287973,1711287973,True,4,0,0.565217375755310059,0,True,False,False,False
161345296,"{'steamid': '76561198842392456', 'num_games_owned': 0, 'num_reviews': 2, 'playtime_forever': 10293, 'playtime_last_two_weeks': 0, 'playtime_at_review': 8759, 'last_played': 1737414622}",portuguese,such a chill calming game <3,1711281915,1711281915,True,0,0,0.5,0,True,False,False,False
161302127,"{'steamid': '76561198057675474', 'num_games_owned': 0, 'num_reviews': 4, 'playtime_forever': 42128, 'playtime_last_two_weeks': 0, 'playtime_at_review': 30725, 'last_played': 1758822130}",portuguese,mui boeno,1711236112,1711236112,True,0,0,0.5,0,True,False,False,False
161286020,"{'steamid': '76561198141402573', 'num_games_owned': 103, 'num_reviews': 2, 'playtime_forever': 12450, 'playtime_last_two_weeks': 0, 'playtime_at_review': 12059, 'last_played': 1731721060}",portuguese,bom demaise,1711222010,1711222010,True,0,0,0.5,0,True,False,False,False
161248484,"{'steamid': '76561199038794547', 'num_games_owned': 40, 'num_reviews': 27, 'playtime_forever': 670, 'playtime_last_two_weeks': 0, 'playtime_at_review': 293, 'last_played': 1731800211}",portuguese,:),1711194464,1711194464,True,0,0,0.5,0,True,False,False,False
161194457,"{'steamid': '76561199378925677', 'num_games_owned': 3, 'num_reviews': 1, 'playtime_forever': 4453, 'playtime_last_two_weeks': 0, 'playtime_at_review': 639, 'last_played': 1760827855}",portuguese,.,1711143312,1711143312,True,0,0,0.5,0,True,False,False,False
161187786,"{'steamid': '76561199227756756', 'num_games_owned': 6, 'num_reviews': 6, 'playtime_forever': 3793, 'playtime_last_two_weeks': 0, 'playtime_at_review': 2145, 'last_played': 1756992205}",portuguese,jogo bom,1711137806,1711137806,True,0,0,0.5,0,True,False,False,False
160999648,"{'steamid': '76561199382982435', 'num_games_owned': 0, 'num_reviews': 5, 'playtime_forever': 1635, 'playtime_last_two_weeks': 0, 'playtime_at_review': 774, 'last_played': 1757612827}",portuguese,kkkkkkkkkkkkkkkkkkkkkkkkkkkkkkkkkkkkkkkkkkkkkkkkkkkkkkkkkkkkkkkkkkkkkkkkkkkkkkkkkkkkkkkkkkkkkkkkkkkkkkkkkkkkkkkkkkkkkkkkkkkkkkkkkkkkkkkkkkkkkkkkkkkkkkkkkkkkkkkkkkkkkkkkkkkkkkkkkkkkkkkkkkkkkkkkkkkkkk,1710948174,1710948174,True,0,0,0.476190477609634399,0,True,False,False,False
160994119,"{'steamid': '76561198315734346', 'num_games_owned': 0, 'num_reviews': 5, 'playtime_forever': 7197, 'playtime_last_two_weeks': 0, 'playtime_at_review': 2888, 'last_played': 1749834669}",portuguese,capitalism but make it cute pixels with a horse,1710943995,1710944485,True,0,0,0.5,0,True,False,False,False
160991297,"{'steamid': '76561198069196836', 'num_games_owned': 0, 'num_reviews': 11, 'playtime_forever': 1075, 'playtime_last_two_weeks': 0, 'playtime_at_review': 411, 'last_played': 1713035033}",portuguese,"Vi pouco conteúdo sobre e gostei muito na primeira game play. Muito divertido, recomendo!",1710941264,1710941264,True,2,0,0.545454561710357666,0,True,False,False,False
160953658,"{'steamid': '76561198262491993', 'num_games_owned': 7, 'num_reviews': 2, 'playtime_forever': 7618, 'playtime_last_two_weeks': 0, 'playtime_at_review': 3985, 'last_played': 1730319591}",portuguese,.,1710892256,1710892256,True,0,0,0.5,0,True,False,False,False
160938249,"{'steamid': '76561198348468703', 'num_games_owned': 0, 'num_reviews': 4, 'playtime_forever': 21433, 'playtime_last_two_weeks': 0, 'playtime_at_review': 20417, 'last_played': 1756815582}",portuguese,"Um jogo tranquilo, para quem gosta de uma gameplay progressiva e repetitiva no estilo ""slice of life"". O jogo oferece uma viagem a uma nova vida digital, com vários personagens com histórias individuais e únicas, o jogo oferece diversidade  em estilos de jogo pois contém várias tarefas e possibilidades, desta forma a repetição torna-se sempre diferente e progressiva, como exemplo as diferentes minas, locais de pesca e farms. A música e estilo artístico são muito bons em envolver o jogador no mundo de Stardew Valley.",1710875898,1710875898,True,0,0,0.5,0,True,False,False,False
160936046,"{'steamid': '76561199331234965', 'num_games_owned': 0, 'num_reviews': 2, 'playtime_forever': 9046, 'playtime_last_two_weeks': 100, 'playtime_at_review': 1866, 'last_played': 1761303515}",portuguese,its a good game,1710873736,1710873736,True,0,0,0.5,0,True,False,False,False
160910664,"{'steamid': '76561198113344711', 'num_games_owned': 47, 'num_reviews': 1, 'playtime_forever': 3102, 'playtime_last_two_weeks': 0, 'playtime_at_review': 457, 'deck_playtime_at_review': 50, 'last_played': 1733937353}",portuguese,Jogo perfeito,1710849739,1710849739,True,0,0,0.5,0,True,False,False,False
160868816,"{'steamid': '76561199053308861', 'num_games_owned': 0, 'num_reviews': 2, 'playtime_forever': 8245, 'playtime_last_two_weeks': 0, 'playtime_at_review': 2844, 'last_played': 1738172152}",portuguese,trás-os-montes simulator,1710792690,1710792690,True,0,0,0.5,0,True,False,False,False
160818336,"{'steamid': '76561199077880365', 'num_games_owned': 0, 'num_reviews': 4, 'playtime_forever': 17182, 'playtime_last_two_weeks': 0, 'playtime_at_review': 5962, 'last_played': 1758675689}",portuguese,LINDO PERFEITO PIXEL ARTE MARAVILHOSA,1710732069,1710732069,True,4,0,0.583333313465118408,0,True,False,False,False
160808362,"{'steamid': '76561199058709973', 'num_games_owned': 92, 'num_reviews': 6, 'playtime_forever': 1007, 'playtime_last_two_weeks': 0, 'playtime_at_review': 286, 'last_played': 1741359784}",portuguese,<3,1710719555,1710719555,True,0,0,0.5,0,True,False,False,False
160785044,"{'steamid': '76561199641021245', 'num_games_owned': 0, 'num_reviews': 1, 'playtime_forever': 2152, 'playtime_last_two_weeks': 0, 'playtime_at_review': 291, 'last_played': 1756676987}",portuguese,"MUITO BOM
",1710699118,1710699118,True,0,0,0.5,0,True,False,False,False
160325658,"{'steamid': '76561199129513225', 'num_games_owned': 51, 'num_reviews': 3, 'playtime_forever': 25641, 'playtime_last_two_weeks': 524, 'playtime_at_review': 13164, 'last_played': 1762131477}",portuguese,curou a minha depressão,1710161199,1710161199,True,0,1,0.5,0,True,False,False,False
160251475,"{'steamid': '76561199637847947', 'num_games_owned': 0, 'num_reviews': 1, 'playtime_forever': 2774, 'playtime_last_two_weeks': 0, 'playtime_at_review': 800, 'last_played': 1711805961}",portuguese,"Bem este jogo é muito bom, eu estou vicida, eu recomendo muito é muito bom dá para fazer várias coisas , voces tem de jogaar",1710066606,1710066606,True,0,0,0.5,0,True,False,False,False
160139710,"{'steamid': '76561199339903958', 'num_games_owned': 0, 'num_reviews': 6, 'playtime_forever': 1736, 'playtime_last_two_weeks': 0, 'playtime_at_review': 503, 'last_played': 1733959684}",portuguese,jogo,1709938872,1709938872,True,0,0,0.5,0,True,False,False,False
160016002,"{'steamid': '76561199538703146', 'num_games_owned': 0, 'num_reviews': 4, 'playtime_forever': 540, 'playtime_last_two_weeks': 0, 'playtime_at_review': 197, 'last_played': 1743318716}",portuguese,muito bom o jogo pra passar o tempo recomendo muito,1709787253,1709787253,True,0,0,0.5,0,True,False,False,False
159807619,"{'steamid': '76561199013566050', 'num_games_owned': 11, 'num_reviews': 4, 'playtime_forever': 1592, 'playtime_last_two_weeks': 0, 'playtime_at_review': 376, 'last_played': 1734051666}",portuguese,"very good this game
",1709506699,1709506699,True,0,0,0.5,0,True,False,False,False
159786257,"{'steamid': '76561199057813442', 'num_games_owned': 99, 'num_reviews': 6, 'playtime_forever': 3961, 'playtime_last_two_weeks': 0, 'playtime_at_review': 2475, 'last_played': 1717734377}",portuguese,Que jogo lindo e viciante!,1709485990,1709485990,True,0,0,0.5,0,True,False,False,False
159731392,"{'steamid': '76561198316597782', 'num_games_owned': 119, 'num_reviews': 11, 'playtime_forever': 6594, 'playtime_last_two_weeks': 0, 'playtime_at_review': 3435, 'last_played': 1715485716}",portuguese,"incrivel

eu gosto",1709428103,1709428103,True,0,0,0.5,0,True,False,False,False
159727554,"{'steamid': '76561199575479894', 'num_games_owned': 0, 'num_reviews': 5, 'playtime_forever': 5572, 'playtime_last_two_weeks': 0, 'playtime_at_review': 4074, 'last_played': 1754229800}",portuguese,"essa porra de jogo me viciou em 2 dias 
",1709423724,1709423724,True,0,0,0.5,0,True,False,False,False
159628068,"{'steamid': '76561198408367984', 'num_games_owned': 48, 'num_reviews': 1, 'playtime_forever': 3848, 'playtime_last_two_weeks': 0, 'playtime_at_review': 3829, 'last_played': 1711055681}",portuguese,perfeito,1709318719,1709318719,True,0,0,0.476190477609634399,0,True,False,False,False
159414821,"{'steamid': '76561199166221045', 'num_games_owned': 3, 'num_reviews': 3, 'playtime_forever': 11001, 'playtime_last_two_weeks': 0, 'playtime_at_review': 1894, 'last_played': 1717240677}",portuguese,"Jogo incrível. Me faz relaxar enquanto jogo e esquecer das coisas em volta de mim. O jogo me emerge bastante, e é isso que eu priorizo nos jogos. Espero que o jogo continue a evoluir a melhorar.",1709065412,1709065412,True,0,0,0.5,0,True,False,False,False
159348252,"{'steamid': '76561198972755338', 'num_games_owned': 13, 'num_reviews': 4, 'playtime_forever': 5091, 'playtime_last_two_weeks': 0, 'playtime_at_review': 5091, 'last_played': 1707577212}",portuguese,cool,1708980302,1708980302,True,0,0,0.5,0,True,False,False,False
159334812,"{'steamid': '76561199151665950', 'num_games_owned': 0, 'num_reviews': 1, 'playtime_forever': 10378, 'playtime_last_two_weeks': 0, 'playtime_at_review': 10377, 'last_played': 1733183618}",portuguese,"o jogo é bom, vale a pena.",1708965799,1733183358,True,0,0,0.5,0,True,False,False,False
159291180,"{'steamid': '76561199100563010', 'num_games_owned': 43, 'num_reviews': 5, 'playtime_forever': 1492, 'playtime_last_two_weeks': 0, 'playtime_at_review': 212, 'last_played': 1746745791}",portuguese,"jogo poggers, super bom pra jogar mas eu tenho que esconder o fato que usamos um pc de milhares de reais pra jogar jogo da fazendinha",1708908168,1708908168,True,0,0,0.5,0,True,True,False,False
159202786,"{'steamid': '76561199225869463', 'num_games_owned': 0, 'num_reviews': 2, 'playtime_forever': 14612, 'playtime_last_two_weeks': 0, 'playtime_at_review': 4800, 'last_played': 1753318142}",portuguese,"o jogo é otimo, com mod fica ainda mlr.",1708826349,1708826349,True,1,0,0.52173912525177002,0,True,False,False,False
159061331,"{'steamid': '76561199085809181', 'num_games_owned': 0, 'num_reviews': 4, 'playtime_forever': 2808, 'playtime_last_two_weeks': 0, 'playtime_at_review': 2649, 'last_played': 1759974885}",portuguese,brabo apenas,1708699239,1708699239,True,0,0,0.5,0,True,False,False,False
158467524,"{'steamid': '76561198855837250', 'num_games_owned': 0, 'num_reviews': 2, 'playtime_forever': 18379, 'playtime_last_two_weeks': 0, 'playtime_at_review': 2604, 'last_played': 1758152328}",portuguese,"This game saved my life. Can't wait to wake up everyday so I can watch my beautiful crops, fuss my neighbours trash and watch my pixel orange cat. 11/10",1708110151,1708110151,True,0,0,0.5,0,True,False,False,False
158229513,"{'steamid': '76561198870864086', 'num_games_owned': 0, 'num_reviews': 1, 'playtime_forever': 1135, 'playtime_last_two_weeks': 0, 'playtime_at_review': 1116, 'last_played': 1721842744}",portuguese,yas,1707831838,1707831838,True,2,0,0.523809552192687988,0,True,False,False,False
158227085,"{'steamid': '76561199591666064', 'num_games_owned': 0, 'num_reviews': 1, 'playtime_forever': 2539, 'playtime_last_two_weeks': 0, 'playtime_at_review': 566, 'last_played': 1735570362}",portuguese,MUITO DIVERTIDO,1707829312,1707829312,True,0,0,0.5,0,True,False,False,False
157868162,"{'steamid': '76561199486355822', 'num_games_owned': 3, 'num_reviews': 2, 'playtime_forever': 16782, 'playtime_last_two_weeks': 0, 'playtime_at_review': 2482, 'last_played': 1756771911}",portuguese,terrivel não compre amenos que queira ter o jogo mais relaxante da sua vida,1707414909,1707414909,True,0,0,0.5,0,True,False,False,False
157676391,"{'steamid': '76561199025446388', 'num_games_owned': 14, 'num_reviews': 1, 'playtime_forever': 5976, 'playtime_last_two_weeks': 0, 'playtime_at_review': 180, 'last_played': 1752612736}",portuguese,mt legal a fazendinha mas n da pra pegar mulher casada👎,1707169009,1707169009,True,19,14,0.722222208976745605,0,True,False,False,False
157598891,"{'steamid': '76561199627886373', 'num_games_owned': 0, 'num_reviews': 2, 'playtime_forever': 1639, 'playtime_last_two_weeks': 0, 'playtime_at_review': 384, 'last_played': 1744110750}",portuguese,muito bom adorooooooooooooooooooooo!!!,1707073539,1707073539,True,0,0,0.5,0,True,False,False,False
157380700,"{'steamid': '76561199140438506', 'num_games_owned': 3, 'num_reviews': 2, 'playtime_forever': 4153, 'playtime_last_two_weeks': 0, 'playtime_at_review': 496, 'last_played': 1753901919}",portuguese,top dms,1706845099,1706845099,True,0,0,0.5,0,True,False,False,False
157145363,"{'steamid': '76561199262180736', 'num_games_owned': 0, 'num_reviews': 12, 'playtime_forever': 3284, 'playtime_last_two_weeks': 0, 'playtime_at_review': 249, 'last_played': 1754929396}",portuguese,Muito bom para relaxar ou ficar 425 horas tentando pegar um peixe específico,1706562667,1706562667,True,0,0,0.5,0,True,False,False,False
157142306,"{'steamid': '76561198219565044', 'num_games_owned': 71, 'num_reviews': 3, 'playtime_forever': 10096, 'playtime_last_two_weeks': 0, 'playtime_at_review': 9505, 'last_played': 1729900381}",portuguese,My husband isn't an alcoholic.... he's just a gamer!,1706559177,1706559177,True,0,0,0.5,0,True,False,False,False
157025162,"{'steamid': '76561199582971922', 'num_games_owned': 0, 'num_reviews': 3, 'playtime_forever': 9118, 'playtime_last_two_weeks': 0, 'playtime_at_review': 361, 'last_played': 1750242612}",portuguese,"This game may not be a triple A game but surely for 14$ I enjoyed it more than any other game, best part is that its made by a single person.",1706432432,1721040807,True,1,0,0.523809552192687988,0,True,False,False,False
156897878,"{'steamid': '76561198317010280', 'num_games_owned': 0, 'num_reviews': 11, 'playtime_forever': 7129, 'playtime_last_two_weeks': 11, 'playtime_at_review': 1430, 'last_played': 1762103979}",portuguese,muito divertido,1706305688,1706305688,True,0,0,0.5,0,True,False,False,False
156837443,"{'steamid': '76561198835062906', 'num_games_owned': 33, 'num_reviews': 3, 'playtime_forever': 2986, 'playtime_last_two_weeks': 0, 'playtime_at_review': 1610, 'last_played': 1758755060}",portuguese,mto bom,1706241623,1706241623,True,0,0,0.5,0,True,False,False,False
156798680,"{'steamid': '76561199440353758', 'num_games_owned': 0, 'num_reviews': 1, 'playtime_forever': 7682, 'playtime_last_two_weeks': 0, 'playtime_at_review': 5215, 'last_played': 1706912871}",portuguese,muito incrível mas não pode pegar casadas,1706202533,1706202533,True,0,0,0.5,0,True,True,False,False
156720755,"{'steamid': '76561199245150791', 'num_games_owned': 0, 'num_reviews': 1, 'playtime_forever': 32325, 'playtime_last_two_weeks': 0, 'playtime_at_review': 3296, 'last_played': 1734632558}",portuguese,muito bom mas viciante recomendo,1706121330,1706121330,True,0,0,0.5,0,True,False,False,False
156672770,"{'steamid': '76561198088824438', 'num_games_owned': 0, 'num_reviews': 30, 'playtime_forever': 4642, 'playtime_last_two_weeks': 0, 'playtime_at_review': 4642, 'last_played': 1684199333}",portuguese,"Jogo muito bom, ótimo para jogar em coop",1706066514,1706066514,True,0,0,0.5,0,True,False,False,False
156547982,"{'steamid': '76561199154898317', 'num_games_owned': 0, 'num_reviews': 3, 'playtime_forever': 34693, 'playtime_last_two_weeks': 0, 'playtime_at_review': 20964, 'last_played': 1754324059}",portuguese,a,1705929310,1705929310,True,0,0,0.5,0,True,False,False,False
156509456,"{'steamid': '76561198869594320', 'num_games_owned': 36, 'num_reviews': 3, 'playtime_forever': 9931, 'playtime_last_two_weeks': 0, 'playtime_at_review': 435, 'last_played': 1747483871}",portuguese,rizz,1705880936,1705880936,True,0,0,0.5,0,True,False,False,False
156479386,"{'steamid': '76561198242973300', 'num_games_owned': 0, 'num_reviews': 2, 'playtime_forever': 2514, 'playtime_last_two_weeks': 0, 'playtime_at_review': 212, 'last_played': 1759631359}",portuguese,"vai se foder stardew valley, apostei o meu cu que bandle city teria COOP igual você, mas eu estava errado. Agora vou ter que dar o cuzinho.",1705854266,1705854266,True,1,0,0.497925341129302979,0,True,False,False,False
156476797,"{'steamid': '76561199535887952', 'num_games_owned': 0, 'num_reviews': 1, 'playtime_forever': 5207, 'playtime_last_two_weeks': 0, 'playtime_at_review': 3032, 'last_played': 1749250149}",portuguese,e bom mas n da pa pegar casada ;/,1705852364,1705852364,True,0,0,0.5,0,True,False,False,False
156392728,"{'steamid': '76561198347024835', 'num_games_owned': 0, 'num_reviews': 1, 'playtime_forever': 17639, 'playtime_last_two_weeks': 0, 'playtime_at_review': 17513, 'last_played': 1714784147}",portuguese,ate que é interessante,1705770162,1705770162,True,0,0,0.5,0,True,False,False,False
156290460,"{'steamid': '76561199200574581', 'num_games_owned': 28, 'num_reviews': 4, 'playtime_forever': 1105, 'playtime_last_two_weeks': 0, 'playtime_at_review': 614, 'last_played': 1756573095}",portuguese,um jogo muito relaxante,1705665796,1705665796,True,0,0,0.5,0,True,True,False,False
156197421,"{'steamid': '76561198274490547', 'num_games_owned': 107, 'num_reviews': 11, 'playtime_forever': 5765, 'playtime_last_two_weeks': 0, 'playtime_at_review': 5614, 'last_played': 1705543110}",portuguese,lol,1705531174,1705531174,True,0,0,0.5,0,True,False,False,False
156142282,"{'steamid': '76561199102547125', 'num_games_owned': 0, 'num_reviews': 1, 'playtime_forever': 23932, 'playtime_last_two_weeks': 0, 'playtime_at_review': 4304, 'last_played': 1757777686}",portuguese,"Meu irmão, compra logo isso.

O jogo é ótimo e você pode usar toda a sua criatividade. A história é muito boa e faz você ficar o dia todo no game esperando pelas próximas novidades.

Recomendo demais",1705456394,1705456394,True,0,0,0.5,0,True,False,False,False
156122295,"{'steamid': '76561199236477914', 'num_games_owned': 0, 'num_reviews': 1, 'playtime_forever': 17768, 'playtime_last_two_weeks': 769, 'playtime_at_review': 10600, 'last_played': 1762176729}",portuguese,"mt bom
",1705441591,1705441591,True,0,0,0.5,0,True,False,False,False
156008776,"{'steamid': '76561199037553369', 'num_games_owned': 21, 'num_reviews': 11, 'playtime_forever': 2018, 'playtime_last_two_weeks': 0, 'playtime_at_review': 1969, 'last_played': 1721318351}",portuguese,cocoxixibumbum,1705284855,1705284855,True,0,0,0.5,0,True,False,False,False
155994349,"{'steamid': '76561199243641897', 'num_games_owned': 0, 'num_reviews': 2, 'playtime_forever': 11798, 'playtime_last_two_weeks': 0, 'playtime_at_review': 95, 'last_played': 1757692976}",portuguese,Sebastian. Just Sebastian,1705266793,1705266793,True,1,0,0.523809552192687988,0,True,False,False,False
155724547,"{'steamid': '76561198195582366', 'num_games_owned': 79, 'num_reviews': 7, 'playtime_forever': 10666, 'playtime_last_two_weeks': 0, 'playtime_at_review': 6687, 'last_played': 1757538844}",portuguese,"Sabe quando você tem um dia cheio e tudo o que precisa é de algo para ajudar a esvaziar a mente? esse é o jogo perfeito. Stardew Valley possui uma combinação muito confortável e divertida de quests, ações, design, trilha sonora e história! Você pode passar os dias focando na fazenda, cuidando dos animais, conversando com os moradores da Vila Pelicano *vulgo ouvindo MUITA fofoca* e explorando partes bloqueadas e ""secretas"" do jogo, além de ter pesca, ilha vulcânica, bosque secreto e histórias com bruxas e duendes. É definitivamente um ótimo jogo para passar o tempo e se entreter :)",1704938600,1704938600,True,0,0,0.5,0,True,False,False,False
155718619,"{'steamid': '76561198415012394', 'num_games_owned': 32, 'num_reviews': 10, 'playtime_forever': 794, 'playtime_last_two_weeks': 0, 'playtime_at_review': 370, 'last_played': 1728180819}",portuguese,Its a farm.,1704930236,1704930236,True,0,0,0.5,0,True,False,False,False
155714248,"{'steamid': '76561198403831282', 'num_games_owned': 0, 'num_reviews': 1, 'playtime_forever': 28949, 'playtime_last_two_weeks': 0, 'playtime_at_review': 9663, 'last_played': 1760327547}",portuguese,"Agro é Tech, Agro é Pop, Agro é Tudo!",1704924190,1704924456,True,0,0,0.5,0,True,False,False,False
155661620,"{'steamid': '76561198996160662', 'num_games_owned': 116, 'num_reviews': 6, 'playtime_forever': 9486, 'playtime_last_two_weeks': 0, 'playtime_at_review': 9106, 'last_played': 1753402032}",portuguese,fazenda bom,1704852586,1732729207,True,0,1,0.5,0,True,False,False,False
155628086,"{'steamid': '76561199574671975', 'num_games_owned': 0, 'num_reviews': 1, 'playtime_forever': 2561, 'playtime_last_two_weeks': 0, 'playtime_at_review': 2265, 'last_played': 1715532912}",portuguese,Muito é bão,1704814060,1704814060,True,0,0,0.5,0,True,False,False,False
155598038,"{'steamid': '76561199221930348', 'num_games_owned': 31, 'num_reviews': 3, 'playtime_forever': 553, 'playtime_last_two_weeks': 0, 'playtime_at_review': 235, 'last_played': 1737481411}",portuguese,não da pra pegar mulher casada.,1704769569,1704769569,False,0,1,0.5,0,True,False,False,False
155531249,"{'steamid': '76561198406354172', 'num_games_owned': 33, 'num_reviews': 3, 'playtime_forever': 3472, 'playtime_last_two_weeks': 0, 'playtime_at_review': 1205, 'last_played': 1736770173}",portuguese,nice cozy game :),1704686832,1704686832,True,0,0,0.5,0,True,False,False,False
155488988,"{'steamid': '76561199354021375', 'num_games_owned': 87, 'num_reviews': 6, 'playtime_forever': 9974, 'playtime_last_two_weeks': 0, 'playtime_at_review': 9907, 'last_played': 1754755204}",portuguese,"Se você gosta de jogos de gerenciamento, de fazenda e pixelart você deve comprar. O preço dele já é MARAVILHOSO para o conteúdo que ele entrega. Mas às vezes ele fica em promoção, e vc pode aproveitar. Vai passar MUITAS horas se divertindo com ele, isso eu garanto!

O melhor simulador de fazenda que já joguei. Além de ser simulador de fazenda e gerenciamento, tem uma pixelart INCRÍVEL, feita por apenas uma pessoa. Se quiser zerar, rende fácil umas 200h de jogo. Tirando o facto de que tem co-op.",1704644848,1748282077,True,0,0,0.5,0,True,False,False,False
155431244,"{'steamid': '76561199591592439', 'num_games_owned': 0, 'num_reviews': 2, 'playtime_forever': 32141, 'playtime_last_two_weeks': 0, 'playtime_at_review': 180, 'last_played': 1757670011}",portuguese,"O jogo é incrível, maravilhoso melhor ainda se jogares com os teus colegas e se azarem mods vai conseguir uma nova grande quantidade de novas possibilidades do jogo:",1704583205,1704583205,True,0,0,0.5,0,True,True,False,False
155400342,"{'steamid': '76561199229747043', 'num_games_owned': 0, 'num_reviews': 2, 'playtime_forever': 8501, 'playtime_last_two_weeks': 0, 'playtime_at_review': 1190, 'last_played': 1720230403}",portuguese,Esse jogo dispensa comentarios,1704557585,1704557585,True,0,0,0.5,0,True,False,False,False
155352083,"{'steamid': '76561198085798276', 'num_games_owned': 0, 'num_reviews': 5, 'playtime_forever': 9046, 'playtime_last_two_weeks': 255, 'playtime_at_review': 2996, 'last_played': 1761499527}",portuguese,This is the only game where I can give my girlfriend seashells on the beach. And then we head to the bar. And she buys a bagette by mistake. I then fall asleep because it's late at night and i've been watering plants all day.,1704504536,1704504536,True,0,0,0.5,0,True,False,False,False
155324093,"{'steamid': '76561199375916102', 'num_games_owned': 0, 'num_reviews': 4, 'playtime_forever': 7740, 'playtime_last_two_weeks': 0, 'playtime_at_review': 3762, 'last_played': 1760756234}",portuguese,bom dms,1704477671,1704477671,True,0,0,0.5,0,True,False,False,False
155319368,"{'steamid': '76561198383018656', 'num_games_owned': 99, 'num_reviews': 3, 'playtime_forever': 699, 'playtime_last_two_weeks': 0, 'playtime_at_review': 467, 'last_played': 1735433657}",portuguese,The pixels are hot,1704473334,1704473334,True,4,0,0.513888895511627197,0,True,False,False,False
155226632,"{'steamid': '76561198968922087', 'num_games_owned': 31, 'num_reviews': 6, 'playtime_forever': 8216, 'playtime_last_two_weeks': 149, 'playtime_at_review': 7733, 'last_played': 1761703906}",portuguese,"Esse jogo não é a favor da poligamia.

[spoiler] PS: Depois de um certo tempo você entende o porque... [/spoiler]",1704375965,1737768445,True,0,0,0.5,0,True,False,False,False
155205272,"{'steamid': '76561199171194431', 'num_games_owned': 0, 'num_reviews': 1, 'playtime_forever': 11008, 'playtime_last_two_weeks': 0, 'playtime_at_review': 9068, 'last_played': 1760558880}",portuguese,Antes de jogar eu achei que fosse superestimado. Não é.,1704348633,1704348633,True,0,0,0.5,0,True,False,False,False
155076051,"{'steamid': '76561199176026723', 'num_games_owned': 0, 'num_reviews': 6, 'playtime_forever': 325, 'playtime_last_two_weeks': 0, 'playtime_at_review': 207, 'last_played': 1705085602}",portuguese,Pra saber jogar e um pouco difícil recomendo ver pelo youtube!,1704217526,1704217526,True,0,0,0.5,0,True,True,False,False
155051791,"{'steamid': '76561199474899698', 'num_games_owned': 0, 'num_reviews': 1, 'playtime_forever': 360, 'playtime_last_two_weeks': 0, 'playtime_at_review': 183, 'last_played': 1757617021}",portuguese,"o jogo é bastante relaxante e tem montes de coisas para fazer é perfeito para jogar no tedio
",1704195436,1704195436,True,0,0,0.5,0,True,False,False,False
154908350,"{'steamid': '76561198385069512', 'num_games_owned': 0, 'num_reviews': 1, 'playtime_forever': 5726, 'playtime_last_two_weeks': 0, 'playtime_at_review': 2577, 'last_played': 1735919656}",portuguese,MELHOR JOGO DA STEAM,1704040529,1704040529,True,0,0,0.5,0,True,False,False,False
154807968,"{'steamid': '76561199478301978', 'num_games_owned': 0, 'num_reviews': 3, 'playtime_forever': 8489, 'playtime_last_two_weeks': 0, 'playtime_at_review': 242, 'last_played': 1748546583}",portuguese,Simpático e divertido,1703945415,1703945415,True,0,0,0.5,0,True,False,False,False
154728279,"{'steamid': '76561199024141843', 'num_games_owned': 0, 'num_reviews': 1, 'playtime_forever': 67803, 'playtime_last_two_weeks': 3, 'playtime_at_review': 35841, 'last_played': 1761041874}",portuguese,"Very good game, plant vegetable, cure depression",1703869273,1703869273,True,0,0,0.5,0,True,False,False,False
154667751,"{'steamid': '76561199376007742', 'num_games_owned': 3, 'num_reviews': 4, 'playtime_forever': 20869, 'playtime_last_two_weeks': 0, 'playtime_at_review': 575, 'last_played': 1758993573}",portuguese,bommm d+,1703805329,1703805329,True,0,0,0.5,0,True,False,False,False
154647044,"{'steamid': '76561198830901060', 'num_games_owned': 0, 'num_reviews': 6, 'playtime_forever': 4419, 'playtime_last_two_weeks': 0, 'playtime_at_review': 4175, 'last_played': 1703959914}",portuguese,recomendo,1703788262,1703788262,True,0,0,0.5,0,True,False,False,False
154631819,"{'steamid': '76561199381280946', 'num_games_owned': 8, 'num_reviews': 1, 'playtime_forever': 13071, 'playtime_last_two_weeks': 0, 'playtime_at_review': 704, 'last_played': 1735668583}",portuguese,BEM FIXE BACANO A LEAH É HOT E A ROBIN É UMA MILF,1703775709,1703775709,True,0,0,0.5,0,True,False,False,False
154570634,"{'steamid': '76561199366720696', 'num_games_owned': 0, 'num_reviews': 6, 'playtime_forever': 3675, 'playtime_last_two_weeks': 64, 'playtime_at_review': 492, 'last_played': 1761677843}",portuguese,"Uma das experiências mais relaxantes da minha vida, apenas jogue.",1703710057,1703710057,True,0,0,0.5,0,True,False,False,False
154569863,"{'steamid': '76561199186221507', 'num_games_owned': 0, 'num_reviews': 1, 'playtime_forever': 7060, 'playtime_last_two_weeks': 0, 'playtime_at_review': 2036, 'last_played': 1750896091}",portuguese,,1703709451,1703709451,True,0,0,0.5,0,True,False,False,False
154326188,"{'steamid': '76561199069718265', 'num_games_owned': 65, 'num_reviews': 13, 'playtime_forever': 3208, 'playtime_last_two_weeks': 0, 'playtime_at_review': 685, 'last_played': 1733671220}",portuguese,"Jogo Bom, muitas coisas variáveis para fazer!!+",1703454062,1703454062,True,0,0,0.5,0,True,False,False,False
154255107,"{'steamid': '76561199583037571', 'num_games_owned': 5, 'num_reviews': 1, 'playtime_forever': 11954, 'playtime_last_two_weeks': 2051, 'playtime_at_review': 1045, 'last_played': 1762216089}",portuguese,"esse jogo e o meu favorito, e tambem e um dos melhores, eu amo as plantaçoes todas as estaçoes e muito perfeito",1703378061,1703378061,True,0,0,0.5,0,True,True,False,False
154244119,"{'steamid': '76561199104079164', 'num_games_owned': 0, 'num_reviews': 5, 'playtime_forever': 5165, 'playtime_last_two_weeks': 0, 'playtime_at_review': 268, 'last_played': 1740334570}",portuguese,Esse jogoéuma terapia.,1703366729,1703366729,True,0,0,0.5,0,True,False,False,False
154149701,"{'steamid': '76561199185077091', 'num_games_owned': 0, 'num_reviews': 2, 'playtime_forever': 2730, 'playtime_last_two_weeks': 0, 'playtime_at_review': 1529, 'last_played': 1721004329}",portuguese,"Acredito que um problema crônico do jogo seja a velocidade do dia e da noite. Passam muito rápido e tenho que ficar correndo contra o tempo para comprar no supermercado, visitar alguém para entregar alguma encomenda com prazo limitado e demais tarefas apressadas, por exemplo. É muito frustrante sentir-se atrasado e que perdeu a hora em um jogo feito para relaxar, ironicamente. No mais, reservo os mesmos elogios que qualquer um que joga faria.",1703270216,1703270216,True,0,0,0.5,0,True,False,False,False
154125525,"{'steamid': '76561198928280084', 'num_games_owned': 0, 'num_reviews': 4, 'playtime_forever': 410, 'playtime_last_two_weeks': 0, 'playtime_at_review': 264, 'last_played': 1719241926}",portuguese,cool,1703246847,1703246847,True,0,0,0.5,0,True,False,False,False
154123660,"{'steamid': '76561198323791822', 'num_games_owned': 111, 'num_reviews': 2, 'playtime_forever': 18627, 'playtime_last_two_weeks': 0, 'playtime_at_review': 17066, 'last_played': 1741401450}",portuguese,"um excelente jogo,Pena que não da pra pegar mulher casada ;-;",1703244422,1703244422,True,0,0,0.5,0,True,False,False,False
154083463,"{'steamid': '76561199562699062', 'num_games_owned': 0, 'num_reviews': 1, 'playtime_forever': 12265, 'playtime_last_two_weeks': 108, 'playtime_at_review': 671, 'last_played': 1761484815}",portuguese,"MUITO BOM NO INICIO NÃO É MUITO FIXE MAS FICA CADA VEZ MELHOR
",1703190766,1703190766,True,0,0,0.5,0,True,False,False,False
154082998,"{'steamid': '76561198977187300', 'num_games_owned': 50, 'num_reviews': 2, 'playtime_forever': 6558, 'playtime_last_two_weeks': 0, 'playtime_at_review': 6353, 'last_played': 1740850033}",portuguese,o jogo vicia mt,1703190309,1703190309,True,0,0,0.5,0,True,False,False,False
154003390,"{'steamid': '76561197984081369', 'num_games_owned': 0, 'num_reviews': 49, 'playtime_forever': 500, 'playtime_last_two_weeks': 0, 'playtime_at_review': 406, 'last_played': 1703166232}",portuguese,fixe,1703087667,1703087667,True,0,0,0.5,0,True,False,False,False
153934721,"{'steamid': '76561198449250601', 'num_games_owned': 0, 'num_reviews': 5, 'playtime_forever': 9911, 'playtime_last_two_weeks': 15, 'playtime_at_review': 334, 'last_played': 1761535041}",portuguese,"muito bom mesmo
",1703009830,1703009830,True,0,0,0.5,0,True,False,False,False
153881123,"{'steamid': '76561199556907873', 'num_games_owned': 0, 'num_reviews': 1, 'playtime_forever': 3052, 'playtime_last_two_weeks': 0, 'playtime_at_review': 2161, 'last_played': 1735431149}",portuguese,muito dinamico e é um rpg e mundo aberto incrivel,1702935156,1702935156,True,0,0,0.5,0,True,False,False,False
153827075,"{'steamid': '76561198402157041', 'num_games_owned': 57, 'num_reviews': 4, 'playtime_forever': 7688, 'playtime_last_two_weeks': 0, 'playtime_at_review': 6976, 'last_played': 1750567378}",portuguese,"Melhor jogo impossível.
Arte em pixel, cenários lindos principalmente com a mudança das estações e as variações climáticas.
O ambiente de fazendo, cuidar de animais, plantação, vender, melhorar ferramentas, expandir construções e ainda, melhorar o relacionamento seu com a vila, é o que faz desse jogo uma obra prima.",1702858507,1702858507,True,0,0,0.5,0,True,False,False,False
153512328,"{'steamid': '76561198876505874', 'num_games_owned': 0, 'num_reviews': 2, 'playtime_forever': 3861, 'playtime_last_two_weeks': 0, 'playtime_at_review': 3858, 'last_played': 1741667722}",portuguese,"Muito fofo :3
Gosto muito da arte e do quão imersivo é para um jogo tão simples. Muito bom para descontrair :)
(também é possível jogar isto a ser tryharder, mas não gosto tanto)

Faço uma review melhor daqui a uns tempos",1702479613,1702479613,True,0,0,0.5,0,True,False,False,False
153439890,"{'steamid': '76561198890958487', 'num_games_owned': 46, 'num_reviews': 2, 'playtime_forever': 15493, 'playtime_last_two_weeks': 0, 'playtime_at_review': 14080, 'last_played': 1716415196}",portuguese,jogo muito completo,1702384723,1702384723,True,0,0,0.5,0,True,False,False,False
153388536,"{'steamid': '76561198846935889', 'num_games_owned': 62, 'num_reviews': 6, 'playtime_forever': 6598, 'playtime_last_two_weeks': 0, 'playtime_at_review': 3355, 'last_played': 1734393262}",portuguese,o unico e maior problema que vc vai ter com esse jogo e que vc n consegue pegar mulher casada,1702316951,1702316951,True,0,0,0.5,0,True,False,False,False
153131927,"{'steamid': '76561198797354780', 'num_games_owned': 63, 'num_reviews': 17, 'playtime_forever': 7094, 'playtime_last_two_weeks': 235, 'playtime_at_review': 4754, 'last_played': 1761906381}",portuguese,bebés,1702050384,1702050384,True,1,0,0.523809552192687988,0,True,False,False,False
152994764,"{'steamid': '76561198349745969', 'num_games_owned': 10, 'num_reviews': 2, 'playtime_forever': 17001, 'playtime_last_two_weeks': 2, 'playtime_at_review': 10655, 'last_played': 1762023392}",portuguese,"BUE TOP MALTINHA, curto bue das galinhas
",1701879127,1701879127,True,0,0,0.5,0,True,False,False,False
152934974,"{'steamid': '76561199024442218', 'num_games_owned': 0, 'num_reviews': 1, 'playtime_forever': 2043, 'playtime_last_two_weeks': 0, 'playtime_at_review': 802, 'last_played': 1744669775}",portuguese,"Jogo divertido, ótimo para se passar o tempo e relaxar no fim da tarde.
Ótimos desafios, e pra jogar com a galera fica masi f*da ainda kkkkkk, super recomendo, esse é do tipo de jogo que se vale a pena pagar. Joguei pirata mas pelo jogo ser tão simples e eu ter gostado tanto, comprei e jogo com meus amigos até hj.",1701794124,1701794124,True,3,1,0.565217375755310059,0,True,True,False,False
152894294,"{'steamid': '76561199171014230', 'num_games_owned': 0, 'num_reviews': 1, 'playtime_forever': 28224, 'playtime_last_two_weeks': 0, 'playtime_at_review': 20240, 'last_played': 1733682831}",portuguese,É um jogo muito legal para jogar com os amigos.,1701730100,1701730100,True,0,0,0.5,0,True,False,False,False
152890833,"{'steamid': '76561199166377306', 'num_games_owned': 54, 'num_reviews': 2, 'playtime_forever': 1309, 'playtime_last_two_weeks': 0, 'playtime_at_review': 1291, 'last_played': 1734623479}",portuguese,Muito bom cara viciei nesse jogo!!!!,1701725289,1701725289,True,0,0,0.5,0,True,False,False,False
152888823,"{'steamid': '76561199106961382', 'num_games_owned': 0, 'num_reviews': 5, 'playtime_forever': 4917, 'playtime_last_two_weeks': 0, 'playtime_at_review': 746, 'last_played': 1757697670}",portuguese,"Que jogo bom slk, Leah minha esposa (Libera pra pegar mulher casada)",1701722622,1701722622,True,0,0,0.5,0,True,False,False,False
152829954,"{'steamid': '76561199150956791', 'num_games_owned': 30, 'num_reviews': 6, 'playtime_forever': 10857, 'playtime_last_two_weeks': 0, 'playtime_at_review': 1483, 'last_played': 1752166714}",portuguese,Very good,1701636627,1701636627,True,0,0,0.5,0,True,False,False,False
152829741,"{'steamid': '76561199086931153', 'num_games_owned': 0, 'num_reviews': 1, 'playtime_forever': 25922, 'playtime_last_two_weeks': 0, 'playtime_at_review': 17150, 'last_played': 1750619421}",portuguese,lindo demais,1701636399,1701636399,True,0,0,0.5,0,True,False,False,False
152760931,"{'steamid': '76561198951673357', 'num_games_owned': 16, 'num_reviews': 3, 'playtime_forever': 24482, 'playtime_last_two_weeks': 0, 'playtime_at_review': 24157, 'last_played': 1726960580}",portuguese,As 400 horas falam por si só. Uma verdadeira obra de arte,1701560644,1701560644,True,0,0,0.5,0,True,False,False,False
152749336,"{'steamid': '76561199439142019', 'num_games_owned': 0, 'num_reviews': 4, 'playtime_forever': 59080, 'playtime_last_two_weeks': 0, 'playtime_at_review': 1445, 'last_played': 1760648584}",portuguese,"muito interesante
",1701549158,1701549158,True,0,0,0.5,0,True,False,False,False
152711886,"{'steamid': '76561199396455069', 'num_games_owned': 0, 'num_reviews': 1, 'playtime_forever': 7321, 'playtime_last_two_weeks': 0, 'playtime_at_review': 5837, 'last_played': 1744751496}",portuguese,"Stardew... um jogo que parece só uma fazendinha... mas lhe garanto, valeu cada centavo!! a diversidade de coisas que se pode fazer é imensa (parece até minecraft) por isso, vale muito a pena de comprar o jogo, além disso é tão relaxante que cura até depressão!!",1701512981,1701512981,True,1,0,0.523809552192687988,0,True,False,False,False
152546206,"{'steamid': '76561199221244366', 'num_games_owned': 51, 'num_reviews': 11, 'playtime_forever': 4615, 'playtime_last_two_weeks': 0, 'playtime_at_review': 688, 'last_played': 1756638539}",portuguese,"very pleasant to paly, many things to do, great story, ani,ations very good, is a really good game to spend time and relax in your farm",1701299979,1701299979,True,0,0,0.5,0,True,False,False,False
152543472,"{'steamid': '76561199568085190', 'num_games_owned': 0, 'num_reviews': 1, 'playtime_forever': 4559, 'playtime_last_two_weeks': 130, 'playtime_at_review': 2049, 'last_played': 1761754664}",portuguese,joguem,1701296439,1701296439,True,0,0,0.5,0,True,False,False,False
152452601,"{'steamid': '76561197990636085', 'num_games_owned': 374, 'num_reviews': 5, 'playtime_forever': 12235, 'playtime_last_two_weeks': 0, 'playtime_at_review': 4388, 'last_played': 1715270301}",portuguese,Best chill game ever,1701192224,1701192224,True,0,0,0.5,0,True,False,False,False
152431799,"{'steamid': '76561198277099311', 'num_games_owned': 101, 'num_reviews': 2, 'playtime_forever': 23295, 'playtime_last_two_weeks': 0, 'playtime_at_review': 17734, 'last_played': 1756947005}",portuguese,:),1701187136,1701187136,True,0,0,0.5,0,True,False,False,False
152424926,"{'steamid': '76561198438658586', 'num_games_owned': 73, 'num_reviews': 1, 'playtime_forever': 4051, 'playtime_last_two_weeks': 0, 'playtime_at_review': 4051, 'last_played': 1732730415}",portuguese,Simulador do Alentejo,1701184235,1732730358,True,0,0,0.5,0,True,False,False,False
152324238,"{'steamid': '76561198242760046', 'num_games_owned': 37, 'num_reviews': 8, 'playtime_forever': 6517, 'playtime_last_two_weeks': 0, 'playtime_at_review': 6517, 'last_played': 1701134554}",portuguese,maquinão,1701134532,1701134532,True,0,0,0.5,0,True,False,False,False
152268245,"{'steamid': '76561198301481825', 'num_games_owned': 46, 'num_reviews': 6, 'playtime_forever': 9068, 'playtime_last_two_weeks': 0, 'playtime_at_review': 5589, 'last_played': 1742751303}",portuguese,"Stardew Valley is a heart-pounding experience that will leave you on the edge of your seat, eagerly anticipating the next thrilling moment of watering crops or giving virtual gifts. Move over, action-packed games – farming simulations are where the real excitement lies!",1701107706,1701107706,True,1,0,0.523809552192687988,0,True,False,False,False
152117762,"{'steamid': '76561198845209537', 'num_games_owned': 122, 'num_reviews': 14, 'playtime_forever': 6396, 'playtime_last_two_weeks': 0, 'playtime_at_review': 5936, 'last_played': 1741545179}",portuguese,simplesmente perfeito,1701031882,1701031882,True,1,0,0.523809552192687988,0,True,False,False,False
152104304,"{'steamid': '76561199475785892', 'num_games_owned': 0, 'num_reviews': 3, 'playtime_forever': 15323, 'playtime_last_two_weeks': 0, 'playtime_at_review': 11660, 'last_played': 1754416680}",portuguese,"Jogo satisfatório,casual,mega desafiante  e muito bom",1701027554,1701027554,True,0,0,0.5,0,True,False,False,False
152039830,"{'steamid': '76561199217752336', 'num_games_owned': 0, 'num_reviews': 6, 'playtime_forever': 11255, 'playtime_last_two_weeks': 0, 'playtime_at_review': 3297, 'last_played': 1743016577}",portuguese,adorei o jogo :),1701004171,1701004171,True,0,0,0.5,0,True,False,False,False
151949536,"{'steamid': '76561198392041707', 'num_games_owned': 86, 'num_reviews': 2, 'playtime_forever': 13786, 'playtime_last_two_weeks': 0, 'playtime_at_review': 5197, 'last_played': 1753699405}",portuguese,Chilling with my potatoes,1700963562,1700963562,True,1,0,0.523809552192687988,0,True,False,False,False
151943650,"{'steamid': '76561198337825490', 'num_games_owned': 87, 'num_reviews': 8, 'playtime_forever': 6864, 'playtime_last_two_weeks': 0, 'playtime_at_review': 1555, 'last_played': 1726231373}",portuguese,"it's good
do you want a life and dating simulator? 
do you want to fish?
do you want to mine?
do you want to decorate?
this game has it all",1700960813,1700960813,True,0,0,0.5,0,True,False,False,False
151906056,"{'steamid': '76561199145495941', 'num_games_owned': 33, 'num_reviews': 4, 'playtime_forever': 9296, 'playtime_last_two_weeks': 0, 'playtime_at_review': 7035, 'last_played': 1728986298}",portuguese,Jogo mt bom :3,1700945837,1700945837,True,0,0,0.5,0,True,False,False,False
151844072,"{'steamid': '76561199223834582', 'num_games_owned': 3, 'num_reviews': 4, 'playtime_forever': 14659, 'playtime_last_two_weeks': 1, 'playtime_at_review': 9136, 'last_played': 1762084430}",portuguese,"Muito relaxante, óptimo para sair da energia caótica dos games competitivos!",1700925333,1700925333,True,0,0,0.5,0,True,False,False,False
151816905,"{'steamid': '76561198819446652', 'num_games_owned': 11, 'num_reviews': 1, 'playtime_forever': 3268, 'playtime_last_two_weeks': 0, 'playtime_at_review': 3013, 'last_played': 1740334307}",portuguese,Best game ever!,1700916567,1700916567,True,0,0,0.5,0,True,False,False,False
151788979,"{'steamid': '76561199017394353', 'num_games_owned': 49, 'num_reviews': 3, 'playtime_forever': 6578, 'playtime_last_two_weeks': 24, 'playtime_at_review': 4986, 'last_played': 1761078118}",portuguese,"Jogo muito bom e relaxante, recomendo.",1700909324,1700909324,True,0,0,0.5,0,True,False,False,False
151788360,"{'steamid': '76561198973797880', 'num_games_owned': 0, 'num_reviews': 7, 'playtime_forever': 8501, 'playtime_last_two_weeks': 0, 'playtime_at_review': 8488, 'last_played': 1755623689}",portuguese,Jogo calmo e divertido para jogar num final do dia para descontrair.,1700909119,1700909119,True,0,0,0.5,0,True,False,False,False
151719783,"{'steamid': '76561198369143494', 'num_games_owned': 137, 'num_reviews': 5, 'playtime_forever': 6402, 'playtime_last_two_weeks': 0, 'playtime_at_review': 4002, 'last_played': 1722302620}",portuguese,jogo lindo de bunito kkk,1700875861,1700875861,True,0,0,0.5,0,True,False,False,False
151712204,"{'steamid': '76561198843437473', 'num_games_owned': 102, 'num_reviews': 5, 'playtime_forever': 14108, 'playtime_last_two_weeks': 0, 'playtime_at_review': 7901, 'last_played': 1743072112}",portuguese,chicken :steamthumbsup:,1700871831,1700871831,True,0,0,0.467836260795593262,0,True,False,False,False
151692954,"{'steamid': '76561198060041519', 'num_games_owned': 115, 'num_reviews': 8, 'playtime_forever': 19233, 'playtime_last_two_weeks': 0, 'playtime_at_review': 15618, 'last_played': 1760742208}",portuguese,Alentejo,1700863362,1700863362,True,10,11,0.666666686534881592,0,True,False,False,False
151660457,"{'steamid': '76561198125300861', 'num_games_owned': 0, 'num_reviews': 5, 'playtime_forever': 19168, 'playtime_last_two_weeks': 0, 'playtime_at_review': 12271, 'last_played': 1759541106}",portuguese,10 10,1700852316,1700852316,True,0,0,0.5,0,True,False,False,False
151469445,"{'steamid': '76561198074700094', 'num_games_owned': 64, 'num_reviews': 2, 'playtime_forever': 15469, 'playtime_last_two_weeks': 0, 'playtime_at_review': 12336, 'last_played': 1750738363}",portuguese,bom,1700797050,1700797050,True,0,0,0.5,0,True,False,False,False
151433505,"{'steamid': '76561198261143002', 'num_games_owned': 192, 'num_reviews': 14, 'playtime_forever': 14739, 'playtime_last_two_weeks': 0, 'playtime_at_review': 10634, 'last_played': 1713835159}",portuguese,fazenda,1700778618,1700778618,True,0,0,0.5,0,True,False,False,False
151416017,"{'steamid': '76561199035350040', 'num_games_owned': 92, 'num_reviews': 3, 'playtime_forever': 8572, 'playtime_last_two_weeks': 0, 'playtime_at_review': 6887, 'last_played': 1710020195}",portuguese,:),1700772649,1700772649,True,0,0,0.5,0,True,False,False,False
151397120,"{'steamid': '76561199147026380', 'num_games_owned': 75, 'num_reviews': 6, 'playtime_forever': 12128, 'playtime_last_two_weeks': 0, 'playtime_at_review': 7904, 'last_played': 1729011749}",portuguese,fire,1700766853,1700766853,True,0,0,0.5,0,True,False,False,False
151214567,"{'steamid': '76561198078021880', 'num_games_owned': 223, 'num_reviews': 8, 'playtime_forever': 6846, 'playtime_last_two_weeks': 0, 'playtime_at_review': 6616, 'last_played': 1750987562}",portuguese,"joguin relaxante e quando o vicio vem ele vem forte
ps baxa mod q fica top",1700704687,1732736601,True,0,0,0.5,0,True,False,False,False
151158313,"{'steamid': '76561199070621657', 'num_games_owned': 59, 'num_reviews': 1, 'playtime_forever': 15844, 'playtime_last_two_weeks': 0, 'playtime_at_review': 14213, 'last_played': 1744313338}",portuguese,Stardew Valley,1700686346,1700686346,True,0,1,0.5,0,True,False,False,False
151138254,"{'steamid': '76561198281923232', 'num_games_owned': 0, 'num_reviews': 2, 'playtime_forever': 3746, 'playtime_last_two_weeks': 0, 'playtime_at_review': 3391, 'last_played': 1724696854}",portuguese,My favorite game of all time,1700682057,1700682057,True,0,0,0.5,0,True,False,False,False
151128755,"{'steamid': '76561198831307565', 'num_games_owned': 64, 'num_reviews': 1, 'playtime_forever': 20668, 'playtime_last_two_weeks': 0, 'playtime_at_review': 10750, 'last_played': 1748559546}",portuguese,cozy :3,1700680238,1700680238,True,0,0,0.5,0,True,False,False,False
151078791,"{'steamid': '76561198421656995', 'num_games_owned': 0, 'num_reviews': 2, 'playtime_forever': 16936, 'playtime_last_two_weeks': 0, 'playtime_at_review': 9791, 'last_played': 1716643331}",portuguese,"Joguei por 163 horas e posso dizer que é maravilhoso, já fechei umas 3x e estou indo p quarta vez, adorei a história e  o jeito de cuidar dos bichinhos e da fazenda *-*",1700671425,1700671425,True,0,0,0.5,0,True,False,False,False
150831385,"{'steamid': '76561198172412986', 'num_games_owned': 320, 'num_reviews': 5, 'playtime_forever': 167237, 'playtime_last_two_weeks': 8055, 'playtime_at_review': 45037, 'last_played': 1762216247}",portuguese,"Não comece este jogo se você valoriza os relacionamentos, o trabalho, a vida social e o tempo livre. Stardew Valley vai tirar tudo isso de você, mas está tudo bem porque é um ótimo jogo.",1700625859,1700625859,True,0,0,0.5,0,True,False,False,False
150805376,"{'steamid': '76561198964915903', 'num_games_owned': 547, 'num_reviews': 5, 'playtime_forever': 36232, 'playtime_last_two_weeks': 0, 'playtime_at_review': 33548, 'last_played': 1751217562}",portuguese,"Jogo relaxante e com infinitas hora de gameplay, e quando enjoar é só colocar mods  e temos mais muitas horas pela frente",1700620560,1732731251,True,0,0,0.5,0,True,False,False,False
150791868,"{'steamid': '76561199540187298', 'num_games_owned': 21, 'num_reviews': 1, 'playtime_forever': 11338, 'playtime_last_two_weeks': 0, 'playtime_at_review': 8895, 'last_played': 1747349526}",portuguese,pescar devia ser crime,1700617880,1731891698,True,0,0,0.5,0,True,False,False,False
150766677,"{'steamid': '76561198078489605', 'num_games_owned': 0, 'num_reviews': 5, 'playtime_forever': 2252, 'playtime_last_two_weeks': 0, 'playtime_at_review': 582, 'last_played': 1739829845}",portuguese,"Jogo muito bom, não dá pra pegar mulher casada mas mesmo assim muito bom.",1700612929,1700613221,True,0,1,0.5,0,True,False,False,False
150712878,"{'steamid': '76561199181812623', 'num_games_owned': 59, 'num_reviews': 4, 'playtime_forever': 6099, 'playtime_last_two_weeks': 0, 'playtime_at_review': 5367, 'last_played': 1732826054}",portuguese,Melhor joguinho da vida,1700604266,1700604266,True,0,0,0.5,0,True,False,False,False
150698502,"{'steamid': '76561198151587930', 'num_games_owned': 0, 'num_reviews': 7, 'playtime_forever': 7067, 'playtime_last_two_weeks': 0, 'playtime_at_review': 4051, 'last_played': 1758538729}",portuguese,Veri gud gaem yes,1700602517,1700602517,True,0,0,0.5,0,True,False,False,False
150693632,"{'steamid': '76561198436867707', 'num_games_owned': 139, 'num_reviews': 1, 'playtime_forever': 17643, 'playtime_last_two_weeks': 0, 'playtime_at_review': 10653, 'last_played': 1757796773}",portuguese,W,1700601948,1700601948,True,1,0,0.5,0,True,False,False,False
150658988,"{'steamid': '76561199222743528', 'num_games_owned': 0, 'num_reviews': 1, 'playtime_forever': 15992, 'playtime_last_two_weeks': 1096, 'playtime_at_review': 9522, 'last_played': 1761850510}",portuguese,Simplesmente perfeito!,1700598230,1700598230,True,0,0,0.5,0,True,False,False,False
150647477,"{'steamid': '76561198894719079', 'num_games_owned': 0, 'num_reviews': 13, 'playtime_forever': 7706, 'playtime_last_two_weeks': 0, 'playtime_at_review': 7402, 'last_played': 1758496784}",portuguese,:)   ZA,1700597142,1732747182,True,0,0,0.5,0,True,False,False,False
150631377,"{'steamid': '76561199404502310', 'num_games_owned': 0, 'num_reviews': 4, 'playtime_forever': 2890, 'playtime_last_two_weeks': 0, 'playtime_at_review': 1819, 'last_played': 1750830256}",portuguese,legal,1700595720,1700595720,True,0,0,0.5,0,True,True,False,False
150448605,"{'steamid': '76561199239378557', 'num_games_owned': 0, 'num_reviews': 4, 'playtime_forever': 1515, 'playtime_last_two_weeks': 0, 'playtime_at_review': 757, 'last_played': 1743272650}",portuguese,"Eu simplesmente amei esse jogo, jogabilidade boa, mecânicas incríveis e NPCs maravilhosos. 
Recomendo imenso para quem gosta de jogos de fazenda :)",1700421970,1700421970,True,0,0,0.5,0,True,False,False,False
150391184,"{'steamid': '76561198046629062', 'num_games_owned': 0, 'num_reviews': 40, 'playtime_forever': 7077, 'playtime_last_two_weeks': 0, 'playtime_at_review': 1225, 'last_played': 1732837557}",portuguese,Relaxing,1700350444,1700350444,True,0,0,0.5,0,True,False,False,False
150270019,"{'steamid': '76561199048252965', 'num_games_owned': 18, 'num_reviews': 5, 'playtime_forever': 293, 'playtime_last_two_weeks': 0, 'playtime_at_review': 230, 'last_played': 1760629577}",portuguese,"Bom jogo!
",1700215586,1700215586,True,0,0,0.5,0,True,False,False,False
150196030,"{'steamid': '76561199394402809', 'num_games_owned': 0, 'num_reviews': 4, 'playtime_forever': 24959, 'playtime_last_two_weeks': 0, 'playtime_at_review': 15301, 'last_played': 1758924446}",portuguese,"It's a cute pixel game where you inherit your grandfather's farm and bring it back to life.
 The game has plenty of things to do like fishing, mining, farming and fighting monsters: It has a couple quests that don't feel like a chore since thoose that have time limits can be refused if you don't want to do them. There are lots of characters you can interact with wich you can discover their stories along the game. You can also add mods to the game like new animals, characters etc. The game gives you the freedom to do what you want and how you want to upgrade your farm.
 Stardew is relaxing and a nice way to spend time alone or with friends without feeling forced to do thing. I enjoy this game very much.",1700091767,1700091997,True,1,0,0.5,0,True,False,False,False
149971132,"{'steamid': '76561199519108030', 'num_games_owned': 0, 'num_reviews': 1, 'playtime_forever': 12466, 'playtime_last_two_weeks': 0, 'playtime_at_review': 512, 'last_played': 1759754773}",portuguese,Um jogo maravilhoso para quem quer relaxar e fugir da realidade. Tão bom que até convenci minha amiga a comprar pra termos uma fazenda juntas kkkk,1699751502,1699751502,True,0,0,0.5,0,True,False,False,False
149734426,"{'steamid': '76561198158640243', 'num_games_owned': 0, 'num_reviews': 3, 'playtime_forever': 54446, 'playtime_last_two_weeks': 0, 'playtime_at_review': 37908, 'last_played': 1749131304}",portuguese,"Stardew Valley é um jogo de simulação agrícola que cativa com sua jogabilidade envolvente e atmosfera encantadora. Com gráficos pixelados, transmite um charme nostálgico, enquanto oferece uma rica experiência de personalização e progressão na administração da fazenda. As estações do ano trazem desafios sazonais, incentivando estratégias adaptativas. A mineração e exploração subterrânea adicionam uma camada de aventura e emoção ao jogo. A interação com os habitantes da cidade e os eventos sociais criam um senso de comunidade e diversidade nas atividades. Stardew Valley destaca-se como uma experiência agrícola envolvente e altamente gratificante para jogadores de todos os gostos.",1699403917,1699403917,True,1,0,0.5,0,True,True,False,False
149470557,"{'steamid': '76561199232373784', 'num_games_owned': 0, 'num_reviews': 2, 'playtime_forever': 7867, 'playtime_last_two_weeks': 101, 'playtime_at_review': 5448, 'last_played': 1762009276}",portuguese,jogo maravilhoso recomendo muito porem depois do ano 4 ou 5 começa a ficar repetitivo,1699046216,1699046216,True,0,0,0.5,0,True,True,False,False
149410742,"{'steamid': '76561198120148759', 'num_games_owned': 0, 'num_reviews': 60, 'playtime_forever': 4730, 'playtime_last_two_weeks': 0, 'playtime_at_review': 326, 'last_played': 1742431160}",portuguese,Construa e viva muito bom.,1698972628,1698972628,True,0,0,0.5,0,True,False,False,False
149387449,"{'steamid': '76561198133680882', 'num_games_owned': 73, 'num_reviews': 3, 'playtime_forever': 538, 'playtime_last_two_weeks': 0, 'playtime_at_review': 499, 'last_played': 1745113029}",portuguese,"melhor jogo para se divertir e se acalmar. tem uma mecanica otima, e e bem de boa de jogar.",1698946741,1698946741,True,0,0,0.5,0,True,False,False,False
149049032,"{'steamid': '76561199121915210', 'num_games_owned': 31, 'num_reviews': 6, 'playtime_forever': 819, 'playtime_last_two_weeks': 0, 'playtime_at_review': 506, 'last_played': 1743908447}",portuguese,cool,1698499275,1698499275,True,0,0,0.5,0,True,False,False,False
149047718,"{'steamid': '76561199474243089', 'num_games_owned': 0, 'num_reviews': 8, 'playtime_forever': 5089, 'playtime_last_two_weeks': 0, 'playtime_at_review': 964, 'last_played': 1757876709}",portuguese,"Acho incrivel que a Abigail literalmente come pedra, MAS AGORA QUANDO EU QUERO COMER SEIVA DE ÁRVORE EU N POSSO",1698497993,1698497993,True,0,0,0.5,0,True,False,False,False
148958173,"{'steamid': '76561199565785645', 'num_games_owned': 0, 'num_reviews': 3, 'playtime_forever': 12515, 'playtime_last_two_weeks': 0, 'playtime_at_review': 338, 'last_played': 1760318216}",portuguese,"maravilhosooo, recomendo dms. muito relaxante e tranquilinho, os crushs tbs sao ó, uns xuxus, comprem e joguem!!",1698386574,1698386574,True,0,0,0.5,0,True,False,False,False
148811439,"{'steamid': '76561199049093920', 'num_games_owned': 0, 'num_reviews': 1, 'playtime_forever': 19963, 'playtime_last_two_weeks': 0, 'playtime_at_review': 1463, 'last_played': 1746316071}",portuguese,"amoo, bejao <33
",1698180871,1698180871,True,0,0,0.5,0,True,False,False,False
148441704,"{'steamid': '76561199229594980', 'num_games_owned': 89, 'num_reviews': 6, 'playtime_forever': 8458, 'playtime_last_two_weeks': 0, 'playtime_at_review': 7903, 'last_played': 1718653739}",portuguese,muito bom,1697643171,1697643171,True,0,0,0.5,0,True,False,False,False
148431397,"{'steamid': '76561199507406019', 'num_games_owned': 0, 'num_reviews': 3, 'playtime_forever': 10084, 'playtime_last_two_weeks': 0, 'playtime_at_review': 5501, 'last_played': 1735516398}",portuguese,Best game I have played recently. Super friendly and get you addicted looking for more mysteries.,1697628464,1697628464,True,0,0,0.5,0,True,False,False,False
148388302,"{'steamid': '76561198060874330', 'num_games_owned': 0, 'num_reviews': 1, 'playtime_forever': 8014, 'playtime_last_two_weeks': 0, 'playtime_at_review': 7870, 'last_played': 1698514110}",portuguese,Jogasso. Sem mais.,1697553066,1697553066,True,0,0,0.5,0,True,False,False,False
148353312,"{'steamid': '76561199276346688', 'num_games_owned': 0, 'num_reviews': 25, 'playtime_forever': 2252, 'playtime_last_two_weeks': 0, 'playtime_at_review': 250, 'last_played': 1720736821}",portuguese,muito boum,1697486700,1697486700,True,1,0,0.510638296604156494,0,True,False,False,False
148270403,"{'steamid': '76561199089737204', 'num_games_owned': 0, 'num_reviews': 3, 'playtime_forever': 27823, 'playtime_last_two_weeks': 0, 'playtime_at_review': 2555, 'last_played': 1735174135}",portuguese,Jogo muito gostoso de jogar. Bem relaxante.,1697367993,1697367993,True,0,0,0.5,0,True,False,False,False
148245766,"{'steamid': '76561198884580284', 'num_games_owned': 12, 'num_reviews': 2, 'playtime_forever': 16762, 'playtime_last_two_weeks': 0, 'playtime_at_review': 6409, 'last_played': 1744579989}",portuguese,"muito bom, menos o facto de não poder casar com o sem abrigo.",1697332341,1697332341,True,14,20,0.6961326003074646,0,True,False,False,False
148224535,"{'steamid': '76561199052353144', 'num_games_owned': 0, 'num_reviews': 3, 'playtime_forever': 10994, 'playtime_last_two_weeks': 0, 'playtime_at_review': 3797, 'last_played': 1758124039}",portuguese,"jogo muito relaxante e consegues distrair-te por varias horas, e o jogo e muito bom em relação a gráficos, missões e eventos",1697306017,1697306017,True,0,0,0.5,0,True,False,False,False
148166229,"{'steamid': '76561199161539545', 'num_games_owned': 18, 'num_reviews': 7, 'playtime_forever': 3451, 'playtime_last_two_weeks': 0, 'playtime_at_review': 43, 'last_played': 1747412876}",portuguese,fazenda,1697240577,1697240577,True,0,0,0.5,0,True,False,False,False
148141899,"{'steamid': '76561199359001905', 'num_games_owned': 196, 'num_reviews': 41, 'playtime_forever': 95, 'playtime_last_two_weeks': 0, 'playtime_at_review': 88, 'last_played': 1706624378}",portuguese,"Título: Stardew Valley

Gênero: Simulação, RPG, Agricultura

Desenvolvedor: ConcernedApe

Data de Lançamento: 26 de fevereiro de 2016

Introdução:

""Stardew Valley"" é um jogo de simulação de fazenda desenvolvido por ConcernedApe, que oferece uma experiência de vida no campo. O jogo se destaca por sua jogabilidade relaxante, mecânicas de agricultura profundas e elementos de RPG que o tornam uma experiência viciante para jogadores de todas as idades.

Herança e Vida na Fazenda:

No jogo, os jogadores herdam uma fazenda decadente e devem restaurá-la, cultivando plantações, criando animais, construindo estruturas e interagindo com os habitantes locais. A vida na fazenda segue as estações do ano, com diferentes atividades e eventos ocorrendo ao longo do ano.

Desenvolvimento de Personagem:

Os jogadores têm a oportunidade de personalizar seus personagens, melhorar suas habilidades e desenvolver relacionamentos com os habitantes da cidade. A progressão do personagem é um elemento fundamental, com a capacidade de desbloquear novas áreas, missões e itens.

Mineração e Exploração:

Além da agricultura, ""Stardew Valley"" apresenta a exploração de cavernas, onde os jogadores podem coletar minerais, enfrentar monstros e descobrir tesouros. Essas atividades proporcionam uma variação na jogabilidade.

Relações e Casamento:

Os jogadores podem formar amizades e até mesmo romances com os habitantes da cidade, culminando em casamento e a possibilidade de criar uma família.

Arte Pixelizada e Trilha Sonora Encantadora:

O jogo apresenta uma estética pixelizada encantadora que evoca nostalgia. A trilha sonora suave e relaxante complementa a atmosfera rural.

Modding e Comunidade Ativa:

""Stardew Valley"" tem uma comunidade ativa que cria mods para expandir e personalizar a experiência do jogo, adicionando ainda mais profundidade e variedade.

Conclusão:

""Stardew Valley"" é um jogo que conquistou o coração de muitos jogadores devido à sua jogabilidade relaxante e à capacidade de criar e gerenciar uma fazenda virtual. Sua abordagem à simulação de vida no campo, combinada com elementos de RPG e exploração, o torna um título cativante para quem busca uma experiência aconchegante e envolvente. Se você aprecia jogos de simulação que oferecem uma sensação de realização à medida que desenvolve sua fazenda, interage com a comunidade e explora um mundo encantador, ""Stardew Valley"" é uma escolha maravilhosa.",1697213061,1697213061,True,0,0,0.5,0,True,False,False,False
147947350,"{'steamid': '76561198424487901', 'num_games_owned': 0, 'num_reviews': 15, 'playtime_forever': 1340, 'playtime_last_two_weeks': 0, 'playtime_at_review': 1340, 'last_played': 1656540883}",portuguese,top,1696889175,1696889175,True,0,0,0.5,0,True,False,False,False
147868624,"{'steamid': '76561198067818675', 'num_games_owned': 163, 'num_reviews': 1, 'playtime_forever': 10212, 'playtime_last_two_weeks': 0, 'playtime_at_review': 7633, 'deck_playtime_at_review': 6749, 'last_played': 1737845012}",portuguese,Best game ever!,1696773923,1696773923,True,0,0,0.5,0,True,False,False,True
147859928,"{'steamid': '76561199096658658', 'num_games_owned': 0, 'num_reviews': 18, 'playtime_forever': 2714, 'playtime_last_two_weeks': 0, 'playtime_at_review': 918, 'last_played': 1725059018}",portuguese,n,1696763753,1696763753,True,0,0,0.5,0,True,False,False,False
147835812,"{'steamid': '76561199079977740', 'num_games_owned': 0, 'num_reviews': 2, 'playtime_forever': 10979, 'playtime_last_two_weeks': 0, 'playtime_at_review': 4140, 'last_played': 1760814285}",portuguese,10/10 vale cada centavo comprei no celular e no pc,1696724157,1696724157,True,0,0,0.5,0,True,False,False,False
147443254,"{'steamid': '76561199147444831', 'num_games_owned': 0, 'num_reviews': 10, 'playtime_forever': 2809, 'playtime_last_two_weeks': 0, 'playtime_at_review': 1273, 'last_played': 1719765652}",portuguese,p,1696174519,1696174519,True,0,0,0.5,0,True,False,False,False
147389466,"{'steamid': '76561199099726356', 'num_games_owned': 62, 'num_reviews': 11, 'playtime_forever': 1249, 'playtime_last_two_weeks': 0, 'playtime_at_review': 262, 'last_played': 1759700616}",portuguese,é,1696110599,1696110599,True,0,0,0.5,0,True,False,False,False
147365656,"{'steamid': '76561198336001180', 'num_games_owned': 0, 'num_reviews': 1, 'playtime_forever': 5661, 'playtime_last_two_weeks': 0, 'playtime_at_review': 4941, 'last_played': 1753842188}",portuguese,jogo perfeito,1696088560,1696088560,True,0,0,0.5,0,True,False,False,False
147022325,"{'steamid': '76561198820553774', 'num_games_owned': 0, 'num_reviews': 6, 'playtime_forever': 15504, 'playtime_last_two_weeks': 0, 'playtime_at_review': 9956, 'last_played': 1756685216}",portuguese,O jogo é muito bom trilha sonora incrivel e os mod lindo,1695672904,1695672904,True,0,0,0.5,0,True,False,False,False
146848760,"{'steamid': '76561198105307753', 'num_games_owned': 197, 'num_reviews': 47, 'playtime_forever': 13378, 'playtime_last_two_weeks': 0, 'playtime_at_review': 2218, 'last_played': 1726787689}",portuguese,"«=== English ===»

-GRAPHICS:

-Excellent--()
-Good-------()
-Reasonable-(x)
-Weak-------()
-Terrible---()

-SOUND:

-Excellent--()
-Good-------()
-Reasonable-(x)
-Weak-------()
-Terrible---()

-GAMEPLAY:

-Excellent--(x)
-Good-------()
-Reasonable-()
-Weak-------()
-Terrible---()

-STORY:

-Deep-(x)
-Some-()
-Few--()
-None-()

-BUGS:

-none-----------------------------(x)
-I did not get any, but there are-()
-Some, but do not notice----------()
-A few, that bothers--------------()
-Lots of them, Impossible to play-()

-NOTES:
very fun game EXTREMELY good for relaxation.......

**********************************************************

«=== Português ===» 

-GRAFICOS:

-Excelentes-()
-Bom--------()
-Razoavel---(x)
-Fracos-----()
-Terriveis--()

-SOM:

-Excelente-()
-Bom--------()
-Razoavel---(x)
-Fraco-----()
-Terrivei--()

-JOGABILIDADE:

-Excelente-(x)
-Bom--------()
-Razoavel---()
-Fraca-----()
-Terrivel--()

-HISTORIA

-Profunda-(x)
-Alguma---()
-Pouca----()
-Nenhuma--()

-Bugs:

-Nenhums-------------------------(x)
-Nao apanhei nenhum, mas existem-()
-Alguns, mas nao se notam--------()
-Alguns, que incomodam-----------()
-Montes deles, Impossivel jogar--()

-NOTAS:
Jogo muito divertido e EXTREMAMENTE bom para relaxar",1695466290,1695466290,True,0,0,0.5,0,True,False,False,False
146816386,"{'steamid': '76561198081038096', 'num_games_owned': 0, 'num_reviews': 17, 'playtime_forever': 13885, 'playtime_last_two_weeks': 0, 'playtime_at_review': 10779, 'last_played': 1698977723}",portuguese,Adoro!!! Parei um tempo mas voltei aos mods!!,1695423978,1695423978,True,1,0,0.5,0,True,False,False,False
146611180,"{'steamid': '76561198120253009', 'num_games_owned': 0, 'num_reviews': 14, 'playtime_forever': 1207, 'playtime_last_two_weeks': 0, 'playtime_at_review': 1058, 'last_played': 1731866451}",portuguese,lovely. piece. of. hart.,1695155750,1695155750,True,0,0,0.5,0,True,False,False,False
146601368,"{'steamid': '76561198453061454', 'num_games_owned': 0, 'num_reviews': 6, 'playtime_forever': 6679, 'playtime_last_two_weeks': 0, 'playtime_at_review': 5013, 'last_played': 1752841178}",portuguese,mt fod,1695144791,1695144791,True,0,0,0.5,0,True,False,False,False
146568243,"{'steamid': '76561198001911185', 'num_games_owned': 0, 'num_reviews': 2, 'playtime_forever': 17641, 'playtime_last_two_weeks': 0, 'playtime_at_review': 2415, 'last_played': 1756182032}",portuguese,é bom dimaizi,1695091059,1695091059,True,0,0,0.5,0,True,False,False,False
146499119,"{'steamid': '76561199403034398', 'num_games_owned': 0, 'num_reviews': 1, 'playtime_forever': 4272, 'playtime_last_two_weeks': 0, 'playtime_at_review': 512, 'last_played': 1751399782}",portuguese,"Gostei,",1694984710,1694984710,True,1,0,0.523809552192687988,0,True,False,False,False
146431129,"{'steamid': '76561199367287730', 'num_games_owned': 23, 'num_reviews': 2, 'playtime_forever': 16366, 'playtime_last_two_weeks': 0, 'playtime_at_review': 1284, 'last_played': 1730622623}",portuguese,"bom,porém vai tem que ter bastante vontade de jogar e aprender",1694902169,1694902169,True,0,0,0.5,0,True,False,False,False
146346309,"{'steamid': '76561199125518887', 'num_games_owned': 0, 'num_reviews': 3, 'playtime_forever': 2298, 'playtime_last_two_weeks': 0, 'playtime_at_review': 2069, 'last_played': 1751467813}",portuguese,sim,1694797048,1694797048,True,0,0,0.5,0,True,False,False,False
146232555,"{'steamid': '76561199121222621', 'num_games_owned': 0, 'num_reviews': 2, 'playtime_forever': 26365, 'playtime_last_two_weeks': 0, 'playtime_at_review': 19316, 'last_played': 1753178800}",portuguese,"Stardew Valley, IS A BEST",1694623035,1694623035,True,0,0,0.5,0,True,False,False,False
146225368,"{'steamid': '76561199504811166', 'num_games_owned': 0, 'num_reviews': 3, 'playtime_forever': 2476, 'playtime_last_two_weeks': 0, 'playtime_at_review': 2192, 'last_played': 1699568158}",portuguese,jogo bem legal para relaxar recomendo,1694614776,1694614776,True,0,0,0.5,0,True,False,False,False
146200738,"{'steamid': '76561198060409521', 'num_games_owned': 0, 'num_reviews': 2, 'playtime_forever': 3307, 'playtime_last_two_weeks': 0, 'playtime_at_review': 2207, 'last_played': 1704330355}",portuguese,muito bom,1694571943,1694571943,True,0,0,0.5,0,True,False,False,False
146125013,"{'steamid': '76561199069747495', 'num_games_owned': 0, 'num_reviews': 5, 'playtime_forever': 34708, 'playtime_last_two_weeks': 0, 'playtime_at_review': 5750, 'last_played': 1737755503}",portuguese,fazenda e vende pexe,1694450928,1694450928,True,0,0,0.5,0,True,False,False,False
146095483,"{'steamid': '76561199389970379', 'num_games_owned': 0, 'num_reviews': 3, 'playtime_forever': 4730, 'playtime_last_two_weeks': 0, 'playtime_at_review': 1243, 'last_played': 1755835470}",portuguese,me obrigaram a avaliar muito obrigado Pierre por essa maravilhosa disgraçadamente incrivel jogo virtual chamado stardew valley,1694401370,1694401370,True,0,0,0.5,0,True,True,False,False
146091858,"{'steamid': '76561198117222757', 'num_games_owned': 43, 'num_reviews': 2, 'playtime_forever': 11922, 'playtime_last_two_weeks': 0, 'playtime_at_review': 1945, 'last_played': 1722382390}",portuguese,mundo do game bem construído bastante fofoca e sensação de game infinito como se sempre tivesse algo para fazer,1694395043,1694395043,True,3,0,0.545454561710357666,0,True,False,False,False
146015106,"{'steamid': '76561199428463473', 'num_games_owned': 0, 'num_reviews': 53, 'playtime_forever': 11068, 'playtime_last_two_weeks': 0, 'playtime_at_review': 8743, 'last_played': 1750867677}",portuguese,Dá pra passar um tempinho.,1694299859,1714546464,True,1,0,0.523809552192687988,0,True,False,False,False
145860025,"{'steamid': '76561199119459422', 'num_games_owned': 0, 'num_reviews': 4, 'playtime_forever': 6536, 'playtime_last_two_weeks': 5, 'playtime_at_review': 2672, 'last_played': 1762209677}",portuguese,Jogo muito bom para jogar com os amigos recomendo.,1694102828,1701009253,True,0,0,0.5,0,True,False,False,False
145608730,"{'steamid': '76561199051904888', 'num_games_owned': 5, 'num_reviews': 1, 'playtime_forever': 4230, 'playtime_last_two_weeks': 0, 'playtime_at_review': 544, 'last_played': 1729359039}",portuguese,leah é maravilhosa😍😍😍😘🥰🥰🥰🥰🥰😘😍 amo minah mulher,1693763773,1693763773,True,0,0,0.5,0,True,False,False,False
145403947,"{'steamid': '76561199405538407', 'num_games_owned': 3, 'num_reviews': 1, 'playtime_forever': 2811, 'playtime_last_two_weeks': 0, 'playtime_at_review': 2282, 'last_played': 1754950052}",portuguese,O jogo é incrível!! otimo para jogar no momento de preguiça!! RECOMENDO DEMAIS!!!,1693514960,1693514960,True,0,0,0.5,0,True,False,False,False
145310848,"{'steamid': '76561199235539993', 'num_games_owned': 45, 'num_reviews': 3, 'playtime_forever': 10976, 'playtime_last_two_weeks': 0, 'playtime_at_review': 3058, 'last_played': 1760712713}",portuguese,"jogo com uma boa jogabilidade, fácil de aprender, muito completo e muitas coisas para se fazer",1693388484,1693388484,True,0,0,0.5,0,True,True,False,False
145295902,"{'steamid': '76561198396617068', 'num_games_owned': 0, 'num_reviews': 4, 'playtime_forever': 6445, 'playtime_last_two_weeks': 0, 'playtime_at_review': 1973, 'last_played': 1758058334}",portuguese,muito fofo xee,1693361432,1693361432,True,0,0,0.5,0,True,False,False,False
145217863,"{'steamid': '76561199132865468', 'num_games_owned': 108, 'num_reviews': 5, 'playtime_forever': 3565, 'playtime_last_two_weeks': 0, 'playtime_at_review': 2689, 'last_played': 1750722284}",portuguese,Isto é top XUXA,1693252224,1693252224,True,0,0,0.5,0,True,False,False,False
145135353,"{'steamid': '76561199002490087', 'num_games_owned': 68, 'num_reviews': 4, 'playtime_forever': 13009, 'playtime_last_two_weeks': 0, 'playtime_at_review': 5499, 'last_played': 1730583826}",portuguese,Jogo divertido e relaxante,1693146263,1693146263,True,0,0,0.5,0,True,False,False,False
144942513,"{'steamid': '76561199183496758', 'num_games_owned': 0, 'num_reviews': 3, 'playtime_forever': 3161, 'playtime_last_two_weeks': 0, 'playtime_at_review': 1014, 'last_played': 1758851291}",portuguese,mt pika,1692910743,1692910743,True,0,0,0.5,0,True,True,False,False
144290211,"{'steamid': '76561198801139669', 'num_games_owned': 66, 'num_reviews': 3, 'playtime_forever': 22716, 'playtime_last_two_weeks': 0, 'playtime_at_review': 12726, 'last_played': 1754603214}",portuguese,"Simplesmente acho que a história, os pequenos detalhes tudo no seu geral, torna este jogo incrivel e viciante 10/10000",1692133653,1692133653,True,3,1,0.545454561710357666,0,True,False,False,False
144089989,"{'steamid': '76561199146546707', 'num_games_owned': 0, 'num_reviews': 1, 'playtime_forever': 26835, 'playtime_last_two_weeks': 0, 'playtime_at_review': 1824, 'last_played': 1760285154}",portuguese,Bom jogo,1691931669,1691931669,True,3,0,0.545454561710357666,0,True,False,False,False
144015956,"{'steamid': '76561198393738960', 'num_games_owned': 0, 'num_reviews': 2, 'playtime_forever': 12999, 'playtime_last_two_weeks': 0, 'playtime_at_review': 12892, 'last_played': 1693518721}",portuguese,"I REALLY LOVE THIS GAME, IS SO COZY! I SUPER RECOMMEND YOU",1691859698,1691859698,True,0,0,0.5,0,True,False,False,False
143794973,"{'steamid': '76561199350337286', 'num_games_owned': 0, 'num_reviews': 3, 'playtime_forever': 6567, 'playtime_last_two_weeks': 178, 'playtime_at_review': 5890, 'last_played': 1761353248}",portuguese,uma gracinha!,1691689989,1739402280,True,0,0,0.5,0,True,False,False,False
143712446,"{'steamid': '76561199054987340', 'num_games_owned': 0, 'num_reviews': 1, 'playtime_forever': 19162, 'playtime_last_two_weeks': 0, 'playtime_at_review': 878, 'last_played': 1755731669}",portuguese,adoro a qualidade do jogo. é viciante.,1691582481,1691582481,True,0,0,0.5,0,True,False,False,False
143612079,"{'steamid': '76561199235862343', 'num_games_owned': 52, 'num_reviews': 14, 'playtime_forever': 19199, 'playtime_last_two_weeks': 0, 'playtime_at_review': 18564, 'last_played': 1755552992}",portuguese,mulher casada.,1691440575,1732923517,True,1,1,0.523809552192687988,0,True,False,False,False
143599259,"{'steamid': '76561199185763143', 'num_games_owned': 22, 'num_reviews': 2, 'playtime_forever': 6614, 'playtime_last_two_weeks': 0, 'playtime_at_review': 2867, 'last_played': 1751901505}",portuguese,"Simplesmente incrível sempre quis jogar, e passava meu tempo a ver vídeos sobre agora que pude comprar viciei mais ainda, jogo incrível para jogar quando se quer relaxar ou não se tem nada para se fazer, mas nada melhor que jogar com seus melhores amigos.",1691426572,1691426572,True,1,0,0.523809552192687988,0,True,False,False,False
143497298,"{'steamid': '76561198801188552', 'num_games_owned': 78, 'num_reviews': 10, 'playtime_forever': 547, 'playtime_last_two_weeks': 0, 'playtime_at_review': 214, 'last_played': 1732838265}",portuguese,"Mano, quem diria que um joguinho de fazenda realmente poderia ser divertido
mas é, e é MUITO, esse jogo te pretende dmais e ele sempre dá a sensação de que tem mais coisas pra se fazer, te garanto que ce nunca vai ficar entendiado.

e se forem jogar coop, nn deixa a grana compartilhada não.......KJJKJKKKJK

só tiraria ponto pq nn da pra pegar casada, aí é foda mesmo",1691294378,1691294378,True,0,0,0.5,0,True,False,False,False
143493753,"{'steamid': '76561198072542027', 'num_games_owned': 0, 'num_reviews': 2, 'playtime_forever': 5062, 'playtime_last_two_weeks': 0, 'playtime_at_review': 2538, 'last_played': 1720825285}",portuguese,"Jogo incrível, diversas camadas de complexidade. Muito bom para se abstrair do mundo real.",1691288905,1691288905,True,0,0,0.5,0,True,False,False,False
143174973,"{'steamid': '76561198966863692', 'num_games_owned': 0, 'num_reviews': 5, 'playtime_forever': 1739, 'playtime_last_two_weeks': 0, 'playtime_at_review': 1424, 'last_played': 1724030046}",portuguese,Apenas jogue,1690848809,1690848809,True,0,0,0.5,0,True,False,False,False
143174217,"{'steamid': '76561199223327171', 'num_games_owned': 0, 'num_reviews': 1, 'playtime_forever': 12756, 'playtime_last_two_weeks': 0, 'playtime_at_review': 11396, 'last_played': 1714170124}",portuguese,Very good,1690847629,1690847629,True,0,0,0.5,0,True,False,False,False
143121321,"{'steamid': '76561199223569678', 'num_games_owned': 0, 'num_reviews': 7, 'playtime_forever': 7257, 'playtime_last_two_weeks': 0, 'playtime_at_review': 2020, 'last_played': 1755449877}",portuguese,jogo bom para jogar com a broderagem #nuh,1690770817,1690770817,True,0,0,0.5,0,True,False,False,False
143080177,"{'steamid': '76561199486943165', 'num_games_owned': 4, 'num_reviews': 1, 'playtime_forever': 5398, 'playtime_last_two_weeks': 0, 'playtime_at_review': 3167, 'last_played': 1692374773}",portuguese,jogo incrivel com muitas opeções de descansar,1690719825,1690719825,True,1,1,0.523809552192687988,0,True,False,False,False
142907769,"{'steamid': '76561199064476256', 'num_games_owned': 0, 'num_reviews': 1, 'playtime_forever': 3472, 'playtime_last_two_weeks': 0, 'playtime_at_review': 2927, 'last_played': 1707354270}",portuguese,"Não dá para se casar com mulher casada, 1/10",1690480445,1690480445,False,0,2,0.5,0,True,False,False,False
142861094,"{'steamid': '76561198069775352', 'num_games_owned': 0, 'num_reviews': 13, 'playtime_forever': 11685, 'playtime_last_two_weeks': 0, 'playtime_at_review': 8882, 'last_played': 1717442494}",portuguese,I lost my shorts,1690411379,1690411379,True,0,0,0.5,0,True,False,False,False
142850222,"{'steamid': '76561198924423860', 'num_games_owned': 0, 'num_reviews': 14, 'playtime_forever': 12701, 'playtime_last_two_weeks': 0, 'playtime_at_review': 977, 'last_played': 1760472655}",portuguese,e um jogo incrivel os npcs tÊm vida... é um jgo super viciante! Recomendo imenso,1690397667,1690397667,True,0,0,0.5,0,True,False,False,False
142714368,"{'steamid': '76561198838564526', 'num_games_owned': 10, 'num_reviews': 5, 'playtime_forever': 1303, 'playtime_last_two_weeks': 0, 'playtime_at_review': 182, 'last_played': 1693253992}",portuguese,.,1690219213,1690219213,True,0,0,0.5,0,True,False,False,False
142636376,"{'steamid': '76561199028698808', 'num_games_owned': 44, 'num_reviews': 5, 'playtime_forever': 10821, 'playtime_last_two_weeks': 0, 'playtime_at_review': 3162, 'last_played': 1757788626}",portuguese,quinta :),1690109475,1690109475,True,0,0,0.5,0,True,False,False,False
142557144,"{'steamid': '76561198338439726', 'num_games_owned': 41, 'num_reviews': 2, 'playtime_forever': 8904, 'playtime_last_two_weeks': 1216, 'playtime_at_review': 1349, 'last_played': 1762050677}",portuguese,"hermoso, my favorite game",1689988807,1689988807,True,0,0,0.5,0,True,False,False,False
142529329,"{'steamid': '76561198342805989', 'num_games_owned': 0, 'num_reviews': 4, 'playtime_forever': 14739, 'playtime_last_two_weeks': 0, 'playtime_at_review': 12348, 'last_played': 1739155083}",portuguese,nice,1689951272,1689951272,True,1,0,0.504587173461914062,0,True,False,False,False
142480192,"{'steamid': '76561199223164616', 'num_games_owned': 15, 'num_reviews': 10, 'playtime_forever': 10268, 'playtime_last_two_weeks': 162, 'playtime_at_review': 470, 'last_played': 1762108690}",portuguese,Abigail's feet are so juicy I bought this just for them,1689875408,1689875408,True,0,0,0.5,0,True,False,False,False
142399879,"{'steamid': '76561199046878260', 'num_games_owned': 0, 'num_reviews': 1, 'playtime_forever': 1388, 'playtime_last_two_weeks': 0, 'playtime_at_review': 606, 'last_played': 1716048242}",portuguese,Quero pegar mulher casada!!!!,1689767007,1689767007,True,1,0,0.5,0,True,False,False,False
142231221,"{'steamid': '76561199200058710', 'num_games_owned': 131, 'num_reviews': 2, 'playtime_forever': 15319, 'playtime_last_two_weeks': 0, 'playtime_at_review': 14680, 'last_played': 1755305564}",portuguese,top,1689546001,1700775157,True,0,0,0.5,0,True,False,False,False
142167474,"{'steamid': '76561198409569912', 'num_games_owned': 0, 'num_reviews': 2, 'playtime_forever': 9227, 'playtime_last_two_weeks': 0, 'playtime_at_review': 2594, 'last_played': 1760476668}",portuguese,skrrrr skibididomdomdomdom yes yes yes yes,1689469045,1689469045,True,0,0,0.5,0,True,False,False,False
142090858,"{'steamid': '76561199520317163', 'num_games_owned': 0, 'num_reviews': 1, 'playtime_forever': 5360, 'playtime_last_two_weeks': 0, 'playtime_at_review': 35, 'last_played': 1753986499}",portuguese,Stop watching the comments and go play this wonder,1689373218,1694733518,True,0,0,0.597315430641174316,0,True,False,False,False
141951906,"{'steamid': '76561198019132377', 'num_games_owned': 53, 'num_reviews': 12, 'playtime_forever': 11423, 'playtime_last_two_weeks': 0, 'playtime_at_review': 5047, 'last_played': 1726104030}",portuguese,"JOGO VICIANTE DEMAIS,
tem aspectos que lembram vários jogos, arisco dizer que até zelda majoras mask onde cada dai e horario os NPC estavam em locais diferentes, lembra muito outros jogos de fazenda como mini fazenda e por aivai, jogo viciante muito complexo cheio de coisas e novidades, muito bom mesmo valeu a compra",1689209836,1689209836,True,0,0,0.5,0,True,False,False,False
141840771,"{'steamid': '76561199362766270', 'num_games_owned': 59, 'num_reviews': 4, 'playtime_forever': 26407, 'playtime_last_two_weeks': 0, 'playtime_at_review': 7938, 'last_played': 1755552859}",portuguese,me fez questionar minha vida,1689090574,1689090574,True,0,0,0.5,0,True,False,False,False
141827210,"{'steamid': '76561199267156293', 'num_games_owned': 0, 'num_reviews': 1, 'playtime_forever': 12755, 'playtime_last_two_weeks': 92, 'playtime_at_review': 12656, 'last_played': 1762217503}",portuguese,gosto bastante do jogo e recomendo,1689077005,1689077005,True,0,0,0.5,0,True,False,False,False
141791894,"{'steamid': '76561199506567206', 'num_games_owned': 11, 'num_reviews': 1, 'playtime_forever': 1336, 'playtime_last_two_weeks': 0, 'playtime_at_review': 467, 'last_played': 1719089157}",portuguese,"Love it a great way to spend time, wend you play tha game you don't even notice the time passing i love it!",1689028220,1689028220,True,0,0,0.5,0,True,False,False,False
141757505,"{'steamid': '76561198814164451', 'num_games_owned': 66, 'num_reviews': 2, 'playtime_forever': 85211, 'playtime_last_two_weeks': 0, 'playtime_at_review': 68935, 'last_played': 1754230956}",portuguese,,1688994789,1688994789,True,0,0,0.5,0,True,False,False,False
141716601,"{'steamid': '76561198130788207', 'num_games_owned': 0, 'num_reviews': 9, 'playtime_forever': 14203, 'playtime_last_two_weeks': 0, 'playtime_at_review': 13945, 'last_played': 1740862537}",portuguese,"um dos melhores jogos que já joguei.

Apos um ano, continua sendo um dos melhores que eu ainda já joguei",1688941022,1732746061,True,1,0,0.523809552192687988,1,True,False,False,False
141631749,"{'steamid': '76561198049258206', 'num_games_owned': 0, 'num_reviews': 2, 'playtime_forever': 2960, 'playtime_last_two_weeks': 0, 'playtime_at_review': 353, 'last_played': 1756057080}",portuguese,Jogão,1688851759,1688851759,True,0,0,0.5,0,True,False,False,False
141561864,"{'steamid': '76561199430374147', 'num_games_owned': 39, 'num_reviews': 13, 'playtime_forever': 8209, 'playtime_last_two_weeks': 0, 'playtime_at_review': 2013, 'last_played': 1751216664}",portuguese,,1688775674,1688775674,True,0,0,0.5,0,True,True,False,False
141556215,"{'steamid': '76561198395911050', 'num_games_owned': 319, 'num_reviews': 21, 'playtime_forever': 8946, 'playtime_last_two_weeks': 0, 'playtime_at_review': 1814, 'last_played': 1724469328}",portuguese,jogo muito top eu recomendo,1688768722,1688768722,True,0,0,0.5,0,True,False,False,False
141470097,"{'steamid': '76561199224735340', 'num_games_owned': 0, 'num_reviews': 8, 'playtime_forever': 3971, 'playtime_last_two_weeks': 0, 'playtime_at_review': 430, 'last_played': 1757186304}",portuguese,top 🐴,1688670156,1688670156,True,0,0,0.5,0,True,False,False,False
141399705,"{'steamid': '76561199015899604', 'num_games_owned': 0, 'num_reviews': 3, 'playtime_forever': 21189, 'playtime_last_two_weeks': 0, 'playtime_at_review': 17745, 'last_played': 1752366715}",portuguese,"Jogo ENORME com MUITA coisa para fazer, super divertido e relaxante. ótimo para jogar com amigos.",1688590715,1688590715,True,0,0,0.5,0,True,False,False,False
141254829,"{'steamid': '76561198146041333', 'num_games_owned': 65, 'num_reviews': 14, 'playtime_forever': 590, 'playtime_last_two_weeks': 0, 'playtime_at_review': 394, 'last_played': 1738287337}",portuguese,Jogo bem legal pricipalmente pra jogar co-op,1688430629,1688430629,True,0,0,0.5,0,True,False,False,False
141246369,"{'steamid': '76561198334036557', 'num_games_owned': 0, 'num_reviews': 11, 'playtime_forever': 1026, 'playtime_last_two_weeks': 0, 'playtime_at_review': 252, 'last_played': 1721082829}",portuguese,n,1688420639,1688420639,True,0,0,0.5,0,True,False,False,False
141086457,"{'steamid': '76561199357366791', 'num_games_owned': 0, 'num_reviews': 1, 'playtime_forever': 1741, 'playtime_last_two_weeks': 0, 'playtime_at_review': 1484, 'last_played': 1717974978}",portuguese,farmville superior,1688251017,1688251017,True,0,0,0.5,0,True,False,False,False
141051803,"{'steamid': '76561199434241160', 'num_games_owned': 0, 'num_reviews': 3, 'playtime_forever': 6788, 'playtime_last_two_weeks': 0, 'playtime_at_review': 3051, 'last_played': 1760559230}",portuguese,"
",1688219250,1736528977,True,0,0,0.5,0,True,False,False,False
140849705,"{'steamid': '76561199037147632', 'num_games_owned': 16, 'num_reviews': 17, 'playtime_forever': 1505, 'playtime_last_two_weeks': 0, 'playtime_at_review': 204, 'last_played': 1751059694}",portuguese,",.,AEFDQA",1687961860,1687961860,True,0,0,0.5,0,True,True,False,False
140777189,"{'steamid': '76561199293052495', 'num_games_owned': 0, 'num_reviews': 1, 'playtime_forever': 491, 'playtime_last_two_weeks': 0, 'playtime_at_review': 412, 'last_played': 1740827041}",portuguese,"O jogo é muito bom, e viciante.",1687851217,1687851217,True,0,0,0.5,0,True,False,False,False
140698458,"{'steamid': '76561199226214848', 'num_games_owned': 60, 'num_reviews': 6, 'playtime_forever': 26928, 'playtime_last_two_weeks': 56, 'playtime_at_review': 25196, 'last_played': 1762097312}",portuguese,"Não tem muito o que falar, é Stardew Valley, gostoso, faz a vida parecer boa :)

o problema é que vicia",1687729129,1744171847,True,0,0,0.5,0,True,False,False,False
140533793,"{'steamid': '76561198269585662', 'num_games_owned': 0, 'num_reviews': 5, 'playtime_forever': 6618, 'playtime_last_two_weeks': 0, 'playtime_at_review': 2117, 'last_played': 1754355898}",portuguese,"Um jogo em que eu não dava nada, simplesmente dou tudo, ainda não zerei o game mas só pelas horas que joguei realmente valem a pena comprar, viciante e muito dinamico.",1687492870,1687492870,True,0,0,0.5,0,True,False,False,False
140408317,"{'steamid': '76561199062785984', 'num_games_owned': 0, 'num_reviews': 22, 'playtime_forever': 50694, 'playtime_last_two_weeks': 1021, 'playtime_at_review': 35096, 'last_played': 1761666215}",portuguese,"===Gráficos===
🔲Atari
🔲140p
🔲Aceitável
🔲Bom
✅Ótimo
🔲The Witcher 3
🔲Red Dead Redemption II
🔲Cada frame foi pintado por Da Vinci

===Requisitos===
✅Qualquer coisa que conduza energia
🔲Uma calculadora com 1 pilha
🔲Um celular
🔲Um i5 com uma GTX 750TI
🔲No minímo uma GTX 1660
🔲Pc com CPU e GPU muito boas
🔲4xRTX2080TI ligadas numa hidroelétrica

===História===
🔲História? que história?
🔲Tem uma historinha
🔲Uma história bacana
✅Uma história digna de prestar atenção
🔲É sobre a vida real
🔲Feita pelo Tolkien ( prepare seus lenços)
🔲Platão escreveu junto com Machado de Assis e virou novela das 21h.

===Jogabilidade===
✅Precisa de dois dedos pra jogar
🔲Aceitável (4 dedos pra ser específico)
🔲Jogabilidade bacana
🔲Jogabilidade excelente

===Complexidade===
🔲Jogo da velha é mais complexo
🔲Fácil de entender
✅Fácil de aprender, difícil de dominar
🔲É daqueles jogos que as pessoas ficam estudando
🔲Precisa de, no mínimo, 2 doutorados

===Dificuldade===
🔲Você escolhe a dificuldade
✅Seu cachorro consegue
🔲Da pra zerar com uma batata de controle
🔲Fácil
🔲Médio
🔲Quase Dark Souls
🔲Dark Souls
🔲Você precisa de reflexos instantâneos e 4 mãos

===Tempo de jogo===
🔲Da jogar enquanto ouve 1 música
🔲6h
🔲12h
🔲24h
🔲48h
🔲100h+
✅Você começa, seu neto termina

===Áudio, músicas===
🔲Beep
🔲É melhor jogar no mudo
🔲Aceitável
🔲Muito bom
🔲Músicas escritas por Hans Zimmer
✅Mozart escreveu junto com Beethoven

===Bugs===
🔲Nunca vi nenhum
✅Pequenos bugs
🔲Pode ficar irritante
🔲Pode estragar a gameplay
🔲Parece até uma lâmpada acesa cheia de inseto

===Publico===
🔲Crianças
🔲Adolescentes
🔲Adultos
🔲Moradores do porão da mãe que comem maionese
✅Tudo e todos

===Compensa Comprar? ===
🔲IT'S FREE
✅Preço justo
🔲Compre se tiver dinheiro sobrando
🔲Espere uma promoção
🔲Caro demais não recomendo
🔲Mais fácil você queimar seu dinheiro",1687294231,1687294770,True,35,7,0.800000011920928955,0,True,False,False,False
140296136,"{'steamid': '76561199121837728', 'num_games_owned': 6, 'num_reviews': 1, 'playtime_forever': 16209, 'playtime_last_two_weeks': 1, 'playtime_at_review': 5124, 'last_played': 1761084532}",portuguese,Adoro!,1687116820,1687116820,True,0,0,0.5,0,True,False,False,False
140278744,"{'steamid': '76561199221657888', 'num_games_owned': 0, 'num_reviews': 1, 'playtime_forever': 29219, 'playtime_last_two_weeks': 0, 'playtime_at_review': 22349, 'last_played': 1737908054}",portuguese,"jogo muito bom e viciante, recomendo demais",1687096439,1687096439,True,1,0,0.523809552192687988,0,True,False,False,False
140135275,"{'steamid': '76561198380993712', 'num_games_owned': 86, 'num_reviews': 10, 'playtime_forever': 13786, 'playtime_last_two_weeks': 0, 'playtime_at_review': 7128, 'last_played': 1731112836}",portuguese,,1686881560,1686881560,True,0,0,0.5,0,True,False,False,False
139962476,"{'steamid': '76561199131928217', 'num_games_owned': 97, 'num_reviews': 12, 'playtime_forever': 2956, 'playtime_last_two_weeks': 450, 'playtime_at_review': 720, 'last_played': 1762217441}",portuguese,fazenda,1686599162,1704680218,True,2,0,0.504201710224151611,0,True,False,False,False
139960946,"{'steamid': '76561198403087387', 'num_games_owned': 86, 'num_reviews': 1, 'playtime_forever': 7757, 'playtime_last_two_weeks': 0, 'playtime_at_review': 1339, 'last_played': 1718064384}",portuguese,parei ate de ver hent@i,1686597024,1686597024,True,0,0,0.5,0,True,False,False,False
139903468,"{'steamid': '76561199044295932', 'num_games_owned': 11, 'num_reviews': 5, 'playtime_forever': 12660, 'playtime_last_two_weeks': 0, 'playtime_at_review': 2894, 'last_played': 1713145526}",portuguese,"Stardew Valley is a game that stole my heart from the moment I stepped into its charming pixelated world. It's a true masterpiece that captivates players with its simplicity, warmth, and endless possibilities. Developed by ConcernedApe, this indie gem offers a delightful escape from reality, allowing you to embark on a journey of love, friendship, and personal growth.

One of the most endearing aspects of Stardew Valley is its enchanting atmosphere. The game invites you to leave the hustle and bustle of modern life behind and settle down in the idyllic Pelican Town. The vibrant and nostalgic visuals, accompanied by a soothing soundtrack, create an immersive experience that feels like a warm embrace. It's a place where time slows down, and you can lose yourself in the beauty of nature.

From the moment you inherit your grandfather's old farm, the possibilities in Stardew Valley seem endless. You have the freedom to shape your farm and customize it to your heart's content. Plant crops, raise livestock, and even venture into the mysterious mines. With each passing season, you witness the fruits of your labor, literally and figuratively. The satisfaction of seeing your farm flourish and expand is incredibly rewarding.

However, Stardew Valley is not just about farming; it's a game about connections. Pelican Town is populated with a diverse and lovable cast of characters, each with their own unique stories and personalities. Building relationships and forming friendships with the villagers is a significant part of the game. You can engage in heartwarming conversations, exchange gifts, and even find love. The depth of the character development is astounding, and you'll find yourself genuinely caring about the well-being of these virtual friends.

Beyond the farming and social aspects, Stardew Valley offers a plethora of activities to keep you engaged. You can participate in seasonal festivals, go fishing in the sparkling rivers, mine for precious ores, or explore the secrets of the ancient ruins. The game constantly introduces new surprises, ensuring that there's always something exciting to discover.

What truly sets Stardew Valley apart is its underlying message of self-discovery and personal growth. Through the game's gentle narrative, you'll find yourself reflecting on life's values and priorities. It encourages you to slow down, appreciate the beauty of nature, and find joy in the simple things. It's a reminder that life is not solely about achieving grand goals but also about finding happiness in the little moments.

In conclusion, Stardew Valley is a game that radiates love and warmth. Its charming world, lovable characters, and endless possibilities make it an unforgettable experience. Whether you're a fan of farming simulations, nostalgic pixel art, or heartwarming narratives, this game has something for everyone. So grab your watering can, embrace the spirit of the valley, and embark on a journey that will leave you with a heart full of joy.




",1686506009,1686506009,True,2,0,0.539363503456115723,0,True,False,False,False
139504046,"{'steamid': '76561199239683424', 'num_games_owned': 0, 'num_reviews': 1, 'playtime_forever': 24400, 'playtime_last_two_weeks': 0, 'playtime_at_review': 2275, 'last_played': 1760257207}",portuguese,"Stardew Valley is my favourite game of all time. It's simple enough to be enjoyable and has some hard parts to keep it interesting. If you get bored of gardening or being a farmer in general, you can play arcade games, fall in love with the characters, fight enemies or fish! The game will, in a way, fit each and everyones playstyle.",1685828554,1685828554,True,0,0,0.5,0,True,False,False,False
139391405,"{'steamid': '76561199144593493', 'num_games_owned': 0, 'num_reviews': 1, 'playtime_forever': 959, 'playtime_last_two_weeks': 0, 'playtime_at_review': 239, 'last_played': 1747687651}",portuguese,Ótimo para passar o tempo. Fácil de jogar.,1685653021,1685653021,True,0,0,0.5,0,True,False,False,False
139184780,"{'steamid': '76561199089115708', 'num_games_owned': 21, 'num_reviews': 1, 'playtime_forever': 42431, 'playtime_last_two_weeks': 0, 'playtime_at_review': 6613, 'last_played': 1756165365}",portuguese,"this is my favorite game of all time. mind you im not really a gamer i play here and there but for this game i have already more than 200 hours and i played more or less consistely. the mods and the wiki are a must or youll be stuck but, nevertheless ConcernedApe is a genius for making this game entirely by himself.",1685317671,1685317671,True,0,0,0.5,0,True,False,False,False
139155561,"{'steamid': '76561199149274075', 'num_games_owned': 56, 'num_reviews': 5, 'playtime_forever': 2771, 'playtime_last_two_weeks': 0, 'playtime_at_review': 2581, 'last_played': 1757205546}",portuguese,É perfeito.,1685281936,1728153074,True,0,0,0.5,0,True,False,False,False
138921942,"{'steamid': '76561198452252742', 'num_games_owned': 0, 'num_reviews': 1, 'playtime_forever': 27306, 'playtime_last_two_weeks': 0, 'playtime_at_review': 15424, 'last_played': 1753570459}",portuguese,"Muito bom, bastante viciante!",1684952765,1684952765,True,0,0,0.5,0,True,False,False,False
138670185,"{'steamid': '76561199251206189', 'num_games_owned': 0, 'num_reviews': 2, 'playtime_forever': 3841, 'playtime_last_two_weeks': 0, 'playtime_at_review': 710, 'last_played': 1743544896}",portuguese,PERFEITO,1684656250,1684656250,True,0,0,0.5,0,True,False,False,False
138626128,"{'steamid': '76561198345314265', 'num_games_owned': 0, 'num_reviews': 3, 'playtime_forever': 1664, 'playtime_last_two_weeks': 0, 'playtime_at_review': 1169, 'last_played': 1750691911}",portuguese,"MUITO LEGAL, CONSTRUTIVO",1684603631,1684603631,True,0,0,0.5,0,True,False,False,False
138514799,"{'steamid': '76561198341998282', 'num_games_owned': 0, 'num_reviews': 8, 'playtime_forever': 2790, 'playtime_last_two_weeks': 0, 'playtime_at_review': 2530, 'last_played': 1711696941}",portuguese,"스타트 밸리!

농작물 취급 농업가정의 예산구성을 학습하는 시뮬레이션. 일단 사두세요.",1684450639,1684450639,True,0,0,0.5,0,True,False,False,False
138367026,"{'steamid': '76561198185446779', 'num_games_owned': 13, 'num_reviews': 3, 'playtime_forever': 28908, 'playtime_last_two_weeks': 0, 'playtime_at_review': 3997, 'last_played': 1751918417}",portuguese,great and addictive game,1684211034,1684211034,True,0,0,0.5,0,True,False,False,False
138344757,"{'steamid': '76561198319545754', 'num_games_owned': 38, 'num_reviews': 1, 'playtime_forever': 5538, 'playtime_last_two_weeks': 0, 'playtime_at_review': 4097, 'last_played': 1735479958}",portuguese,arroz ya,1684168403,1684168403,True,0,0,0.5,0,True,False,False,False
138149748,"{'steamid': '76561199077731292', 'num_games_owned': 0, 'num_reviews': 14, 'playtime_forever': 3089, 'playtime_last_two_weeks': 0, 'playtime_at_review': 232, 'last_played': 1757332917}",portuguese,"fucking master piece
",1683829585,1683829585,True,0,0,0.5,0,True,False,False,False
138063118,"{'steamid': '76561198258918146', 'num_games_owned': 0, 'num_reviews': 5, 'playtime_forever': 3682, 'playtime_last_two_weeks': 0, 'playtime_at_review': 3381, 'last_played': 1711929448}",portuguese,"Jogo bom que não dá para aziar... às vezes é preciso.
É qualquer coisa se pensarmos que foi feito por uma pessoa só.
Mais divertido com amigos e, caso comece a ficar repetitivo, é fácil de colocar mods",1683663410,1683663410,True,1,0,0.523809552192687988,0,True,False,False,False
137966393,"{'steamid': '76561199083848189', 'num_games_owned': 0, 'num_reviews': 1, 'playtime_forever': 48867, 'playtime_last_two_weeks': 498, 'playtime_at_review': 23275, 'last_played': 1762204225}",portuguese,One of my fav games <3,1683490065,1683490065,True,0,0,0.5,0,True,False,False,False
137853420,"{'steamid': '76561198282739436', 'num_games_owned': 0, 'num_reviews': 6, 'playtime_forever': 7817, 'playtime_last_two_weeks': 0, 'playtime_at_review': 5781, 'last_played': 1684518133}",portuguese,Great Game,1683330292,1683330292,True,0,0,0.5,0,True,False,False,False
137708670,"{'steamid': '76561198269548718', 'num_games_owned': 326, 'num_reviews': 76, 'playtime_forever': 37949, 'playtime_last_two_weeks': 0, 'playtime_at_review': 33098, 'last_played': 1760381727}",portuguese,"Um dos raros casos onde o Ctrl + C, Ctrl + V ficam melhor que o original.
#MaisAmor",1683078170,1716236159,True,0,0,0.5,0,True,False,False,False
137453324,"{'steamid': '76561199225566794', 'num_games_owned': 47, 'num_reviews': 8, 'playtime_forever': 14210, 'playtime_last_two_weeks': 2, 'playtime_at_review': 2120, 'last_played': 1761601589}",portuguese,É um jogo muito divertido.,1682730590,1682730590,True,1,0,0.523809552192687988,0,True,False,False,False
137397285,"{'steamid': '76561198068757578', 'num_games_owned': 203, 'num_reviews': 10, 'playtime_forever': 1203, 'playtime_last_two_weeks': 0, 'playtime_at_review': 416, 'last_played': 1684686272}",portuguese,"Jogo maravilho, história bem desenvolvida e extremamente viciante.",1682644527,1682644527,True,2,0,0.545454561710357666,2,True,False,False,False
137396267,"{'steamid': '76561199079664502', 'num_games_owned': 0, 'num_reviews': 2, 'playtime_forever': 3550, 'playtime_last_two_weeks': 0, 'playtime_at_review': 753, 'last_played': 1756180258}",portuguese,um otimo jogo recomendaria ate para minha vo,1682642447,1682642447,True,0,0,0.5,0,True,False,False,False
137350034,"{'steamid': '76561198820336564', 'num_games_owned': 0, 'num_reviews': 1, 'playtime_forever': 7671, 'playtime_last_two_weeks': 44, 'playtime_at_review': 6760, 'last_played': 1762135257}",portuguese,Jogo relaxante ótimo para se desligar do resto do mundo,1682560119,1682560119,True,0,0,0.5,0,True,False,False,False
137251882,"{'steamid': '76561199164268174', 'num_games_owned': 186, 'num_reviews': 76, 'playtime_forever': 97239, 'playtime_last_two_weeks': 0, 'playtime_at_review': 18284, 'last_played': 1711157319}",portuguese,"O jogo tem uma proposta extremamente básica e simples mas acaba por se demonstrar muito maior do que o que realmente parece, incrível como apenas uma pessoa produziu um jogo tão complexo totalmente sozinho. Recomendo muito terminar 100% do jogo pois é um grande desafio e irá requerer muito trabalho e dedicação, permitindo explorar ao máximo tudo o que é permitido. O jogo ainda fica melhor com amigos (não tenho).

Edit: Terminei o jogo 100% perfeição e comprovo que é simplesmente incrível, um desafio bastante desgastante mas no final valeu a pena...",1682382570,1700258755,True,3,1,0.565217375755310059,0,True,False,False,False
137233739,"{'steamid': '76561199467587104', 'num_games_owned': 0, 'num_reviews': 1, 'playtime_forever': 10079, 'playtime_last_two_weeks': 0, 'playtime_at_review': 1895, 'last_played': 1716312259}",portuguese,"o jogo tem uma jogabilidade muito boa, tem muitas coisas pra fazer e bem interativo gosto muito e recomendo",1682353786,1682353786,True,0,0,0.5,0,True,False,False,False
137211890,"{'steamid': '76561199012905327', 'num_games_owned': 0, 'num_reviews': 1, 'playtime_forever': 8472, 'playtime_last_two_weeks': 0, 'playtime_at_review': 3354, 'last_played': 1759295291}",portuguese,"O jogo é fantástico! Eu senti um sentimento muito tranquilo jogando, e frustrante as vezes durante umas aventuras nas minas para ser sincero kkkkkkk. Mas no geral é um jogo que eu recomendo para passar o tempo! Jogar com amigos também é muito divertido, chegando a ficar dependendo do caso horas e horas jogando. Nota 10!",1682313198,1682313198,True,0,0,0.5,0,True,False,False,False
137197309,"{'steamid': '76561198107355662', 'num_games_owned': 0, 'num_reviews': 15, 'playtime_forever': 4242, 'playtime_last_two_weeks': 0, 'playtime_at_review': 1709, 'last_played': 1705010137}",portuguese,Fazendinha,1682285234,1682285234,True,0,0,0.5,0,True,False,False,False
137163760,"{'steamid': '76561198851011491', 'num_games_owned': 98, 'num_reviews': 12, 'playtime_forever': 4931, 'playtime_last_two_weeks': 0, 'playtime_at_review': 3593, 'last_played': 1741818411}",portuguese,"Simplesmente um dos meus jogos favoritos, é incrível como um jogo 2d de pixels consegue ser tão bom e envolvente, eu recomendo demais!",1682245515,1682245515,True,0,0,0.5,0,True,False,False,False
137140617,"{'steamid': '76561199011619300', 'num_games_owned': 44, 'num_reviews': 22, 'playtime_forever': 12454, 'playtime_last_two_weeks': 0, 'playtime_at_review': 12109, 'last_played': 1758991717}",portuguese,"Morri na caverna e fui acordado por um mendigo, o mesmo que me roubou enquanto eu estava inconsciente.
- 10/10",1682204510,1756068310,True,0,0,0.5,0,True,False,False,False
137105188,"{'steamid': '76561198873619989', 'num_games_owned': 81, 'num_reviews': 8, 'playtime_forever': 11821, 'playtime_last_two_weeks': 0, 'playtime_at_review': 11156, 'last_played': 1727642374}",portuguese,"Meu primeiro jogo na steam, nunca me arrependi e jamais me arrependerei de ter comprado esse jogo. A qualidade excepcional que um game bom tem q ter esse jogo tem, não apenas administrar recursos, mas o tempo, junto com um pouco de romance e mistérios, Stardew Valley é uma experiência completa e absurdamente boa. Um dos melhores jogos de todos os tempos.",1682162098,1682162098,True,0,0,0.5,0,True,False,False,False
137082396,"{'steamid': '76561198142403110', 'num_games_owned': 55, 'num_reviews': 1, 'playtime_forever': 10310, 'playtime_last_two_weeks': 0, 'playtime_at_review': 7281, 'last_played': 1742522150}",portuguese,é bom ao ponto de te fazer esquecer que na vida real vc é triste,1682123416,1682123416,True,0,0,0.5,0,True,False,False,False
137078717,"{'steamid': '76561198865081384', 'num_games_owned': 0, 'num_reviews': 2, 'playtime_forever': 9525, 'playtime_last_two_weeks': 0, 'playtime_at_review': 1800, 'last_played': 1756940835}",portuguese,INCRIVEL,1682117000,1682117000,True,2,0,0.545454561710357666,0,True,False,False,False
137053327,"{'steamid': '76561198179280110', 'num_games_owned': 4554, 'num_reviews': 2, 'playtime_forever': 8092, 'playtime_last_two_weeks': 0, 'playtime_at_review': 7056, 'last_played': 1721856952}",portuguese,bom jogo para se jogar sozinho ou com amigos,1682083470,1682083470,True,0,0,0.469387739896774292,0,True,False,False,False
136971767,"{'steamid': '76561198161506170', 'num_games_owned': 326, 'num_reviews': 107, 'playtime_forever': 8898, 'playtime_last_two_weeks': 0, 'playtime_at_review': 8580, 'last_played': 1736911808}",portuguese,"JOGUEM STARDEW VALLEY, ELES FALARAM
VAI SER DIVERTIDO E RELAXANTE, ELES FALARAM
Leah merece ficar na capa do jogo 👍👍👍👍",1681932583,1681932583,True,0,0,0.476190477609634399,0,True,False,False,False
136926373,"{'steamid': '76561199062689179', 'num_games_owned': 39, 'num_reviews': 4, 'playtime_forever': 7689, 'playtime_last_two_weeks': 0, 'playtime_at_review': 3967, 'last_played': 1753294487}",portuguese,Jogo incrível!!!!,1681852550,1681852550,True,1,0,0.523809552192687988,0,True,False,False,False
136654468,"{'steamid': '76561199163692307', 'num_games_owned': 0, 'num_reviews': 3, 'playtime_forever': 76, 'playtime_last_two_weeks': 0, 'playtime_at_review': 69, 'last_played': 1681842040}",portuguese,"Ainda estou a aprender como se joga, estou a gostar, é um tipo de jogo que eu gosto, bastante divertido, recomendo!",1681430713,1681430713,True,0,0,0.5,0,True,False,False,False
136652846,"{'steamid': '76561198970649956', 'num_games_owned': 0, 'num_reviews': 9, 'playtime_forever': 44677, 'playtime_last_two_weeks': 0, 'playtime_at_review': 20746, 'last_played': 1756212574}",portuguese,"é bom
",1681427908,1681427908,True,0,0,0.5,0,True,False,False,False
136652256,"{'steamid': '76561199271924719', 'num_games_owned': 79, 'num_reviews': 6, 'playtime_forever': 34193, 'playtime_last_two_weeks': 0, 'playtime_at_review': 7679, 'last_played': 1756072413}",portuguese,"Pros: Sim
Cons: Não",1681426925,1706035975,True,1,0,0.523809552192687988,0,True,False,False,False
136595850,"{'steamid': '76561198314711814', 'num_games_owned': 0, 'num_reviews': 5, 'playtime_forever': 22653, 'playtime_last_two_weeks': 0, 'playtime_at_review': 18393, 'last_played': 1757539268}",portuguese,"Adoro este jogo, há  anos que jogo e nunca me farto das minhas quintas, é ainda mais divertido jogar com os meus amigos, apesar de um deles só jogar para ser o Casanova do Valley ^^",1681334728,1681334728,True,0,0,0.5,0,True,False,False,False
136537899,"{'steamid': '76561199364029215', 'num_games_owned': 75, 'num_reviews': 17, 'playtime_forever': 5313, 'playtime_last_two_weeks': 0, 'playtime_at_review': 5311, 'last_played': 1733067470}",portuguese,"O jogo no qual estamos presentes é maravilhoso, feito com carinho e amor, têm diversos detalhes que dão mais vida ao jogo, é muito mais do que ""apenas um jogo de fazenda"".
 Para começar com chave de ouro, vamos falar dos gráficos, ou seja, as pixeis arte, que são maravilhosas, eu não tive nenhum problema em relação à pixel arte do jogo, logo diria que é óptima, surpreende muito para quem não está habituado a pixel arte de qualidade e emerssivas, como por exemplo minha excelência.
 Sinceramente o sistema de luta deixou me a desejar, esse é um dos poucos erros deste jogo! Pois eu senti e sinto dificuldade na mesma, pois para acertar um golpe na direita tu tens que virar o teu personagem para a direita, ou seja, não vira ""automaticamente"" o que leva a ter uma demora para responder e logo sofres um golpe que dependendo de qual caverna você está metade do seu HP derrete. 
 A música... ah... a música, simplesmente magnifica, quem discorda claramente não têm um sistema auditivo desenvolvido o suficiente para ler a bela melodia.
 A Lore é trilhada e criada por ti mesmo, tu escolhes o que vais fazer, pois existem 6 candidatos de cada sexo que você pode namorar e casar o que leva a diversos finais, além de tudo a cada determinado ponto de amizade que você consegue com um morador surge uma cutscene, que aprofunda o seu conhecimento sobre aquele personagem. (Menos a Haley)
 Agora vou falar de uma parte extremamente importante, se poderá rodar em uma torradeira ou se é exclusivo para geladeiras da Samsung de ultima geração... por incrível que pareça o jogo é extremamente leve, assim entregando uma experiência épica sem ser necessário uma bela Geladeira da Samsung de nova Geração, mas sim, apenas de uma batata, ou laranja, se você preferir.


(Se eu fui útil ou engraçado, que acho difícil, eu ficaria lisonjeado se me entregasse um prémio, sabe como é)",1681238853,1732731439,True,0,0,0.5,0,True,False,False,False
136495583,"{'steamid': '76561199233010878', 'num_games_owned': 35, 'num_reviews': 11, 'playtime_forever': 5559, 'playtime_last_two_weeks': 0, 'playtime_at_review': 1314, 'last_played': 1745759489}",portuguese,"A jogabilidade de Stardew Valley é muito satisfatória, com um sistema de agricultura bem elaborado que é fácil de entender, mas difícil de dominar. O jogador pode escolher entre uma grande variedade de culturas para plantar, cada uma com seus próprios requisitos de plantio e cuidado. Também há uma grande variedade de animais para cuidar, incluindo galinhas, vacas e ovelhas.

Os gráficos de Stardew Valley são simples, mas charmosos. O jogo tem um estilo de arte em pixels que é reminiscente dos jogos de Super Nintendo, com uma paleta de cores vibrante e atmosfera aconchegante. A música também é muito relaxante e ajuda a criar uma atmosfera envolvente.

Stardew Valley é um jogo muito relaxante, mas também é muito envolvente. Os jogadores podem passar horas plantando, cuidando dos animais e interagindo com os personagens da cidade. No entanto, o jogo pode ser um pouco repetitivo após muitas horas de jogo, e alguns jogadores podem sentir que estão ficando sem coisas novas para fazer.

No geral, Stardew Valley é um jogo incrível que oferece uma experiência relaxante e envolvente de simulação de fazenda. Se você está procurando um jogo que ofereça uma jogabilidade satisfatória, personagens encantadores e um mundo tranquilo para explorar, Stardew Valley é definitivamente um jogo que vale a pena conferir.",1681165457,1681165457,True,0,0,0.5,0,True,False,False,False
136428856,"{'steamid': '76561198994152715', 'num_games_owned': 0, 'num_reviews': 6, 'playtime_forever': 1267, 'playtime_last_two_weeks': 0, 'playtime_at_review': 1256, 'last_played': 1728850409}",portuguese,"Jogo muito bom para aquecer a mira antes de ir jogar uma rank no valorant, e muito legal caso seu sono seja ser um fazendeiro",1681067159,1681067159,True,2,2,0.545454561710357666,0,True,False,False,False
136428480,"{'steamid': '76561199002796987', 'num_games_owned': 97, 'num_reviews': 41, 'playtime_forever': 2364, 'playtime_last_two_weeks': 2, 'playtime_at_review': 910, 'last_played': 1761597068}",portuguese,,1681066736,1681066736,True,0,0,0.5,0,True,False,False,False
136371244,"{'steamid': '76561199165470098', 'num_games_owned': 0, 'num_reviews': 1, 'playtime_forever': 1177, 'playtime_last_two_weeks': 0, 'playtime_at_review': 269, 'last_played': 1754328928}",portuguese,"É super chill, as horas passam muito rápido quando jogamos isto. Os gráficos são muito simples e fofos xD Muito bem feitos! Tem uma história mas o jogo pode ser jogado com calma, a história ""não foge"". 5 estrelas",1680988248,1680988248,True,0,0,0.5,0,True,False,False,False
136241722,"{'steamid': '76561199085986873', 'num_games_owned': 70, 'num_reviews': 45, 'playtime_forever': 2506, 'playtime_last_two_weeks': 0, 'playtime_at_review': 2030, 'last_played': 1758242761}",portuguese,JOGO BOM,1680829235,1680829235,True,0,0,0.476190477609634399,0,True,False,False,False
136220317,"{'steamid': '76561199472400792', 'num_games_owned': 0, 'num_reviews': 3, 'playtime_forever': 20350, 'playtime_last_two_weeks': 0, 'playtime_at_review': 720, 'last_played': 1758384389}",portuguese,"Muito bom
",1680802430,1680802430,True,1,0,0.523809552192687988,0,True,False,False,False
136104339,"{'steamid': '76561198146464561', 'num_games_owned': 168, 'num_reviews': 11, 'playtime_forever': 7577, 'playtime_last_two_weeks': 0, 'playtime_at_review': 2132, 'last_played': 1739508249}",portuguese,"Super divertido, e relaxante, comico quando jogado entre amigos, algo a se levar e conta ou não, afinal e um caso a parte, este game fantastico, vale cada centavo.",1680632470,1680632470,True,0,0,0.5,0,True,False,False,False
136099118,"{'steamid': '76561198404047552', 'num_games_owned': 61, 'num_reviews': 7, 'playtime_forever': 21796, 'playtime_last_two_weeks': 1, 'playtime_at_review': 9088, 'last_played': 1761874052}",portuguese,"jogo de fazenda, ou seja, foda pra carai",1680626428,1680626428,True,0,0,0.5,0,True,False,False,False
136059540,"{'steamid': '76561199213194084', 'num_games_owned': 7, 'num_reviews': 2, 'playtime_forever': 1337, 'playtime_last_two_weeks': 28, 'playtime_at_review': 1130, 'last_played': 1761519279}",portuguese,"AMOOO DEMAIS
",1680561377,1680561377,True,1,0,0.5,0,True,False,False,False
136034585,"{'steamid': '76561198274205697', 'num_games_owned': 50, 'num_reviews': 3, 'playtime_forever': 30823, 'playtime_last_two_weeks': 0, 'playtime_at_review': 22907, 'last_played': 1749588010}",portuguese,After idk how many years I still always end up going back to this game. Need I say more?,1680542187,1680542187,True,0,0,0.5,0,True,False,False,False
135972826,"{'steamid': '76561199155564735', 'num_games_owned': 4, 'num_reviews': 1, 'playtime_forever': 5538, 'playtime_last_two_weeks': 334, 'playtime_at_review': 262, 'last_played': 1762201354}",portuguese,jogo muito bom passa tempo,1680455040,1680455040,True,0,0,0.5,0,True,False,False,False
135733054,"{'steamid': '76561199090066624', 'num_games_owned': 89, 'num_reviews': 20, 'playtime_forever': 3923, 'playtime_last_two_weeks': 0, 'playtime_at_review': 491, 'last_played': 1743609058}",portuguese,"Estou atualizando esta analise para dizer que é muito bom o facto de dar para namorar, casar e ter filhos com o gostoso do Alex :)",1680175566,1700666217,True,1,1,0.52173912525177002,0,True,False,False,False
135637025,"{'steamid': '76561199133164495', 'num_games_owned': 26, 'num_reviews': 10, 'playtime_forever': 3362, 'playtime_last_two_weeks': 0, 'playtime_at_review': 3268, 'last_played': 1683668722}",portuguese,"""Temer o amor é temer a vida, e aqueles que temem a vida já estão mortos"" 
procura-se webnamorada, para jogar e tomar conta da nossa fazendinha juntos <3 (#envergonhado)

",1680040918,1680040918,True,0,0,0.5,0,True,False,False,False
135579214,"{'steamid': '76561198173240630', 'num_games_owned': 77, 'num_reviews': 3, 'playtime_forever': 10429, 'playtime_last_two_weeks': 0, 'playtime_at_review': 2406, 'last_played': 1728949552}",portuguese,Recomendo a 100% vicia mais que cocaina,1679967608,1679967608,True,0,0,0.5,0,True,False,False,False
135566540,"{'steamid': '76561199325147040', 'num_games_owned': 0, 'num_reviews': 1, 'playtime_forever': 3117, 'playtime_last_two_weeks': 0, 'playtime_at_review': 1254, 'last_played': 1752256349}",portuguese,jogo lindo,1679948899,1679948899,True,0,0,0.5,0,True,False,False,False
135561213,"{'steamid': '76561199130992411', 'num_games_owned': 12, 'num_reviews': 1, 'playtime_forever': 7691, 'playtime_last_two_weeks': 0, 'playtime_at_review': 2233, 'last_played': 1723915604}",portuguese,Darwin darwin Nuñez he came from benfica to the big reds...,1679942599,1679942599,True,0,0,0.5,0,True,False,False,False
135485644,"{'steamid': '76561199465944678', 'num_games_owned': 0, 'num_reviews': 3, 'playtime_forever': 1211, 'playtime_last_two_weeks': 0, 'playtime_at_review': 1099, 'last_played': 1701545108}",portuguese,👍,1679845274,1679845274,True,0,0,0.5,0,True,False,False,False
135354933,"{'steamid': '76561199043091712', 'num_games_owned': 120, 'num_reviews': 97, 'playtime_forever': 44, 'playtime_last_two_weeks': 0, 'playtime_at_review': 44, 'last_played': 1679699246}",portuguese,"----<Gráficos>----
( ) 144p
( ) Aceitável
() Bom
( X) Ótimo
() Cada frame foi pintado por Da Vinci

----<Requisitos>----

( ) Uma pilha de batata
() qualquer coisa que conduza energia
(X) Um i5 com uma GPU mais antiga
( ) No mínimo uma GTX 1660
( ) Uma RTX 4090 

----<História>----

( ) Que história??
() Tem história só pra não dizer que não tem
(X) Uma história digna de prestar atenção
( ) Uma história bem elaborada
() Mais complexa que a URSS

----<Jogabilidade >----
() Horrível 
() Tudo travado igual a coluna de uma senhora de 90 anos
() Precisa de dois dedos pra jogar
(X) Gostoso de jogar
( ) Jogabilidade excelente

----<Trilha sonora>----
() Deixa mutado
() Nada de especial
( ) Boa
(X ) Memorável
() Toque isto no meu funeral
. 
----<Nível de diversão>----

( ) Tão divertido quanto assistir uma poça d'água evaporar
( ) Entretém
(X) Vai te prender por horas!
() Meu mundo melhorou depois de jogar isso

----<Bugs>----

( ) Esse é o novo CyberPunk ?
( ) Dá pra jogar
( ) Os bugs deixam o jogo mais divertido
() Um ou dois
(X) A palavra bug é desconhecida

----<Tempo de jogo>----

( ) 1-3 horas 
() 4-23 horas
(X ) 24-100 horas
(X ) + 100 horas

----<Dificuldade>----
() Não da pra zerar
() Dá pra zerar vendado e bêbado
( X) Medio
( ) Com um pouco de prática vai
() Bem desafiador, as vezes difícil
( ) Souls like

----<Complexidade>----

() Jogo da velha é mais complexo
() Dá pra jogar casualmente de boa
(X) Fácil de aprender, difícil de dominar
() É daqueles jogos que as pessoas ficam estudando
( ) Precisa de, no mínimo, 2 doutorados

----<Preço>----

( ) De graça ta caro
() Compre se tiver dinheiro sobrando
() Espere uma promoção
(X) Preço justo
( ) Pagaria até mais

----<Melhor experiencia>----

( ) Desinstalar.
() O jogo é Offline
(X ) SinglePlayer
() Coop
() Multiplayer

----<Vale a pena ?>----
( ) Arrependimento
( ) Reembolsa isso ai
( ) É bom, mas pra zerar uma vez só
() Recomendo!
(X) Bom pra caralho, JOGUEM!
( ) Queria apagar a memória só pra me encantar de novo",1679710411,1680712785,True,0,0,0.5,0,True,True,False,False
135202969,"{'steamid': '76561199062954407', 'num_games_owned': 30, 'num_reviews': 2, 'playtime_forever': 4443, 'playtime_last_two_weeks': 154, 'playtime_at_review': 3457, 'last_played': 1761086279}",portuguese,"Stardew Valley é um tipo de jogo no qual você pode passar mais de mil horas jogando e ainda assim não perder a graça, pois há tantas coisas para fazer e descobrir. Eu amo esse jogo e o recomendo muito, é divertido jogar tanto sozinho quanto com amigos.



",1679537983,1679537983,True,0,0,0.5,0,True,False,False,False
135068496,"{'steamid': '76561198282457427', 'num_games_owned': 89, 'num_reviews': 6, 'playtime_forever': 11686, 'playtime_last_two_weeks': 0, 'playtime_at_review': 485, 'last_played': 1741644690}",portuguese,"Very gud game, I love it",1679358896,1679358896,True,0,0,0.5,0,True,False,False,False
134980412,"{'steamid': '76561199018155820', 'num_games_owned': 3, 'num_reviews': 1, 'playtime_forever': 14527, 'playtime_last_two_weeks': 0, 'playtime_at_review': 5439, 'last_played': 1754084909}",portuguese,x,1679243877,1679243877,True,0,0,0.5,0,True,False,False,False
134967955,"{'steamid': '76561198810724639', 'num_games_owned': 109, 'num_reviews': 17, 'playtime_forever': 17598, 'playtime_last_two_weeks': 0, 'playtime_at_review': 14747, 'last_played': 1758323241}",portuguese,"No Abigail, no Sebastian, no Leah. My true love buddy is Krobus, from these disgusting sewers ❤",1679233472,1679233472,True,1,0,0.523809552192687988,0,True,False,False,False
134906196,"{'steamid': '76561199016247433', 'num_games_owned': 0, 'num_reviews': 4, 'playtime_forever': 4804, 'playtime_last_two_weeks': 0, 'playtime_at_review': 2758, 'last_played': 1730479791}",portuguese,"Acho incrível o facto de plantar os legumes e acompanhar o crescimento deles, especialmente dos pepinos, ai ai pepinos, aqueles grandes e gordos pepinos, na verdade os pepinos soa todos bons, os pequenos os os grandes os finos os grossos, eu amo PEPINO aiiii PepinoooooooooOOOOO",1679163095,1679163095,True,0,0,0.5,0,True,False,False,False
134880902,"{'steamid': '76561198985884610', 'num_games_owned': 18, 'num_reviews': 3, 'playtime_forever': 26668, 'playtime_last_two_weeks': 0, 'playtime_at_review': 1027, 'last_played': 1752635562}",portuguese,perfeito.,1679140312,1679140312,True,0,0,0.5,0,True,False,False,False
134841837,"{'steamid': '76561198261468539', 'num_games_owned': 42, 'num_reviews': 2, 'playtime_forever': 753, 'playtime_last_two_weeks': 0, 'playtime_at_review': 753, 'last_played': 1673464047}",portuguese,"n‎i‎g‎g‎e‎rs
",1679089615,1679089615,True,0,0,0.5,0,True,False,False,False
134835227,"{'steamid': '76561198254627929', 'num_games_owned': 76, 'num_reviews': 1, 'playtime_forever': 1687, 'playtime_last_two_weeks': 8, 'playtime_at_review': 1501, 'last_played': 1761522764}",portuguese,"Fiz o que não consigo fazer na vida real, conseguir bitches

10/10 Peak Fiction",1679082289,1679082289,True,0,2,0.476190477609634399,1,True,False,False,False
134774839,"{'steamid': '76561199091195762', 'num_games_owned': 0, 'num_reviews': 1, 'playtime_forever': 935, 'playtime_last_two_weeks': 0, 'playtime_at_review': 319, 'last_played': 1741899414}",portuguese,É MUITO BOM,1679000080,1679000080,True,0,0,0.5,0,True,False,False,False
134721058,"{'steamid': '76561198395362647', 'num_games_owned': 0, 'num_reviews': 1, 'playtime_forever': 275, 'playtime_last_two_weeks': 0, 'playtime_at_review': 205, 'last_played': 1679099616}",portuguese,TOP,1678915040,1678915040,True,0,0,0.5,0,True,False,False,False
134575130,"{'steamid': '76561199017413835', 'num_games_owned': 43, 'num_reviews': 5, 'playtime_forever': 18041, 'playtime_last_two_weeks': 0, 'playtime_at_review': 16041, 'last_played': 1752374019}",portuguese,"use com moderação


vale a pena",1678668662,1678668662,True,1,0,0.523809552192687988,0,True,False,False,False
134528374,"{'steamid': '76561199411078785', 'num_games_owned': 0, 'num_reviews': 2, 'playtime_forever': 13133, 'playtime_last_two_weeks': 0, 'playtime_at_review': 748, 'last_played': 1754942058}",portuguese,my gf broke up w me BUT STARDEW VALLEY WE UP🔥🔥🔥🔥,1678614506,1678614506,True,5,0,0.583333313465118408,0,True,False,False,False
134343100,"{'steamid': '76561198296935168', 'num_games_owned': 278, 'num_reviews': 66, 'playtime_forever': 4486, 'playtime_last_two_weeks': 0, 'playtime_at_review': 2580, 'last_played': 1751992110}",portuguese,"Incredible game.  It can be really calming or stressful depending on how you play it, either way it's really entertaining. Never played it with friends but I suppose it can only get better.",1678360066,1678360066,True,0,0,0.5,0,True,False,False,False
134201924,"{'steamid': '76561199194513168', 'num_games_owned': 0, 'num_reviews': 2, 'playtime_forever': 566, 'playtime_last_two_weeks': 0, 'playtime_at_review': 432, 'last_played': 1713966873}",portuguese,O jogo é muito giro e joga-se muito bem.,1678133271,1678133271,True,0,0,0.5,0,True,False,False,False
134177162,"{'steamid': '76561199232629386', 'num_games_owned': 0, 'num_reviews': 2, 'playtime_forever': 4721, 'playtime_last_two_weeks': 0, 'playtime_at_review': 1523, 'last_played': 1747602932}",portuguese,Jogo maravilhoso.,1678099936,1678099936,True,0,0,0.5,0,True,False,False,False
134149658,"{'steamid': '76561198941491649', 'num_games_owned': 31, 'num_reviews': 2, 'playtime_forever': 13525, 'playtime_last_two_weeks': 0, 'playtime_at_review': 7998, 'last_played': 1742670594}",portuguese,The time might give you anxiety but everyone is hot <3,1678051728,1678051728,True,0,0,0.5,0,True,False,False,False
134131506,"{'steamid': '76561198957144235', 'num_games_owned': 18, 'num_reviews': 1, 'playtime_forever': 5516, 'playtime_last_two_weeks': 0, 'playtime_at_review': 697, 'last_played': 1714946471}",portuguese,"sem comentarios,simplismente incrivel.",1678033214,1678033214,True,0,0,0.5,0,True,False,False,False
134125357,"{'steamid': '76561199144859283', 'num_games_owned': 32, 'num_reviews': 4, 'playtime_forever': 10050, 'playtime_last_two_weeks': 0, 'playtime_at_review': 2359, 'last_played': 1726008323}",portuguese,kith,1678027859,1678027859,True,0,0,0.5,0,True,False,False,False
133902309,"{'steamid': '76561198447461023', 'num_games_owned': 40, 'num_reviews': 3, 'playtime_forever': 10306, 'playtime_last_two_weeks': 0, 'playtime_at_review': 7956, 'last_played': 1714942239}",portuguese,Jogo maravilhoso,1677740395,1677740395,True,0,0,0.5,0,True,False,False,False
133632978,"{'steamid': '76561198127356624', 'num_games_owned': 0, 'num_reviews': 11, 'playtime_forever': 2640, 'playtime_last_two_weeks': 0, 'playtime_at_review': 2481, 'last_played': 1677446380}",portuguese,perfect game,1677380914,1677380914,True,0,0,0.5,0,True,False,False,False
133621712,"{'steamid': '76561198411950037', 'num_games_owned': 11, 'num_reviews': 3, 'playtime_forever': 10505, 'playtime_last_two_weeks': 0, 'playtime_at_review': 4514, 'last_played': 1758486396}",portuguese,stardew valley é um dos melhores jogos que eu já joguei,1677368117,1677368117,True,1,0,0.523809552192687988,0,True,False,False,False
133614934,"{'steamid': '76561198987567720', 'num_games_owned': 0, 'num_reviews': 2, 'playtime_forever': 9106, 'playtime_last_two_weeks': 0, 'playtime_at_review': 8560, 'last_played': 1726102136}",portuguese,e bom,1677361619,1677361619,True,0,0,0.5,0,True,False,False,False
133611531,"{'steamid': '76561197996611531', 'num_games_owned': 0, 'num_reviews': 1, 'playtime_forever': 7999, 'playtime_last_two_weeks': 0, 'playtime_at_review': 354, 'last_played': 1737336746}",portuguese,"Uma obra sublime. Merece ser experienciada em modo, como se diz na gíria anglo-saxónica, ""Blind"".",1677358686,1677358686,True,0,0,0.5,0,True,False,False,False
133543698,"{'steamid': '76561198100365507', 'num_games_owned': 79, 'num_reviews': 23, 'playtime_forever': 9995, 'playtime_last_two_weeks': 0, 'playtime_at_review': 9918, 'last_played': 1757892452}",portuguese,"Jogo incrível, viciante, uma experiencia imersiva, fácil e intuitivo, comecei a jogar achando que ia ser um saco, e quando eu percebi já estava no segundo ano do jogo kkkkk.",1677291643,1678023090,True,1,0,0.497925341129302979,0,True,False,False,False
133460148,"{'steamid': '76561198981951593', 'num_games_owned': 124, 'num_reviews': 2, 'playtime_forever': 10824, 'playtime_last_two_weeks': 0, 'playtime_at_review': 895, 'last_played': 1754853348}",portuguese,.,1677205456,1677205456,True,0,0,0.5,0,True,False,False,False
133216363,"{'steamid': '76561198067490212', 'num_games_owned': 230, 'num_reviews': 40, 'playtime_forever': 4129, 'playtime_last_two_weeks': 0, 'playtime_at_review': 3831, 'last_played': 1687732854}",portuguese,Yes,1676868286,1676868286,True,0,0,0.5,0,True,False,False,False
133180603,"{'steamid': '76561198422580943', 'num_games_owned': 0, 'num_reviews': 3, 'playtime_forever': 5560, 'playtime_last_two_weeks': 0, 'playtime_at_review': 1891, 'last_played': 1690558934}",portuguese,muito bom!!,1676822142,1676822142,True,0,0,0.5,0,True,False,False,False
133134581,"{'steamid': '76561199225490560', 'num_games_owned': 0, 'num_reviews': 2, 'playtime_forever': 12338, 'playtime_last_two_weeks': 0, 'playtime_at_review': 7366, 'last_played': 1758749784}",portuguese,"Incrível, perfeito, maravilhoso, sem defeitos.",1676762102,1676762102,True,0,0,0.5,0,True,False,False,False
132872453,"{'steamid': '76561199198313595', 'num_games_owned': 0, 'num_reviews': 2, 'playtime_forever': 5074, 'playtime_last_two_weeks': 0, 'playtime_at_review': 4559, 'last_played': 1721415950}",portuguese,":)
",1676430413,1676430413,True,0,0,0.5,0,True,False,False,False
132860418,"{'steamid': '76561199139019969', 'num_games_owned': 28, 'num_reviews': 4, 'playtime_forever': 6874, 'playtime_last_two_weeks': 0, 'playtime_at_review': 4379, 'last_played': 1748314008}",portuguese,I just like this game.,1676413026,1676413026,True,0,0,0.5,0,True,False,False,False
132805456,"{'steamid': '76561199207957132', 'num_games_owned': 0, 'num_reviews': 2, 'playtime_forever': 6997, 'playtime_last_two_weeks': 0, 'playtime_at_review': 1842, 'last_played': 1689855756}",portuguese,nice,1676336307,1676336307,True,0,0,0.5,0,True,False,False,False
132626855,"{'steamid': '76561199466213006', 'num_games_owned': 0, 'num_reviews': 1, 'playtime_forever': 9675, 'playtime_last_two_weeks': 0, 'playtime_at_review': 2454, 'last_played': 1753047892}",portuguese,É a coisa mais perfeita que eu alguma vez existiu,1676127279,1676127279,True,0,0,0.5,0,True,False,False,False
132570734,"{'steamid': '76561199190870106', 'num_games_owned': 40, 'num_reviews': 9, 'playtime_forever': 3322, 'playtime_last_two_weeks': 0, 'playtime_at_review': 351, 'last_played': 1759168898}",portuguese,fun and good,1676073655,1676073655,True,0,0,0.5,0,True,False,False,False
132446520,"{'steamid': '76561199476495706', 'num_games_owned': 0, 'num_reviews': 9, 'playtime_forever': 5403, 'playtime_last_two_weeks': 0, 'playtime_at_review': 4792, 'last_played': 1738848142}",portuguese,"muito bom, otimo jogo para relaxar,jogar multplayer e melhor ainda",1675901361,1736428731,True,1,0,0.523809552192687988,0,True,False,False,False
132296774,"{'steamid': '76561199438272040', 'num_games_owned': 0, 'num_reviews': 1, 'playtime_forever': 560, 'playtime_last_two_weeks': 0, 'playtime_at_review': 384, 'last_played': 1688684395}",portuguese,"eu muito bom vale a pena 
eu contrai e gostai e tu",1675648220,1675648220,True,0,0,0.5,0,True,False,False,False
132257100,"{'steamid': '76561199401085686', 'num_games_owned': 0, 'num_reviews': 2, 'playtime_forever': 11073, 'playtime_last_two_weeks': 20, 'playtime_at_review': 2725, 'last_played': 1761937334}",portuguese,"minecraft de fazenda 2d
",1675602603,1675602603,True,0,0,0.5,0,True,False,False,False
132227104,"{'steamid': '76561199469271696', 'num_games_owned': 0, 'num_reviews': 1, 'playtime_forever': 19070, 'playtime_last_two_weeks': 0, 'playtime_at_review': 194, 'last_played': 1760404172}",portuguese,"jogo relaxante, muito bom pra passar o tempo",1675559657,1675559657,True,0,0,0.5,0,True,False,False,False
132156096,"{'steamid': '76561198391312797', 'num_games_owned': 0, 'num_reviews': 8, 'playtime_forever': 15308, 'playtime_last_two_weeks': 0, 'playtime_at_review': 8670, 'last_played': 1739118051}",portuguese,144 hours of game on pc and 200+ on mobile is self explanatory,1675470527,1675470527,True,2,0,0.541984736919403076,0,True,False,False,False
131975923,"{'steamid': '76561198193348359', 'num_games_owned': 139, 'num_reviews': 31, 'playtime_forever': 27421, 'playtime_last_two_weeks': 0, 'playtime_at_review': 27032, 'last_played': 1718592731}",portuguese,mt boa essa atualização da ilha adoro pegar na banana,1675216518,1675216518,True,0,0,0.5,0,True,False,False,False
131871408,"{'steamid': '76561199185778509', 'num_games_owned': 0, 'num_reviews': 2, 'playtime_forever': 16366, 'playtime_last_two_weeks': 0, 'playtime_at_review': 3844, 'last_played': 1747506422}",portuguese,e bao vc cuida de uma fazenda,1675087411,1675087411,True,0,0,0.5,0,True,False,False,False
131769097,"{'steamid': '76561198354624794', 'num_games_owned': 0, 'num_reviews': 3, 'playtime_forever': 19349, 'playtime_last_two_weeks': 0, 'playtime_at_review': 9282, 'last_played': 1748371596}",portuguese,"jogo bom
não recomendo jogar com amigos burros, vai começar a crescer cabelo branco dos nervos",1674957827,1674957827,True,0,0,0.5,2,True,False,False,False
131685173,"{'steamid': '76561198982335993', 'num_games_owned': 40, 'num_reviews': 15, 'playtime_forever': 4645, 'playtime_last_two_weeks': 0, 'playtime_at_review': 1063, 'last_played': 1696888564}",portuguese,parece jogo de fazenda,1674861903,1674861903,True,0,0,0.5,0,True,False,False,False
131558735,"{'steamid': '76561198808406589', 'num_games_owned': 60, 'num_reviews': 4, 'playtime_forever': 3958, 'playtime_last_two_weeks': 0, 'playtime_at_review': 3746, 'last_played': 1716330559}",portuguese,Muito bom jogo,1674694583,1674694583,False,1,0,0.5,0,True,False,False,False
131553410,"{'steamid': '76561199235327564', 'num_games_owned': 25, 'num_reviews': 7, 'playtime_forever': 10021, 'playtime_last_two_weeks': 0, 'playtime_at_review': 5163, 'last_played': 1754675608}",portuguese,top,1674686386,1674686386,True,0,0,0.5,0,True,False,False,False
131537136,"{'steamid': '76561199183258079', 'num_games_owned': 0, 'num_reviews': 1, 'playtime_forever': 7841, 'playtime_last_two_weeks': 0, 'playtime_at_review': 248, 'last_played': 1732482434}",portuguese,"joguinho relaxante até ao momento que tens que apanhar um peixe lendário, recomendo.",1674666954,1674666954,True,0,0,0.5,0,True,False,False,False
131480860,"{'steamid': '76561199201849268', 'num_games_owned': 0, 'num_reviews': 5, 'playtime_forever': 7783, 'playtime_last_two_weeks': 0, 'playtime_at_review': 2400, 'last_played': 1760465723}",portuguese,Masterpiece,1674588721,1674588721,True,0,0,0.5,0,True,False,False,False
131429953,"{'steamid': '76561199085651951', 'num_games_owned': 85, 'num_reviews': 24, 'playtime_forever': 1545, 'playtime_last_two_weeks': 0, 'playtime_at_review': 1346, 'last_played': 1703281812}",portuguese,Legal e poggers,1674514720,1674514720,True,0,0,0.5,0,True,False,False,False
131396403,"{'steamid': '76561199114654557', 'num_games_owned': 0, 'num_reviews': 1, 'playtime_forever': 17424, 'playtime_last_two_weeks': 0, 'playtime_at_review': 591, 'last_played': 1757427291}",portuguese,"bom
",1674471811,1674471811,True,0,0,0.5,0,True,False,False,False
131157581,"{'steamid': '76561198952081857', 'num_games_owned': 0, 'num_reviews': 14, 'playtime_forever': 44955, 'playtime_last_two_weeks': 0, 'playtime_at_review': 32085, 'last_played': 1758454836}",portuguese,"P E R F E C T O  👌✨

o joguinho do meu coração",1674149092,1701116755,True,0,0,0.5,0,True,False,False,False
130937759,"{'steamid': '76561198345114979', 'num_games_owned': 0, 'num_reviews': 9, 'playtime_forever': 13916, 'playtime_last_two_weeks': 0, 'playtime_at_review': 951, 'last_played': 1741221533}",portuguese,Muito massa,1673824797,1673824797,True,0,0,0.5,0,True,False,False,False
130925285,"{'steamid': '76561198822430357', 'num_games_owned': 0, 'num_reviews': 2, 'playtime_forever': 4042, 'playtime_last_two_weeks': 0, 'playtime_at_review': 3902, 'last_played': 1704417087}",portuguese,L,1673810327,1673810327,True,0,0,0.5,0,True,False,False,False
130820298,"{'steamid': '76561198987636192', 'num_games_owned': 13, 'num_reviews': 2, 'playtime_forever': 34518, 'playtime_last_two_weeks': 167, 'playtime_at_review': 319, 'last_played': 1762206479}",portuguese,its really cool if you like soft games  😈💪,1673693638,1673693638,True,0,0,0.5,0,True,False,False,False
130789965,"{'steamid': '76561199180548816', 'num_games_owned': 82, 'num_reviews': 6, 'playtime_forever': 6698, 'playtime_last_two_weeks': 0, 'playtime_at_review': 2547, 'last_played': 1754252943}",portuguese,sim,1673650401,1673650401,True,0,0,0.5,0,True,False,False,False
130782097,"{'steamid': '76561199235744064', 'num_games_owned': 0, 'num_reviews': 6, 'playtime_forever': 8099, 'playtime_last_two_weeks': 0, 'playtime_at_review': 385, 'last_played': 1743452792}",portuguese,Muito fixe,1673641025,1673641025,True,0,0,0.5,0,True,False,False,False
130744939,"{'steamid': '76561199115017786', 'num_games_owned': 0, 'num_reviews': 2, 'playtime_forever': 4948, 'playtime_last_two_weeks': 0, 'playtime_at_review': 1826, 'last_played': 1737159830}",portuguese,"fazenda
",1673592682,1673592682,True,0,0,0.5,0,True,False,False,False
130530809,"{'steamid': '76561199111631232', 'num_games_owned': 0, 'num_reviews': 12, 'playtime_forever': 16776, 'playtime_last_two_weeks': 0, 'playtime_at_review': 16027, 'last_played': 1748715479}",portuguese,"Um simulador de trabalho mas mt pior. Toda a gente depende de ti e cada dia é uma speedrun para fazer tudo possivel e aproveitar cada segundo, para no final nem ter feito tudo oq queria fazer e para melhorar tem aquela caverna de merda q se mores reseta o nivel e o crlh olha eu nao entendo por que caralhos este jogo é dito como ""relaxante"" 
Recomendo Muito
(Por alguma razao o meu jogo esta bugado e nao da para casar com a Robin e ainda por cima aparece q ela esta casada com aquele tal de Demetrius, espero q resolvam logo)",1673303375,1741374724,True,0,0,0.5,0,True,False,False,False
130500814,"{'steamid': '76561199115006354', 'num_games_owned': 28, 'num_reviews': 6, 'playtime_forever': 1904, 'playtime_last_two_weeks': 0, 'playtime_at_review': 245, 'last_played': 1752604370}",portuguese,amo muito,1673269370,1673269370,True,0,0,0.5,0,True,False,False,False
130498605,"{'steamid': '76561199196367035', 'num_games_owned': 19, 'num_reviews': 2, 'playtime_forever': 9566, 'playtime_last_two_weeks': 0, 'playtime_at_review': 5189, 'last_played': 1752577064}",portuguese,lindo,1673266544,1673266544,True,0,0,0.5,0,True,False,False,False
130420061,"{'steamid': '76561198935934273', 'num_games_owned': 0, 'num_reviews': 2, 'playtime_forever': 5296, 'playtime_last_two_weeks': 0, 'playtime_at_review': 1872, 'last_played': 1738697072}",portuguese,gostei,1673173689,1673173689,True,0,0,0.5,0,True,False,False,False
130390113,"{'steamid': '76561199121765223', 'num_games_owned': 42, 'num_reviews': 7, 'playtime_forever': 4810, 'playtime_last_two_weeks': 0, 'playtime_at_review': 2396, 'last_played': 1756690334}",portuguese,Jogo mais viciante de sempre,1673136400,1673136400,True,0,0,0.5,0,True,False,False,False
130263544,"{'steamid': '76561199225055367', 'num_games_owned': 0, 'num_reviews': 1, 'playtime_forever': 2208, 'playtime_last_two_weeks': 0, 'playtime_at_review': 814, 'last_played': 1716688411}",portuguese,"otimo jogo, perfeito para jogar com mais players ou até sozinho",1673006381,1673006381,True,0,0,0.5,0,True,False,False,False
130225631,"{'steamid': '76561198147821625', 'num_games_owned': 0, 'num_reviews': 4, 'playtime_forever': 4819, 'playtime_last_two_weeks': 0, 'playtime_at_review': 2433, 'last_played': 1743469032}",portuguese,.,1672958417,1672958417,True,0,0,0.5,0,True,False,False,False
130141191,"{'steamid': '76561198138003532', 'num_games_owned': 41, 'num_reviews': 1, 'playtime_forever': 3395, 'playtime_last_two_weeks': 0, 'playtime_at_review': 211, 'last_played': 1692316366}",portuguese,Everything :D.,1672869714,1672869714,True,1,0,0.523809552192687988,0,True,False,False,False
129967630,"{'steamid': '76561198303361564', 'num_games_owned': 70, 'num_reviews': 2, 'playtime_forever': 3510, 'playtime_last_two_weeks': 0, 'playtime_at_review': 678, 'last_played': 1735521275}",portuguese,bacano,1672688523,1672688523,True,0,0,0.5,0,True,False,False,False
129799641,"{'steamid': '76561198848561076', 'num_games_owned': 39, 'num_reviews': 11, 'playtime_forever': 27609, 'playtime_last_two_weeks': 0, 'playtime_at_review': 2266, 'last_played': 1760883270}",portuguese,muito bom,1672514419,1672514419,True,0,0,0.5,0,True,False,False,False
129738377,"{'steamid': '76561198972072176', 'num_games_owned': 77, 'num_reviews': 1, 'playtime_forever': 8421, 'playtime_last_two_weeks': 0, 'playtime_at_review': 6364, 'last_played': 1760122421}",portuguese,"Lindo, só acho que a cerveja está muito cara",1672450970,1672450995,True,0,0,0.5,0,True,False,False,False
129711376,"{'steamid': '76561198961537843', 'num_games_owned': 48, 'num_reviews': 5, 'playtime_forever': 8250, 'playtime_last_two_weeks': 0, 'playtime_at_review': 1416, 'last_played': 1750357241}",portuguese,muito bom bem legal viciante otimo adoro,1672425083,1672425083,True,1,0,0.523809552192687988,0,True,False,False,False
129651197,"{'steamid': '76561198140441704', 'num_games_owned': 248, 'num_reviews': 55, 'playtime_forever': 65088, 'playtime_last_two_weeks': 0, 'playtime_at_review': 13800, 'last_played': 1742084682}",portuguese,"[b]This Is One Of My Favorite Games To Plays With Friends[b]
[u]This Is A Concise / Constructive Review Of Stardew Valley[u]

❤ Audience ❤
☑ Beginner
☐ Casual Gamer
☐ Normal Gamer
☐ Expert

☼ Graphics ☼
☐ Bad
☐ Alright
☑ Good
☐ Beautiful
☐ Fantastic

♬ Music ♬
☐ Bad
☑ Alright
☐ Good
☐ Beautiful

☠ Difficulty ☠
☐ Easy
☐ Average
☑ Easy to learn / Hard to master
☐ Hard
☐ IMPOSSIBLE

§ Bugs §
☐ Bugs destroy the game
☐ Lots of bugs
☐ Few Bugs
☑ You can use them for more Items xD
☐ Nothing encountered

☯ Story ☯
☐ There is none
☐ Bad
☐ Alright
☐ Good
☑  Fantastic

⚔ Gameplay ⚔
☐ Frustrating
☐ Sleepy
☐ Boring
☑ Fun
☐ Challenging

۞ Game time / Length ۞
☐ Short (0 - 20 min)
☐ Average (20 - 40 min)
☐ Long (around 1 hour)
☑ Hell (24/7)

$ Price / Quality $
☐ Free
☐ Wait for Sale
☐ Don't buy
☐ Refund it if you can
☑ Worth it",1672363722,1672363722,True,5,0,0.585930526256561279,0,True,False,False,False
129639207,"{'steamid': '76561198882192759', 'num_games_owned': 34, 'num_reviews': 1, 'playtime_forever': 8878, 'playtime_last_two_weeks': 0, 'playtime_at_review': 260, 'last_played': 1738711783}",portuguese,...,1672351681,1672351681,True,0,0,0.5,0,True,False,False,False
129633704,"{'steamid': '76561199447113910', 'num_games_owned': 0, 'num_reviews': 2, 'playtime_forever': 11380, 'playtime_last_two_weeks': 0, 'playtime_at_review': 521, 'last_played': 1708816962}",portuguese,"Jogo muito relaxante, gostei muito do visual, principalmente na primeira vez jogando, mas a energia podia durar mais",1672346801,1672346801,True,0,0,0.5,0,True,False,False,False
129631158,"{'steamid': '76561198842189405', 'num_games_owned': 0, 'num_reviews': 4, 'playtime_forever': 2339, 'playtime_last_two_weeks': 0, 'playtime_at_review': 1791, 'last_played': 1742605969}",portuguese,"melhor jogo, gostei do plot twist no final onde é revelado que a abigail é o nosso pai e a nossa farm não passou de uma simulação, também gostei do plot envolvendo o mr. cobertor e a maquina do tempo, um jogo ótimo e recomendo para quem gosta de jogos de fps, hentai ou mineirinho 10/10",1672344538,1672344538,True,1,0,0.47826087474822998,0,True,False,False,False
129540126,"{'steamid': '76561199059188014', 'num_games_owned': 104, 'num_reviews': 14, 'playtime_forever': 27000, 'playtime_last_two_weeks': 0, 'playtime_at_review': 20803, 'last_played': 1760560512}",portuguese,my fav game ever!,1672254534,1745254769,True,1,1,0.5,0,True,False,False,False
129482585,"{'steamid': '76561199121155863', 'num_games_owned': 0, 'num_reviews': 4, 'playtime_forever': 8326, 'playtime_last_two_weeks': 0, 'playtime_at_review': 4433, 'last_played': 1750433805}",portuguese,"é bom
",1672196520,1672196520,True,0,0,0.5,0,True,False,False,False
129478834,"{'steamid': '76561198453697733', 'num_games_owned': 72, 'num_reviews': 9, 'playtime_forever': 4124, 'playtime_last_two_weeks': 0, 'playtime_at_review': 2677, 'last_played': 1688431300}",portuguese,"Quando tiver a opção de casar com a Robin eu mudo a minha avaliação. Fora isso é um jogo incrível, recomendo dms",1672192746,1672192746,False,4,1,0.534883737564086914,0,True,False,False,False
129468291,"{'steamid': '76561198978185532', 'num_games_owned': 10, 'num_reviews': 2, 'playtime_forever': 18370, 'playtime_last_two_weeks': 0, 'playtime_at_review': 12438, 'last_played': 1696791308}",portuguese,.,1672182321,1672182321,True,0,0,0.5,0,True,False,False,False
129185787,"{'steamid': '76561198437780647', 'num_games_owned': 41, 'num_reviews': 14, 'playtime_forever': 4360, 'playtime_last_two_weeks': 0, 'playtime_at_review': 932, 'last_played': 1755347439}",portuguese,WWWWWWWWWWWWWWWWWWWWWWWWWWWWWWWW,1671900638,1671900638,True,0,0,0.5,0,True,False,False,False
129183855,"{'steamid': '76561199202376067', 'num_games_owned': 0, 'num_reviews': 1, 'playtime_forever': 2379, 'playtime_last_two_weeks': 0, 'playtime_at_review': 260, 'last_played': 1733582536}",portuguese,Muito bom,1671898751,1671898751,True,0,0,0.5,0,True,False,False,False
129165020,"{'steamid': '76561198974358970', 'num_games_owned': 279, 'num_reviews': 6, 'playtime_forever': 5574, 'playtime_last_two_weeks': 0, 'playtime_at_review': 4850, 'last_played': 1733940021}",portuguese,Belo!,1671880933,1671880933,True,0,0,0.5,0,True,False,False,False
129107524,"{'steamid': '76561198394471749', 'num_games_owned': 0, 'num_reviews': 5, 'playtime_forever': 28185, 'playtime_last_two_weeks': 0, 'playtime_at_review': 2275, 'last_played': 1735421646}",portuguese,Muito simples com uma história linda e inclusiva para a comunidade LGTV+,1671814583,1671814583,True,0,0,0.5,0,True,False,False,False
129018366,"{'steamid': '76561199367578080', 'num_games_owned': 0, 'num_reviews': 11, 'playtime_forever': 2059, 'playtime_last_two_weeks': 0, 'playtime_at_review': 1015, 'last_played': 1708872079}",portuguese,este jogo é incrivel um dos melhores jogos que já joguei,1671707461,1671707461,True,0,0,0.5,0,True,False,False,False
128999545,"{'steamid': '76561199192123372', 'num_games_owned': 51, 'num_reviews': 3, 'playtime_forever': 399, 'playtime_last_two_weeks': 0, 'playtime_at_review': 216, 'last_played': 1686008034}",portuguese,"Comecei jogando pirata, mas o jogo é incrível e acabei comprando. Recomendo
",1671675857,1671675857,True,0,0,0.5,0,True,False,False,False
128964656,"{'steamid': '76561199145170331', 'num_games_owned': 2, 'num_reviews': 1, 'playtime_forever': 7679, 'playtime_last_two_weeks': 0, 'playtime_at_review': 135, 'last_played': 1718285999}",portuguese,This game is incredible,1671627287,1671627287,True,0,0,0.5,0,True,False,False,False
128765787,"{'steamid': '76561198807330898', 'num_games_owned': 146, 'num_reviews': 1, 'playtime_forever': 12125, 'playtime_last_two_weeks': 0, 'playtime_at_review': 10802, 'last_played': 1738368824}",portuguese,da pra passar o tempo,1671330196,1671330196,True,0,0,0.5,0,True,False,False,False
128742044,"{'steamid': '76561198848444844', 'num_games_owned': 0, 'num_reviews': 6, 'playtime_forever': 6634, 'playtime_last_two_weeks': 0, 'playtime_at_review': 3069, 'last_played': 1757973952}",portuguese,"Stardew Valley, que jogo meus amigos, ele aparenta ser simples, mas a simplicidade desse jogo é incrível. Se eu pudesse resumir esse Indie em uma única palavra, seria ""Paz"". Em meus dias de estresse ou em qualquer momento ruim ele é minha terapia, independente do preço pode comprar vale cada centavo.",1671300745,1671300745,True,6,0,0.597315430641174316,0,True,False,False,False
128691889,"{'steamid': '76561198919950705', 'num_games_owned': 0, 'num_reviews': 3, 'playtime_forever': 6523, 'playtime_last_two_weeks': 0, 'playtime_at_review': 808, 'last_played': 1753032087}",portuguese,realy good and adictive game :),1671234484,1671234484,True,0,0,0.5,0,True,False,False,False
128309854,"{'steamid': '76561198040457515', 'num_games_owned': 0, 'num_reviews': 7, 'playtime_forever': 959, 'playtime_last_two_weeks': 0, 'playtime_at_review': 674, 'last_played': 1697380914}",portuguese,,1670697313,1670697313,True,0,0,0.5,0,True,False,False,False
128254669,"{'steamid': '76561199189219832', 'num_games_owned': 0, 'num_reviews': 1, 'playtime_forever': 23703, 'playtime_last_two_weeks': 0, 'playtime_at_review': 21169, 'last_played': 1760375692}",portuguese,mt bunitu mt bunitu(adoro gozar e chupar sanitas<3),1670628553,1733767596,True,2,0,0.545454561710357666,0,True,False,False,False
128143910,"{'steamid': '76561198984959683', 'num_games_owned': 0, 'num_reviews': 1, 'playtime_forever': 5276, 'playtime_last_two_weeks': 0, 'playtime_at_review': 1339, 'last_played': 1671067709}",portuguese,"jogo fantastico, uma experiencia de vida!",1670479161,1670479161,True,0,0,0.5,0,True,False,False,False
127561305,"{'steamid': '76561198080265231', 'num_games_owned': 186, 'num_reviews': 10, 'playtime_forever': 6766, 'playtime_last_two_weeks': 0, 'playtime_at_review': 3042, 'last_played': 1725300515}",portuguese,"One of the most relaxing games i´ve ever played, and definitely one of the best games of its genre on steam. Worth every penny!",1669737123,1669737123,True,1,0,0.523809552192687988,0,True,False,False,False
127312674,"{'steamid': '76561198254873573', 'num_games_owned': 50, 'num_reviews': 2, 'playtime_forever': 8103, 'playtime_last_two_weeks': 0, 'playtime_at_review': 7438, 'last_played': 1714328088}",portuguese,ya,1669593642,1669593642,True,0,0,0.5,0,True,False,False,False
127308934,"{'steamid': '76561198275652889', 'num_games_owned': 0, 'num_reviews': 4, 'playtime_forever': 1951, 'playtime_last_two_weeks': 0, 'playtime_at_review': 1948, 'last_played': 1732717757}",portuguese,Fixe :D,1669591706,1669591706,True,0,0,0.5,0,True,False,False,False
